-- OpenVINO version is 2026.3.0 (Build 22454)
-- Found clang-format: CLANG_FORMAT-NOTFOUND
CMake Warning at cmake/developer_package/clang_format/clang_format.cmake:23 (message):
  Supported clang-format-18 is not found!
Call Stack (most recent call first):
  cmake/developer_package/OpenVINODeveloperScriptsConfig.cmake:315 (include)
  CMakeLists.txt:39 (find_package)


CMake Warning at cmake/developer_package/ncc_naming_style/ncc_naming_style.cmake:91 (message):
  clang-15 libclang-15-dev are not found (required for ncc naming style
  check)
Call Stack (most recent call first):
  cmake/developer_package/OpenVINODeveloperScriptsConfig.cmake:317 (include)
  CMakeLists.txt:39 (find_package)


-- OpenVINO Runtime enabled features: 
-- 
--     CI_BUILD_NUMBER: 2026.3.0-22454-09c4cc4117e-qwen-ttft-optimizations
--     ENABLE_LTO = OFF
--     OS_FOLDER = OFF
--     USE_BUILD_TYPE_SUBFOLDER = ON
--     CMAKE_COMPILE_WARNING_AS_ERROR = OFF
--     ENABLE_QSPECTRE = OFF
--     ENABLE_INTEGRITYCHECK = OFF
--     ENABLE_SANITIZER = OFF
--     ENABLE_UB_SANITIZER = OFF
--     ENABLE_THREAD_SANITIZER = OFF
--     ENABLE_COVERAGE = OFF
--     ENABLE_API_VALIDATOR = OFF
--     ENABLE_PDB_IN_RELEASE = OFF
--     ENABLE_SSE42 = ON
--     ENABLE_AVX2 = ON
--     ENABLE_AVX512F = ON
--     ENABLE_NEON_FP16 = OFF
--     ENABLE_SVE = OFF
--     BUILD_SHARED_LIBS = ON
--     ENABLE_LIBRARY_VERSIONING = ON
--     ENABLE_FASTER_BUILD = OFF
--     ENABLE_CLANG_FORMAT = OFF
--     ENABLE_CLANG_TIDY = OFF
--     ENABLE_CLANG_TIDY_FIX = OFF
--     ENABLE_NCC_STYLE = OFF
--     ENABLE_UNSAFE_LOCATIONS = OFF
--     ENABLE_FUZZING = OFF
--     ENABLE_PROXY = ON
--     ENABLE_INTEL_CPU = ON
--     ENABLE_ARM_COMPUTE_CMAKE = OFF
--     ENABLE_TESTS = OFF
--     ENABLE_TESTS_PER_SOURCE = OFF
--     ENABLE_INTEL_GPU = ON
--     GPU_RT_TYPE = OCL
--     ENABLE_ONEDNN_FOR_GPU = ON
--     ENABLE_CM_FOR_GPU = ON
--     ENABLE_INTEL_NPU = ON
--     ENABLE_INTEL_NPU_INTERNAL = ON
--     ENABLE_DEBUG_CAPS = OFF
--     ENABLE_NPU_DEBUG_CAPS = OFF
--     ENABLE_GPU_DEBUG_CAPS = OFF
--     ENABLE_CPU_DEBUG_CAPS = OFF
--     ENABLE_SNIPPETS_DEBUG_CAPS = OFF
--     ENABLE_SNIPPETS_LIBXSMM_TPP = OFF
--     ENABLE_PROFILING_ITT = BASE
--     ENABLE_PROFILING_FILTER = ALL
--     ENABLE_PROFILING_FIRST_INFERENCE = ON
--     SELECTIVE_BUILD = OFF
--     ENABLE_DOCS = OFF
--     ENABLE_PKGCONFIG_GEN = ON
--     THREADING = TBB_ADAPTIVE
--     ENABLE_INTEL_OPENMP = OFF
--     ENABLE_TBBBIND_2_5 = ON
--     ENABLE_MULTI = ON
--     ENABLE_AUTO = ON
--     ENABLE_AUTO_BATCH = ON
--     ENABLE_HETERO = ON
--     ENABLE_TEMPLATE = ON
--     ENABLE_PLUGINS_XML = OFF
--     ENABLE_FUNCTIONAL_TESTS = OFF
--     ENABLE_SAMPLES = ON
--     ENABLE_GIL_PYTHON_API = ON
--     ENABLE_OV_ONNX_FRONTEND = ON
--     ENABLE_OV_PADDLE_FRONTEND = ON
--     ENABLE_OV_IR_FRONTEND = ON
--     ENABLE_OV_PYTORCH_FRONTEND = ON
--     ENABLE_OV_JAX_FRONTEND = ON
--     ENABLE_OV_TF_FRONTEND = ON
--     ENABLE_OV_TF_LITE_FRONTEND = ON
--     ENABLE_SNAPPY_COMPRESSION = ON
--     ENABLE_STRICT_DEPENDENCIES = OFF
--     ENABLE_SYSTEM_TBB = OFF
--     ENABLE_SYSTEM_PUGIXML = OFF
--     ENABLE_SYSTEM_FLATBUFFERS = ON
--     ENABLE_SYSTEM_OPENCL = ON
--     ENABLE_SYSTEM_PROTOBUF = OFF
--     ENABLE_SYSTEM_SNAPPY = OFF
--     ENABLE_SYSTEM_LEVEL_ZERO = OFF
--     ENABLE_JS = ON
--     ENABLE_OPENVINO_DEBUG = OFF
-- 
-- CMAKE_VERSION ......................... 3.28.3
-- CMAKE_CROSSCOMPILING .................. FALSE
-- OpenVINO_SOURCE_DIR ................... /home/chaofan/model_benchmark/benchmark/openvino
-- OpenVINO_BINARY_DIR ................... /home/chaofan/model_benchmark/benchmark/openvino/build
-- CMAKE_GENERATOR ....................... Unix Makefiles
-- CPACK_GENERATOR ....................... TGZ
-- CMAKE_C_COMPILER_ID ................... GNU
-- CMAKE_CXX_COMPILER_ID ................. GNU
-- CMAKE_CXX_STANDARD .................... 17
-- CMAKE_BUILD_TYPE ...................... Release
-- LIBC_VERSION .......................... 2.39
-- STDLIB ................................ GNU
-- Building loader as dynamic library
-- Saved Product GUID: 1.29.0
-- project version: 1.29.0
-- Using Product GUID: 22be7d28-d853-4d43-95c8-074d8b96fc0e for version 1.29.0
-- Protocol Buffers Configuring...
-- 
-- 3.21.12.0
-- Configuration script parsing status [
--   Description : Protocol Buffers
--   Version     : 3.21.12.0 (3.21.12)
--   Contact     : protobuf@googlegroups.com
-- ]
-- Protocol Buffers Configuring done
-- ONNX_PROTOC_EXECUTABLE: $<TARGET_FILE:protobuf::protoc>
-- Protobuf_VERSION: 
Generated: /home/chaofan/model_benchmark/benchmark/openvino/build/thirdparty/onnx/onnx/onnx/onnx_openvino_onnx-ml.proto
Generated: /home/chaofan/model_benchmark/benchmark/openvino/build/thirdparty/onnx/onnx/onnx/onnx-operators_openvino_onnx-ml.proto
Generated: /home/chaofan/model_benchmark/benchmark/openvino/build/thirdparty/onnx/onnx/onnx/onnx-data_openvino_onnx.proto
-- 
-- ******** Summary ********
--   CMake version                     : 3.28.3
--   CMake command                     : /usr/bin/cmake
--   System                            : Linux
--   C++ compiler                      : /usr/bin/c++
--   C++ compiler version              : 13.3.0
--   CXX flags                         : -Wsuggest-override  -fsigned-char -ffunction-sections -fdata-sections -fdiagnostics-show-option -Wall -Wignored-qualifiers -Wundef -Wno-suggest-override -Wnon-virtual-dtor
--   Build type                        : Release
--   Compile definitions               : OV_BUILD_POSTFIX="";OV_NATIVE_PARENT_PROJECT_ROOT_DIR="openvino"
--   CMAKE_PREFIX_PATH                 : 
--   CMAKE_INSTALL_PREFIX              : /home/chaofan/model_benchmark/benchmark/openvino/install
--   CMAKE_MODULE_PATH                 : 
-- 
--   ONNX version                      : 1.18.0
--   ONNX NAMESPACE                    : openvino_onnx
--   ONNX_USE_LITE_PROTO               : ON
--   USE_PROTOBUF_SHARED_LIBS          : OFF
--   ONNX_DISABLE_EXCEPTIONS           : OFF
--   ONNX_DISABLE_STATIC_REGISTRATION  : OFF
--   ONNX_WERROR                       : OFF
--   ONNX_BUILD_TESTS                  : OFF
--   BUILD_SHARED_LIBS                 : OFF
-- 
--   Protobuf compiler                 : $<TARGET_FILE:protobuf::protoc>
--   Protobuf includes                 : 
--   Protobuf libraries                : 
--   ONNX_BUILD_PYTHON                 : OFF
-- TBB (2021.13.1) is found at /home/chaofan/model_benchmark/benchmark/openvino/temp/Linux_x86_64/tbb/lib/cmake/TBB
-- Static tbbbind_2_5 package usage is disabled, since oneTBB (ver. 2021.13.1) provides dynamic TBBBind 2.5+
-- DNNL_TARGET_ARCH: X64
-- DNNL_LIBRARY_NAME: openvino_onednn_cpu
-- Threadpool testing: standalone
-- Enabled testing coverage: CI
-- Enabled workload: INFERENCE
-- Enabled primitives: CONVOLUTION;DECONVOLUTION;CONCAT;LRN;INNER_PRODUCT;MATMUL;POOLING;REDUCTION;REORDER;RNN;SOFTMAX
-- Enabled primitive CPU ISA: ALL
-- Enabled primitive GPU ISA: ALL
-- Enabled GeMM kernels ISA: SSE41
-- Primitive cache is enabled
-- RapidJSON found. Headers: /usr/include
-- Resolving prebuilt NPU Plugin Compiler dependencies...
-- The prebuilt compiler version is 8.2.0.9802763
-- Using prebuilt NPU Plugin Compiler libraries from /home/chaofan/model_benchmark/benchmark/openvino/temp/Linux_x86_64/npu_compiler_8_2_0_9802763
-- build_manifest.json for npu plugin compiler:

    openvino_version: 2026.3.0.1,
    openvino_sha: 4089686065a,
    npu_compiler_version: 2026.3.0.2026.3.0-1-4089686065a-980276366f8,
    npu_compiler_sha: 980276366f8,
    llvm_version: 21.1.8.0f0abce229b,
    tbb_version: 2021.13.1


-- Copying prebuilt Plugin compiler library /home/chaofan/model_benchmark/benchmark/openvino/temp/Linux_x86_64/npu_compiler_8_2_0_9802763/lib/libopenvino_intel_npu_compiler.so to /home/chaofan/model_benchmark/benchmark/openvino/bin/intel64/Release
-- Copying prebuilt Plugin compiler loader library /home/chaofan/model_benchmark/benchmark/openvino/temp/Linux_x86_64/npu_compiler_8_2_0_9802763/lib/libopenvino_intel_npu_compiler_loader.so to /home/chaofan/model_benchmark/benchmark/openvino/bin/intel64/Release
-- Copying prebuilt Plugin compiler VM runtime library /home/chaofan/model_benchmark/benchmark/openvino/temp/Linux_x86_64/npu_compiler_8_2_0_9802763/lib/libnpu_interpreter_runtime.so to /home/chaofan/model_benchmark/benchmark/openvino/bin/intel64/Release/libopenvino_intel_npu_vm_runtime.so
-- NPU single-image-test tool is disabled due to missing dependencies: opencv_core;opencv_imgproc;opencv_imgcodecs
-- Python3 executable: /usr/bin/python3
-- Python3 version: 3.12.3
-- Python3 interpreter ID: Python
-- Python3 SOABI: cpython-312-x86_64-linux-gnu
-- Python3 include dirs: /usr/include/python3.12
-- Python3 libraries: 
CMake Warning at cmake/developer_package/python_requirements.cmake:118 (message):
  Python requirement file
  /home/chaofan/model_benchmark/benchmark/openvino/src/bindings/python/wheel/requirements-dev.txt
  is not installed,
Call Stack (most recent call first):
  src/bindings/python/CMakeLists.txt:148 (ov_check_pip_packages)


CMake Warning at samples/cpp/common/format_reader/CMakeLists.txt:22 (message):
  OpenCV ver.  3.0+ is not found, format_reader will be built without OpenCV
  support


CMake Warning at samples/cpp/benchmark_app/CMakeLists.txt:112 (message):
  OpenCV ver.  3.0+ is not found, benchmark_app will be built without OpenCV
  support.  Set OpenCV_DIR


CMake Warning at samples/c/common/opencv_c_wrapper/CMakeLists.txt:20 (message):
  OpenCV ver.  3.0+ is not found, opencv_c_wrapper is built without OPENCV
  support


-- Register template to be built in build-modules/template
-- Register template_extension to be built in build-modules/template_extension
-- /usr/bin/pkg-config: libva (1.23.0) is found at /usr
-- Configuring done (4.6s)
-- Generating done (0.9s)
-- Build files have been written to: /home/chaofan/model_benchmark/benchmark/openvino/build
=== pristine ===
[  0%] Built target _ov_plugins_hpp
[  0%] Built target openvino_shutdown
[  0%] Built target ittnotify
[  0%] Built target onednn_gpu_build
[  0%] Updating file if the file changed (/home/chaofan/model_benchmark/benchmark/openvino/build/src/plugins/intel_gpu/src/graph/impls/cm/codegen/include/gpu_cm_kernel_sources.inc) ...
[  0%] Generating /home/chaofan/model_benchmark/benchmark/openvino/build/src/plugins/intel_gpu/src/graph/impls/ocl_v2/codegen/cache/gpu_ocl_kernel_sources.inc ...
[  0%] Built target openvino_shape_inference
[  0%] Built target pugixml-static
[  0%] Built target run_cm_codegen
[  0%] Built target openvino_intel_gpu_common_obj
.
----------------------------------------------------------------------
Ran 1 test in 0.011s

OK
processing test_kernel.cl
[  0%] Built target openvino_util
[  0%] Built target run_codegen_test
[  0%] Built target openvino_intel_gpu_onednn_obj
[  0%] Built target openvino_intel_gpu_cm_obj
[  2%] Built target openvino_intel_gpu_cpu_obj
[  2%] Built target openvino_itt
[  2%] Built target openvino_proxy_plugin_obj
[  2%] Built target openvino_frontend_common_obj
[  5%] Built target openvino_runtime_obj
[  8%] Built target openvino_reference
[  8%] Built target openvino_core_obj_version
[ 13%] Built target openvino_intel_gpu_ocl_obj
[ 19%] Built target openvino_lp_transformations_obj
processing col2im.cl
processing ctc_loss.cl
processing expert_gemm_common.cl
processing expert_gemm_compute.cl
processing gated_delta_net_ref.cl
processing gather_matmul.cl
processing gather_matmul_batched.cl
processing gathermatmul_gather.cl
processing gathermatmul_scatter.cl
processing gathermatmul_sort.cl
processing group_normalization_bfyx_opt.cl
processing group_normalization_fsv16.cl
processing group_normalization_ref.cl
processing lora_horizontal_fused.cl
processing lora_opt.cl
processing lora_ref.cl
processing moe_3gemm_swiglu_fuse.cl
processing moe_3gemm_swiglu_mlp.cl
processing moe_gather_ref.cl
processing moe_gemm.cl
processing moe_mask_gen.cl
processing moe_router_fused.cl
processing moe_scatter_reduction_opt.cl
processing moe_scatter_reduction_ref.cl
processing pa_adaptive_rkv_diversity_ref.cl
processing pa_kv_cache_reorder_ref.cl
processing pa_kv_cache_rotate_ref.cl
processing pa_kv_cache_update_ref.cl
processing paged_attention_opt.cl
processing paged_causal_conv1d_ref.cl
processing paged_gated_delta_net_opt.cl
processing paged_gated_delta_net_ref.cl
processing rope_opt.cl
processing scatter_nd_update_copy.cl
processing scatter_nd_update_opt.cl
processing scatter_nd_update_ref.cl
processing sdpa_micro.cl
processing sdpa_opt.cl
processing sdpa_ref.cl
processing segment_max_opt.cl
processing segment_max_ref.cl
processing slice_scatter_opt.cl
processing slice_scatter_ref.cl
[ 19%] Updating file if the file changed (/home/chaofan/model_benchmark/benchmark/openvino/build/src/plugins/intel_gpu/src/graph/impls/ocl_v2/codegen/include/gpu_ocl_kernel_sources.inc) ...
[ 19%] Built target run_ocl_codegen
[ 19%] Building CXX object src/plugins/intel_gpu/src/graph/impls/ocl_v2/CMakeFiles/openvino_intel_gpu_ocl_v2_obj.dir/paged_causal_conv1d_ref.cpp.o
[ 19%] Building CXX object src/plugins/intel_gpu/src/graph/impls/ocl_v2/CMakeFiles/openvino_intel_gpu_ocl_v2_obj.dir/utils/kernels_db.cpp.o
[ 36%] Built target openvino_transformations_obj
[ 55%] Built target openvino_core_obj
[ 55%] Built target openvino
[ 55%] Generating /home/chaofan/model_benchmark/benchmark/openvino/build/src/plugins/intel_gpu/src/kernel_selector/codegen/cache/ks_primitive_db.inc ...
[ 55%] Built target openvino_intel_gpu_runtime
processing /home/chaofan/model_benchmark/benchmark/openvino/src/plugins/intel_gpu/src/kernel_selector/cl_kernels/broadcast_gpu_ref.cl
processing /home/chaofan/model_benchmark/benchmark/openvino/src/plugins/intel_gpu/src/kernel_selector/cl_kernels/gather_ref.cl
processing /home/chaofan/model_benchmark/benchmark/openvino/src/plugins/intel_gpu/src/kernel_selector/cl_kernels/reduce_simple_to_scalar.cl
processing /home/chaofan/model_benchmark/benchmark/openvino/src/plugins/intel_gpu/src/kernel_selector/cl_kernels/convolution_gpu_imad.cl
processing /home/chaofan/model_benchmark/benchmark/openvino/src/plugins/intel_gpu/src/kernel_selector/cl_kernels/pooling_gpu_byxf_padding_opt.cl
processing /home/chaofan/model_benchmark/benchmark/openvino/src/plugins/intel_gpu/src/kernel_selector/cl_kernels/fully_connected_gpu_fb_io_ref.cl
processing /home/chaofan/model_benchmark/benchmark/openvino/src/plugins/intel_gpu/src/kernel_selector/cl_kernels/pooling_gpu_int8_ref.cl
processing /home/chaofan/model_benchmark/benchmark/openvino/src/plugins/intel_gpu/src/kernel_selector/cl_kernels/convolution_gpu_bfyx_1x1.cl
processing /home/chaofan/model_benchmark/benchmark/openvino/src/plugins/intel_gpu/src/kernel_selector/cl_kernels/one_hot_ref.cl
processing /home/chaofan/model_benchmark/benchmark/openvino/src/plugins/intel_gpu/src/kernel_selector/cl_kernels/eltwise_simple_vload8.cl
processing /home/chaofan/model_benchmark/benchmark/openvino/src/plugins/intel_gpu/src/kernel_selector/cl_kernels/convolution_gpu_bfyx_depthwise_weights_lwg.cl
processing /home/chaofan/model_benchmark/benchmark/openvino/src/plugins/intel_gpu/src/kernel_selector/cl_kernels/convolution_gpu_fs_byx_fsv32_depthwise.cl
processing /home/chaofan/model_benchmark/benchmark/openvino/src/plugins/intel_gpu/src/kernel_selector/cl_kernels/batch_to_space_ref.cl
processing /home/chaofan/model_benchmark/benchmark/openvino/src/plugins/intel_gpu/src/kernel_selector/cl_kernels/fully_connected_gpu_bf_tiled.cl
processing /home/chaofan/model_benchmark/benchmark/openvino/src/plugins/intel_gpu/src/kernel_selector/cl_kernels/softmax_gpu_fb.cl
processing /home/chaofan/model_benchmark/benchmark/openvino/src/plugins/intel_gpu/src/kernel_selector/cl_kernels/eye_ref.cl
processing /home/chaofan/model_benchmark/benchmark/openvino/src/plugins/intel_gpu/src/kernel_selector/cl_kernels/convolution_gpu_yxfb_yxio_b1_block_multiple_x_fp32.cl
processing /home/chaofan/model_benchmark/benchmark/openvino/src/plugins/intel_gpu/src/kernel_selector/cl_kernels/reorder_data_to_yxfb_batched.cl
processing /home/chaofan/model_benchmark/benchmark/openvino/src/plugins/intel_gpu/src/kernel_selector/cl_kernels/adaptive_pooling_gpu_ref.cl
processing /home/chaofan/model_benchmark/benchmark/openvino/src/plugins/intel_gpu/src/kernel_selector/cl_kernels/lrn_gpu_across_channel_multiple_features.cl
processing /home/chaofan/model_benchmark/benchmark/openvino/src/plugins/intel_gpu/src/kernel_selector/cl_kernels/stft_ref.cl
processing /home/chaofan/model_benchmark/benchmark/openvino/src/plugins/intel_gpu/src/kernel_selector/cl_kernels/roll_ref.cl
processing /home/chaofan/model_benchmark/benchmark/openvino/src/plugins/intel_gpu/src/kernel_selector/cl_kernels/convert_color_ref.cl
processing /home/chaofan/model_benchmark/benchmark/openvino/src/plugins/intel_gpu/src/kernel_selector/cl_kernels/softmax_gpu_bf.cl
processing /home/chaofan/model_benchmark/benchmark/openvino/src/plugins/intel_gpu/src/kernel_selector/cl_kernels/roi_pooling_ref.cl
processing /home/chaofan/model_benchmark/benchmark/openvino/src/plugins/intel_gpu/src/kernel_selector/cl_kernels/stft_opt.cl
processing /home/chaofan/model_benchmark/benchmark/openvino/src/plugins/intel_gpu/src/kernel_selector/cl_kernels/mvn_gpu_b_fs_yx_fsv16_accumulate.cl
processing /home/chaofan/model_benchmark/benchmark/openvino/src/plugins/intel_gpu/src/kernel_selector/cl_kernels/gather_nd_ref.cl
processing /home/chaofan/model_benchmark/benchmark/openvino/src/plugins/intel_gpu/src/kernel_selector/cl_kernels/convolution_gpu_bfyx_to_fs_byx_fsv32.cl
processing /home/chaofan/model_benchmark/benchmark/openvino/src/plugins/intel_gpu/src/kernel_selector/cl_kernels/lrn_gpu_across_channel_yxfb_b8_opt.cl
processing /home/chaofan/model_benchmark/benchmark/openvino/src/plugins/intel_gpu/src/kernel_selector/cl_kernels/deconvolution_gpu_imad_along_f_tile_bfx.cl
processing /home/chaofan/model_benchmark/benchmark/openvino/src/plugins/intel_gpu/src/kernel_selector/cl_kernels/reorder_biplanar_nv12.cl
processing /home/chaofan/model_benchmark/benchmark/openvino/src/plugins/intel_gpu/src/kernel_selector/cl_kernels/fully_connected_gpu_fb_io_b8_f8_vload.cl
processing /home/chaofan/model_benchmark/benchmark/openvino/src/plugins/intel_gpu/src/kernel_selector/cl_kernels/pooling_gpu_byxf_opt.cl
processing /home/chaofan/model_benchmark/benchmark/openvino/src/plugins/intel_gpu/src/kernel_selector/cl_kernels/pooling_gpu_bfyx_block_opt.cl
processing /home/chaofan/model_benchmark/benchmark/openvino/src/plugins/intel_gpu/src/kernel_selector/cl_kernels/pooling_gpu_fs_b_yx_fsv32.cl
processing /home/chaofan/model_benchmark/benchmark/openvino/src/plugins/intel_gpu/src/kernel_selector/cl_kernels/fully_connected_gpu_fs_byx_fsv32.cl
processing /home/chaofan/model_benchmark/benchmark/openvino/src/plugins/intel_gpu/src/kernel_selector/cl_kernels/dynamic_quantize_gpu_ref.cl
processing /home/chaofan/model_benchmark/benchmark/openvino/src/plugins/intel_gpu/src/kernel_selector/cl_kernels/arg_max_min_topk_radix.cl
processing /home/chaofan/model_benchmark/benchmark/openvino/src/plugins/intel_gpu/src/kernel_selector/cl_kernels/lrn_gpu_across_channel_multiple_features_fsv16.cl
processing /home/chaofan/model_benchmark/benchmark/openvino/src/plugins/intel_gpu/src/kernel_selector/cl_kernels/convolution_gpu_b_fs_yx_fsv4_int8.cl
processing /home/chaofan/model_benchmark/benchmark/openvino/src/plugins/intel_gpu/src/kernel_selector/cl_kernels/dynamic_quantize_gpu_opt.cl
processing /home/chaofan/model_benchmark/benchmark/openvino/src/plugins/intel_gpu/src/kernel_selector/cl_kernels/lstm_cell_and_seq_ref.cl
processing /home/chaofan/model_benchmark/benchmark/openvino/src/plugins/intel_gpu/src/kernel_selector/cl_kernels/reverse_ref.cl
processing /home/chaofan/model_benchmark/benchmark/openvino/src/plugins/intel_gpu/src/kernel_selector/cl_kernels/rms_gpu_ref.cl
processing /home/chaofan/model_benchmark/benchmark/openvino/src/plugins/intel_gpu/src/kernel_selector/cl_kernels/fully_connected_gpu_bs_f_bsv8_af8_vload.cl
processing /home/chaofan/model_benchmark/benchmark/openvino/src/plugins/intel_gpu/src/kernel_selector/cl_kernels/convolution_gpu_fs_byx_fsv32_1x1.cl
processing /home/chaofan/model_benchmark/benchmark/openvino/src/plugins/intel_gpu/src/kernel_selector/cl_kernels/space_to_batch_ref.cl
processing /home/chaofan/model_benchmark/benchmark/openvino/src/plugins/intel_gpu/src/kernel_selector/cl_kernels/sparse_fill_empty_rows_ref.cl
processing /home/chaofan/model_benchmark/benchmark/openvino/src/plugins/intel_gpu/src/kernel_selector/cl_kernels/cum_sum_ref.cl
processing /home/chaofan/model_benchmark/benchmark/openvino/src/plugins/intel_gpu/src/kernel_selector/cl_kernels/reverse_sequence_ref.cl
processing /home/chaofan/model_benchmark/benchmark/openvino/src/plugins/intel_gpu/src/kernel_selector/cl_kernels/strided_slice_ref.cl
processing /home/chaofan/model_benchmark/benchmark/openvino/src/plugins/intel_gpu/src/kernel_selector/cl_kernels/fully_connected_gpu_MMAD.cl
processing /home/chaofan/model_benchmark/benchmark/openvino/src/plugins/intel_gpu/src/kernel_selector/cl_kernels/roi_pooling_ps_ref.cl
processing /home/chaofan/model_benchmark/benchmark/openvino/src/plugins/intel_gpu/src/kernel_selector/cl_kernels/fully_connected_gpu_bf_io_input_spatial.cl
processing /home/chaofan/model_benchmark/benchmark/openvino/src/plugins/intel_gpu/src/kernel_selector/cl_kernels/reorder_weights_int4.cl
processing /home/chaofan/model_benchmark/benchmark/openvino/src/plugins/intel_gpu/src/kernel_selector/cl_kernels/convolution_gpu_bfyx_1x1_hgemm_buf_16x1.cl
processing /home/chaofan/model_benchmark/benchmark/openvino/src/plugins/intel_gpu/src/kernel_selector/cl_kernels/concatenation_gpu_fs_b_yx_fsv32.cl
processing /home/chaofan/model_benchmark/benchmark/openvino/src/plugins/intel_gpu/src/kernel_selector/cl_kernels/unique_count_ref.cl
processing /home/chaofan/model_benchmark/benchmark/openvino/src/plugins/intel_gpu/src/kernel_selector/cl_kernels/mvn_gpu_ref_across_channels.cl
processing /home/chaofan/model_benchmark/benchmark/openvino/src/plugins/intel_gpu/src/kernel_selector/cl_kernels/concatenation_gpu_depth_bfyx_no_pitch.cl
processing /home/chaofan/model_benchmark/benchmark/openvino/src/plugins/intel_gpu/src/kernel_selector/cl_kernels/border_gpu_ref.cl
processing /home/chaofan/model_benchmark/benchmark/openvino/src/plugins/intel_gpu/src/kernel_selector/cl_kernels/reorder_weights_winograd_6x3_s1.cl
processing /home/chaofan/model_benchmark/benchmark/openvino/src/plugins/intel_gpu/src/kernel_selector/cl_kernels/eltwise_blocked_opt.cl
processing /home/chaofan/model_benchmark/benchmark/openvino/src/plugins/intel_gpu/src/kernel_selector/cl_kernels/pooling_gpu_ref.cl
processing /home/chaofan/model_benchmark/benchmark/openvino/src/plugins/intel_gpu/src/kernel_selector/cl_kernels/random_uniform_ref.cl
processing /home/chaofan/model_benchmark/benchmark/openvino/src/plugins/intel_gpu/src/kernel_selector/cl_kernels/gemm_mmad_int8_slm.cl
processing /home/chaofan/model_benchmark/benchmark/openvino/src/plugins/intel_gpu/src/kernel_selector/cl_kernels/resample_bfyx_cubic_opt.cl
processing /home/chaofan/model_benchmark/benchmark/openvino/src/plugins/intel_gpu/src/kernel_selector/cl_kernels/permute_bfzyx_to_bfyxz.cl
processing /home/chaofan/model_benchmark/benchmark/openvino/src/plugins/intel_gpu/src/kernel_selector/cl_kernels/shuffle_channels_ref.cl
processing /home/chaofan/model_benchmark/benchmark/openvino/src/plugins/intel_gpu/src/kernel_selector/cl_kernels/eltwise_mixed_byxf_and_fs_b_yx_fsv32.cl
processing /home/chaofan/model_benchmark/benchmark/openvino/src/plugins/intel_gpu/src/kernel_selector/cl_kernels/lrn_within_channel_byxf_opt.cl
processing /home/chaofan/model_benchmark/benchmark/openvino/src/plugins/intel_gpu/src/kernel_selector/cl_kernels/convolution_gpu_yxfb_yxio_b8_fp32.cl
processing /home/chaofan/model_benchmark/benchmark/openvino/src/plugins/intel_gpu/src/kernel_selector/cl_kernels/grn_ref.cl
processing /home/chaofan/model_benchmark/benchmark/openvino/src/plugins/intel_gpu/src/kernel_selector/cl_kernels/dynamic_quantize_gpu_kv_cache.cl
processing /home/chaofan/model_benchmark/benchmark/openvino/src/plugins/intel_gpu/src/kernel_selector/cl_kernels/convolution_gpu_bfyx_1x1_opt.cl
processing /home/chaofan/model_benchmark/benchmark/openvino/src/plugins/intel_gpu/src/kernel_selector/cl_kernels/fully_connected_gpu_bf_io_gemm.cl
processing /home/chaofan/model_benchmark/benchmark/openvino/src/plugins/intel_gpu/src/kernel_selector/cl_kernels/beam_table_update_ref.cl
processing /home/chaofan/model_benchmark/benchmark/openvino/src/plugins/intel_gpu/src/kernel_selector/cl_kernels/rms_gpu_bfyx_opt.cl
processing /home/chaofan/model_benchmark/benchmark/openvino/src/plugins/intel_gpu/src/kernel_selector/cl_kernels/gen9_common_conv_fwd_data_f32.cl
processing /home/chaofan/model_benchmark/benchmark/openvino/src/plugins/intel_gpu/src/kernel_selector/cl_kernels/generic_eltwise_ref.cl
processing /home/chaofan/model_benchmark/benchmark/openvino/src/plugins/intel_gpu/src/kernel_selector/cl_kernels/convolution_gpu_bfyx_iyxo.cl
processing /home/chaofan/model_benchmark/benchmark/openvino/src/plugins/intel_gpu/src/kernel_selector/cl_kernels/eltwise_fs_b_yx_fsv32.cl
processing /home/chaofan/model_benchmark/benchmark/openvino/src/plugins/intel_gpu/src/kernel_selector/cl_kernels/generate_proposals_ref.cl
processing /home/chaofan/model_benchmark/benchmark/openvino/src/plugins/intel_gpu/src/kernel_selector/cl_kernels/convolution_gpu_winograd_2x3_s1.cl
processing /home/chaofan/model_benchmark/benchmark/openvino/src/plugins/intel_gpu/src/kernel_selector/cl_kernels/permute_tile_8x8_4x4_fsv.cl
processing /home/chaofan/model_benchmark/benchmark/openvino/src/plugins/intel_gpu/src/kernel_selector/cl_kernels/activation_opt.cl
processing /home/chaofan/model_benchmark/benchmark/openvino/src/plugins/intel_gpu/src/kernel_selector/cl_kernels/resample_ref.cl
processing /home/chaofan/model_benchmark/benchmark/openvino/src/plugins/intel_gpu/src/kernel_selector/cl_kernels/fully_connected_gpu_gemv.cl
processing /home/chaofan/model_benchmark/benchmark/openvino/src/plugins/intel_gpu/src/kernel_selector/cl_kernels/resample_pil_ref.cl
processing /home/chaofan/model_benchmark/benchmark/openvino/src/plugins/intel_gpu/src/kernel_selector/cl_kernels/resample_onnx.cl
processing /home/chaofan/model_benchmark/benchmark/openvino/src/plugins/intel_gpu/src/kernel_selector/cl_kernels/gather_elements_ref.cl
processing /home/chaofan/model_benchmark/benchmark/openvino/src/plugins/intel_gpu/src/kernel_selector/cl_kernels/mvn_gpu_b_fs_yx_bsv32.cl
processing /home/chaofan/model_benchmark/benchmark/openvino/src/plugins/intel_gpu/src/kernel_selector/cl_kernels/count_nonzero_ref.cl
processing /home/chaofan/model_benchmark/benchmark/openvino/src/plugins/intel_gpu/src/kernel_selector/cl_kernels/reorder_weights_image_2d_c4_fyx_b.cl
processing /home/chaofan/model_benchmark/benchmark/openvino/src/plugins/intel_gpu/src/kernel_selector/cl_kernels/convolution_gpu_mmad_b_fs_yx_fsv32.cl
processing /home/chaofan/model_benchmark/benchmark/openvino/src/plugins/intel_gpu/src/kernel_selector/cl_kernels/depth_to_space_ref.cl
processing /home/chaofan/model_benchmark/benchmark/openvino/src/plugins/intel_gpu/src/kernel_selector/cl_kernels/mvn_gpu_b_fs_yx_fsv16.cl
processing /home/chaofan/model_benchmark/benchmark/openvino/src/plugins/intel_gpu/src/kernel_selector/cl_kernels/fully_connected_gpu_bs_f_bsv16_b1.cl
processing /home/chaofan/model_benchmark/benchmark/openvino/src/plugins/intel_gpu/src/kernel_selector/cl_kernels/grid_sample_ref.cl
processing /home/chaofan/model_benchmark/benchmark/openvino/src/plugins/intel_gpu/src/kernel_selector/cl_kernels/deformable_convolution_gpu_bfyx_opt.cl
processing /home/chaofan/model_benchmark/benchmark/openvino/src/plugins/intel_gpu/src/kernel_selector/cl_kernels/reorder_fs_b_yx_fsv32_to_bfyx.cl
processing /home/chaofan/model_benchmark/benchmark/openvino/src/plugins/intel_gpu/src/kernel_selector/cl_kernels/normalize_gpu_across_spatial_ref.cl
processing /home/chaofan/model_benchmark/benchmark/openvino/src/plugins/intel_gpu/src/kernel_selector/cl_kernels/dft_ref.cl
processing /home/chaofan/model_benchmark/benchmark/openvino/src/plugins/intel_gpu/src/kernel_selector/cl_kernels/gemm_tiled_opt.cl
processing /home/chaofan/model_benchmark/benchmark/openvino/src/plugins/intel_gpu/src/kernel_selector/cl_kernels/fully_connected_gpu_imad.cl
processing /home/chaofan/model_benchmark/benchmark/openvino/src/plugins/intel_gpu/src/kernel_selector/cl_kernels/gen9_common_conv_fwd_data_f16.cl
processing /home/chaofan/model_benchmark/benchmark/openvino/src/plugins/intel_gpu/src/kernel_selector/cl_kernels/embedding_bag_ref.cl
processing /home/chaofan/model_benchmark/benchmark/openvino/src/plugins/intel_gpu/src/kernel_selector/cl_kernels/reshape_ref.cl
processing /home/chaofan/model_benchmark/benchmark/openvino/src/plugins/intel_gpu/src/kernel_selector/cl_kernels/convolution_gpu_mmad_b_fs_yx_fsv32_dw.cl
processing /home/chaofan/model_benchmark/benchmark/openvino/src/plugins/intel_gpu/src/kernel_selector/cl_kernels/grid_sample_opt_bilinear_zeros.cl
processing /home/chaofan/model_benchmark/benchmark/openvino/src/plugins/intel_gpu/src/kernel_selector/cl_kernels/convolution_gpu_b_fs_yx_fsv16_imad_1x1.cl
processing /home/chaofan/model_benchmark/benchmark/openvino/src/plugins/intel_gpu/src/kernel_selector/cl_kernels/lrn_gpu_within_channel_opt.cl
processing /home/chaofan/model_benchmark/benchmark/openvino/src/plugins/intel_gpu/src/kernel_selector/cl_kernels/convolution_gpu_bfyx_f16_depthwise.cl
processing /home/chaofan/model_benchmark/benchmark/openvino/src/plugins/intel_gpu/src/kernel_selector/cl_kernels/gemm_mmad_int8.cl
processing /home/chaofan/model_benchmark/benchmark/openvino/src/plugins/intel_gpu/src/kernel_selector/cl_kernels/experimental_detectron_topk_rois_ref.cl
processing /home/chaofan/model_benchmark/benchmark/openvino/src/plugins/intel_gpu/src/kernel_selector/cl_kernels/prior_box_ref.cl
processing /home/chaofan/model_benchmark/benchmark/openvino/src/plugins/intel_gpu/src/kernel_selector/cl_kernels/matrix_nms_ref.cl
processing /home/chaofan/model_benchmark/benchmark/openvino/src/plugins/intel_gpu/src/kernel_selector/cl_kernels/gather_tree_gpu_ref.cl
processing /home/chaofan/model_benchmark/benchmark/openvino/src/plugins/intel_gpu/src/kernel_selector/cl_kernels/convolution_gpu_b_fs_yx_fsv_16_32_imad_dw.cl
processing /home/chaofan/model_benchmark/benchmark/openvino/src/plugins/intel_gpu/src/kernel_selector/cl_kernels/experimental_detectron_detection_output_ref.cl
processing /home/chaofan/model_benchmark/benchmark/openvino/src/plugins/intel_gpu/src/kernel_selector/cl_kernels/gather_nonzero_group.cl
processing /home/chaofan/model_benchmark/benchmark/openvino/src/plugins/intel_gpu/src/kernel_selector/cl_kernels/deformable_convolution_gpu_bfyx_ref.cl
processing /home/chaofan/model_benchmark/benchmark/openvino/src/plugins/intel_gpu/src/kernel_selector/cl_kernels/convolution_gpu_bfyx_f16_1x1.cl
processing /home/chaofan/model_benchmark/benchmark/openvino/src/plugins/intel_gpu/src/kernel_selector/cl_kernels/quantize_gpu_ref.cl
processing /home/chaofan/model_benchmark/benchmark/openvino/src/plugins/intel_gpu/src/kernel_selector/cl_kernels/istft_ref.cl
processing /home/chaofan/model_benchmark/benchmark/openvino/src/plugins/intel_gpu/src/kernel_selector/cl_kernels/deconvolution_gpu_imad_ref.cl
processing /home/chaofan/model_benchmark/benchmark/openvino/src/plugins/intel_gpu/src/kernel_selector/cl_kernels/reorder_data.cl
processing /home/chaofan/model_benchmark/benchmark/openvino/src/plugins/intel_gpu/src/kernel_selector/cl_kernels/reorder_data_fast_b1.cl
processing /home/chaofan/model_benchmark/benchmark/openvino/src/plugins/intel_gpu/src/kernel_selector/cl_kernels/convolution_gpu_bfyx_to_bs_fs_yx_bsv16_fsv16.cl
processing /home/chaofan/model_benchmark/benchmark/openvino/src/plugins/intel_gpu/src/kernel_selector/cl_kernels/concatenation_gpu_simple_ref.cl
processing /home/chaofan/model_benchmark/benchmark/openvino/src/plugins/intel_gpu/src/kernel_selector/cl_kernels/softmax_gpu_items_class_optimized.cl
processing /home/chaofan/model_benchmark/benchmark/openvino/src/plugins/intel_gpu/src/kernel_selector/cl_kernels/unique_gather_ref.cl
processing /home/chaofan/model_benchmark/benchmark/openvino/src/plugins/intel_gpu/src/kernel_selector/cl_kernels/fully_connected_gpu_bf_io_ref.cl
processing /home/chaofan/model_benchmark/benchmark/openvino/src/plugins/intel_gpu/src/kernel_selector/cl_kernels/permute_tile_8x8_4x4.cl
processing /home/chaofan/model_benchmark/benchmark/openvino/src/plugins/intel_gpu/src/kernel_selector/cl_kernels/convolution_gpu_bfyx_gemm_like_fp16.cl
processing /home/chaofan/model_benchmark/benchmark/openvino/src/plugins/intel_gpu/src/kernel_selector/cl_kernels/detection_output_gpu_ref.cl
processing /home/chaofan/model_benchmark/benchmark/openvino/src/plugins/intel_gpu/src/kernel_selector/cl_kernels/fully_connected_gpu_fb_io_block_fp16.cl
processing /home/chaofan/model_benchmark/benchmark/openvino/src/plugins/intel_gpu/src/kernel_selector/cl_kernels/swiglu_gpu_opt.cl
processing /home/chaofan/model_benchmark/benchmark/openvino/src/plugins/intel_gpu/src/kernel_selector/cl_kernels/pooling_gpu_bsv16_fsv16.cl
processing /home/chaofan/model_benchmark/benchmark/openvino/src/plugins/intel_gpu/src/kernel_selector/cl_kernels/reduce_ref.cl
processing /home/chaofan/model_benchmark/benchmark/openvino/src/plugins/intel_gpu/src/kernel_selector/cl_kernels/convolution_gpu_fs_byx_fsv32.cl
processing /home/chaofan/model_benchmark/benchmark/openvino/src/plugins/intel_gpu/src/kernel_selector/cl_kernels/permute_f_y_axes.cl
processing /home/chaofan/model_benchmark/benchmark/openvino/src/plugins/intel_gpu/src/kernel_selector/cl_kernels/mvn_gpu_bfyx_opt.cl
processing /home/chaofan/model_benchmark/benchmark/openvino/src/plugins/intel_gpu/src/kernel_selector/cl_kernels/fully_connected_gpu_bfyx_ref.cl
processing /home/chaofan/model_benchmark/benchmark/openvino/src/plugins/intel_gpu/src/kernel_selector/cl_kernels/multinomial_ref.cl
processing /home/chaofan/model_benchmark/benchmark/openvino/src/plugins/intel_gpu/src/kernel_selector/cl_kernels/convolution_gpu_bfyx_gemm_like_fp32.cl
processing /home/chaofan/model_benchmark/benchmark/openvino/src/plugins/intel_gpu/src/kernel_selector/cl_kernels/search_sorted_ref.cl
processing /home/chaofan/model_benchmark/benchmark/openvino/src/plugins/intel_gpu/src/kernel_selector/cl_kernels/fully_connected_gpu_bf_tiled_dyn_b.cl
processing /home/chaofan/model_benchmark/benchmark/openvino/src/plugins/intel_gpu/src/kernel_selector/cl_kernels/convolution_gpu_b_fs_yx_fsv4_dw.cl
processing /home/chaofan/model_benchmark/benchmark/openvino/src/plugins/intel_gpu/src/kernel_selector/cl_kernels/experimental_detectron_generate_proposals_single_image_ref.cl
processing /home/chaofan/model_benchmark/benchmark/openvino/src/plugins/intel_gpu/src/kernel_selector/cl_kernels/non_max_suppression_gpu_ref.cl
processing /home/chaofan/model_benchmark/benchmark/openvino/src/plugins/intel_gpu/src/kernel_selector/cl_kernels/gather_nonzero_ref.cl
processing /home/chaofan/model_benchmark/benchmark/openvino/src/plugins/intel_gpu/src/kernel_selector/cl_kernels/quantize_gpu_scale_shift_opt.cl
processing /home/chaofan/model_benchmark/benchmark/openvino/src/plugins/intel_gpu/src/kernel_selector/cl_kernels/convolution_gpu_ref.cl
processing /home/chaofan/model_benchmark/benchmark/openvino/src/plugins/intel_gpu/src/kernel_selector/cl_kernels/reorder_from_winograd_2x3_s1.cl
processing /home/chaofan/model_benchmark/benchmark/openvino/src/plugins/intel_gpu/src/kernel_selector/cl_kernels/concatenation_gpu_blocked.cl
processing /home/chaofan/model_benchmark/benchmark/openvino/src/plugins/intel_gpu/src/kernel_selector/cl_kernels/convolution_gpu_b_fs_yx_fsv4_1x1.cl
processing /home/chaofan/model_benchmark/benchmark/openvino/src/plugins/intel_gpu/src/kernel_selector/cl_kernels/reorder_data_b_fs_yx_fsv16_fsv32_to_bfyx.cl
processing /home/chaofan/model_benchmark/benchmark/openvino/src/plugins/intel_gpu/src/kernel_selector/cl_kernels/reorder_weights_image_winograd_6x3_s1.cl
processing /home/chaofan/model_benchmark/benchmark/openvino/src/plugins/intel_gpu/src/kernel_selector/cl_kernels/convolution_gpu_bfyx_to_bfyx_f16.cl
processing /home/chaofan/model_benchmark/benchmark/openvino/src/plugins/intel_gpu/src/kernel_selector/cl_kernels/concatenation_gpu_b_fs_yx_fsv32.cl
processing /home/chaofan/model_benchmark/benchmark/openvino/src/plugins/intel_gpu/src/kernel_selector/cl_kernels/region_yolo_gpu_ref.cl
processing /home/chaofan/model_benchmark/benchmark/openvino/src/plugins/intel_gpu/src/kernel_selector/cl_kernels/space_to_depth_ref.cl
processing /home/chaofan/model_benchmark/benchmark/openvino/src/plugins/intel_gpu/src/kernel_selector/cl_kernels/convolution_gpu_winograd_6x3_s1_fused.cl
processing /home/chaofan/model_benchmark/benchmark/openvino/src/plugins/intel_gpu/src/kernel_selector/cl_kernels/bucketize_ref.cl
processing /home/chaofan/model_benchmark/benchmark/openvino/src/plugins/intel_gpu/src/kernel_selector/cl_kernels/reduce_gpu_b_fs_yx_fsv16.cl
processing /home/chaofan/model_benchmark/benchmark/openvino/src/plugins/intel_gpu/src/kernel_selector/cl_kernels/reorder_data_fsv.cl
processing /home/chaofan/model_benchmark/benchmark/openvino/src/plugins/intel_gpu/src/kernel_selector/cl_kernels/deconvolution_gpu_imad_common.cl
processing /home/chaofan/model_benchmark/benchmark/openvino/src/plugins/intel_gpu/src/kernel_selector/cl_kernels/mvn_gpu_ref_within_channels.cl
processing /home/chaofan/model_benchmark/benchmark/openvino/src/plugins/intel_gpu/src/kernel_selector/cl_kernels/reorg_yolo_gpu_ref.cl
processing /home/chaofan/model_benchmark/benchmark/openvino/src/plugins/intel_gpu/src/kernel_selector/cl_kernels/arg_max_min_gpu_ref.cl
processing /home/chaofan/model_benchmark/benchmark/openvino/src/plugins/intel_gpu/src/kernel_selector/cl_kernels/quantize_gpu_scale_shift_vload8_opt.cl
processing /home/chaofan/model_benchmark/benchmark/openvino/src/plugins/intel_gpu/src/kernel_selector/cl_kernels/convolution_gpu_winograd_2x3_s1_fused.cl
processing /home/chaofan/model_benchmark/benchmark/openvino/src/plugins/intel_gpu/src/kernel_selector/cl_kernels/fully_connected_gpu_yxfb_ref.cl
processing /home/chaofan/model_benchmark/benchmark/openvino/src/plugins/intel_gpu/src/kernel_selector/cl_kernels/select_gpu_ref.cl
processing /home/chaofan/model_benchmark/benchmark/openvino/src/plugins/intel_gpu/src/kernel_selector/cl_kernels/ctc_greedy_decoder_ref.cl
processing /home/chaofan/model_benchmark/benchmark/openvino/src/plugins/intel_gpu/src/kernel_selector/cl_kernels/experimental_detectron_prior_grid_generator_ref.cl
processing /home/chaofan/model_benchmark/benchmark/openvino/src/plugins/intel_gpu/src/kernel_selector/cl_kernels/convolution_gpu_yxfb_ref.cl
processing /home/chaofan/model_benchmark/benchmark/openvino/src/plugins/intel_gpu/src/kernel_selector/cl_kernels/gemm_ref.cl
processing /home/chaofan/model_benchmark/benchmark/openvino/src/plugins/intel_gpu/src/kernel_selector/cl_kernels/pooling_gpu_blocked.cl
processing /home/chaofan/model_benchmark/benchmark/openvino/src/plugins/intel_gpu/src/kernel_selector/cl_kernels/depth_to_space_block2_opt.cl
processing /home/chaofan/model_benchmark/benchmark/openvino/src/plugins/intel_gpu/src/kernel_selector/cl_kernels/arg_max_min_axis.cl
processing /home/chaofan/model_benchmark/benchmark/openvino/src/plugins/intel_gpu/src/kernel_selector/cl_kernels/pooling_gpu_b_fs_zyx_fsv16_imad.cl
processing /home/chaofan/model_benchmark/benchmark/openvino/src/plugins/intel_gpu/src/kernel_selector/cl_kernels/permute_xy_swap.cl
processing /home/chaofan/model_benchmark/benchmark/openvino/src/plugins/intel_gpu/src/kernel_selector/cl_kernels/convolution_gpu_imad_bs_fs_yx_bsv16_fsv16_1x1.cl
processing /home/chaofan/model_benchmark/benchmark/openvino/src/plugins/intel_gpu/src/kernel_selector/cl_kernels/convolution_gpu_yxfb_yxio_b16_fp16.cl
processing /home/chaofan/model_benchmark/benchmark/openvino/src/plugins/intel_gpu/src/kernel_selector/cl_kernels/cum_sum_partial_sum.cl
processing /home/chaofan/model_benchmark/benchmark/openvino/src/plugins/intel_gpu/src/kernel_selector/cl_kernels/reorder_to_winograd_2x3_s1.cl
processing /home/chaofan/model_benchmark/benchmark/openvino/src/plugins/intel_gpu/src/kernel_selector/cl_kernels/pooling_gpu_b_fs_yx_fsv4.cl
processing /home/chaofan/model_benchmark/benchmark/openvino/src/plugins/intel_gpu/src/kernel_selector/cl_kernels/convolution_gpu_yxfb_yxio_b16_fp32.cl
processing /home/chaofan/model_benchmark/benchmark/openvino/src/plugins/intel_gpu/src/kernel_selector/cl_kernels/convolution_gpu_mmad_bfyx_to_b_fs_yx_fsv32.cl
processing /home/chaofan/model_benchmark/benchmark/openvino/src/plugins/intel_gpu/src/kernel_selector/cl_kernels/gen9_common_conv_bwd_data.cl
processing /home/chaofan/model_benchmark/benchmark/openvino/src/plugins/intel_gpu/src/kernel_selector/cl_kernels/multiclass_nms_ref.cl
processing /home/chaofan/model_benchmark/benchmark/openvino/src/plugins/intel_gpu/src/kernel_selector/cl_kernels/convolution_gpu_b_fs_zyx_fsv16_imad.cl
processing /home/chaofan/model_benchmark/benchmark/openvino/src/plugins/intel_gpu/src/kernel_selector/cl_kernels/convolution_gpu_bfyx_direct_10_12_16.cl
processing /home/chaofan/model_benchmark/benchmark/openvino/src/plugins/intel_gpu/src/kernel_selector/cl_kernels/mvn_gpu_b_fs_yx_fsv16_reduce.cl
processing /home/chaofan/model_benchmark/benchmark/openvino/src/plugins/intel_gpu/src/kernel_selector/cl_kernels/experimental_detectron_roi_feature_extractor_ref.cl
processing /home/chaofan/model_benchmark/benchmark/openvino/src/plugins/intel_gpu/src/kernel_selector/cl_kernels/scatter_elements_update_ref.cl
processing /home/chaofan/model_benchmark/benchmark/openvino/src/plugins/intel_gpu/src/kernel_selector/cl_kernels/convolution_gpu_bfyx_f16.cl
processing /home/chaofan/model_benchmark/benchmark/openvino/src/plugins/intel_gpu/src/kernel_selector/cl_kernels/slice_ref.cl
processing /home/chaofan/model_benchmark/benchmark/openvino/src/plugins/intel_gpu/src/kernel_selector/cl_kernels/reorder_weights_opt.cl
processing /home/chaofan/model_benchmark/benchmark/openvino/src/plugins/intel_gpu/src/kernel_selector/cl_kernels/arg_max_min_opt.cl
processing /home/chaofan/model_benchmark/benchmark/openvino/src/plugins/intel_gpu/src/kernel_selector/cl_kernels/pooling_gpu_bs_fs_yx_bsv16_fsv16.cl
processing /home/chaofan/model_benchmark/benchmark/openvino/src/plugins/intel_gpu/src/kernel_selector/cl_kernels/range_ref.cl
processing /home/chaofan/model_benchmark/benchmark/openvino/src/plugins/intel_gpu/src/kernel_selector/cl_kernels/scatter_update_ref.cl
processing /home/chaofan/model_benchmark/benchmark/openvino/src/plugins/intel_gpu/src/kernel_selector/cl_kernels/lrn_gpu_within_channel.cl
processing /home/chaofan/model_benchmark/benchmark/openvino/src/plugins/intel_gpu/src/kernel_selector/cl_kernels/fully_connected_gpu_fb_oi_ref.cl
processing /home/chaofan/model_benchmark/benchmark/openvino/src/plugins/intel_gpu/src/kernel_selector/cl_kernels/deconvolution_gpu_b_fs_zyx_fsv16_dw.cl
processing /home/chaofan/model_benchmark/benchmark/openvino/src/plugins/intel_gpu/src/kernel_selector/cl_kernels/convolution_gpu_bfyx_os_iyx_osv32.cl
processing /home/chaofan/model_benchmark/benchmark/openvino/src/plugins/intel_gpu/src/kernel_selector/cl_kernels/tile_ref.cl
processing /home/chaofan/model_benchmark/benchmark/openvino/src/plugins/intel_gpu/src/kernel_selector/cl_kernels/lstm_cell_and_seq_bfyx.cl
processing /home/chaofan/model_benchmark/benchmark/openvino/src/plugins/intel_gpu/src/kernel_selector/cl_kernels/deconvolution_gpu_bfyx_opt.cl
processing /home/chaofan/model_benchmark/benchmark/openvino/src/plugins/intel_gpu/src/kernel_selector/cl_kernels/softmax_gpu_ref.cl
processing /home/chaofan/model_benchmark/benchmark/openvino/src/plugins/intel_gpu/src/kernel_selector/cl_kernels/deconvolution_gpu_ref.cl
processing /home/chaofan/model_benchmark/benchmark/openvino/src/plugins/intel_gpu/src/kernel_selector/cl_kernels/activation_ref.cl
processing /home/chaofan/model_benchmark/benchmark/openvino/src/plugins/intel_gpu/src/kernel_selector/cl_kernels/swiglu_gpu_ref.cl
processing /home/chaofan/model_benchmark/benchmark/openvino/src/plugins/intel_gpu/src/kernel_selector/cl_kernels/lrn_gpu_across_channel_ref.cl
processing /home/chaofan/model_benchmark/benchmark/openvino/src/plugins/intel_gpu/src/kernel_selector/cl_kernels/convolution_gpu_imad_bs_fs_yx_bsv16_fsv16_3x3.cl
processing /home/chaofan/model_benchmark/benchmark/openvino/src/plugins/intel_gpu/src/kernel_selector/cl_kernels/lrn_ref.cl
processing /home/chaofan/model_benchmark/benchmark/openvino/src/plugins/intel_gpu/src/kernel_selector/cl_kernels/reorder_weights_winograd_2x3_s1.cl
processing /home/chaofan/model_benchmark/benchmark/openvino/src/plugins/intel_gpu/src/kernel_selector/cl_kernels/normalize_gpu_within_spatial_ref.cl
processing /home/chaofan/model_benchmark/benchmark/openvino/src/plugins/intel_gpu/src/kernel_selector/cl_kernels/fully_connected_gpu_fb_oi_b8_fp32_ref.cl
processing /home/chaofan/model_benchmark/benchmark/openvino/src/plugins/intel_gpu/src/kernel_selector/cl_kernels/reorder_weights.cl
processing /home/chaofan/model_benchmark/benchmark/openvino/src/plugins/intel_gpu/src/kernel_selector/cl_kernels/resample_opt.cl
processing /home/chaofan/model_benchmark/benchmark/openvino/src/plugins/intel_gpu/src/kernel_selector/cl_kernels/reorder_data_bfyx_to_blocked_format.cl
processing /home/chaofan/model_benchmark/benchmark/openvino/src/plugins/intel_gpu/src/kernel_selector/cl_kernels/permute_ref.cl
processing /home/chaofan/model_benchmark/benchmark/openvino/src/plugins/intel_gpu/src/kernel_selector/cl_kernels/fully_connected_gpu_bs_f_bsv16_af8_vload.cl
processing /home/chaofan/model_benchmark/benchmark/openvino/src/plugins/intel_gpu/src/kernel_selector/cl_kernels/roi_align_ref.cl
processing /home/chaofan/model_benchmark/benchmark/openvino/src/plugins/intel_gpu/src/kernel_selector/cl_kernels/extract_image_patches_ref.cl
processing /home/chaofan/model_benchmark/benchmark/openvino/src/plugins/intel_gpu/src/kernel_selector/cl_kernels/convolution_gpu_bfyx_os_iyx_osv16.cl
processing /home/chaofan/model_benchmark/benchmark/openvino/src/plugins/intel_gpu/src/kernel_selector/cl_kernels/concatenation_gpu_ref.cl
processing /home/chaofan/model_benchmark/benchmark/openvino/src/plugins/intel_gpu/src/kernel_selector/cl_kernels/convolution_gpu_mmad_bfyx_to_b_fs_yx_fsv4.cl
[ 55%] Updating file if the file changed (ks_primitive_db.inc) ...
[ 55%] Building CXX object src/plugins/intel_gpu/src/kernel_selector/CMakeFiles/openvino_intel_gpu_kernels.dir/kernels/activation/activation_kernel_opt.cpp.o
[ 55%] Building CXX object src/plugins/intel_gpu/src/kernel_selector/CMakeFiles/openvino_intel_gpu_kernels.dir/primitive_db.cpp.o
[ 55%] Linking CXX static library /home/chaofan/model_benchmark/benchmark/openvino/bin/intel64/Release/libopenvino_intel_gpu_kernels.a
[ 75%] Built target openvino_intel_gpu_kernels
[ 77%] Built target openvino_intel_gpu_ocl_v2_obj
[ 77%] Building CXX object src/plugins/intel_gpu/src/graph/CMakeFiles/openvino_intel_gpu_graph.dir/dynamic_quantize.cpp.o
[ 77%] Building CXX object src/plugins/intel_gpu/src/graph/CMakeFiles/openvino_intel_gpu_graph.dir/graph_optimizer/prepare_primitive_fusing.cpp.o
[ 77%] Linking CXX static library /home/chaofan/model_benchmark/benchmark/openvino/bin/intel64/Release/libopenvino_intel_gpu_graph.a
[ 88%] Built target openvino_intel_gpu_graph
[ 88%] Built target openvino_intel_gpu_plugin_version
[ 88%] Building CXX object src/plugins/intel_gpu/CMakeFiles/openvino_intel_gpu_plugin.dir/src/plugin/transformations/dynamic_quantize_fully_connected.cpp.o
[ 88%] Building CXX object src/plugins/intel_gpu/CMakeFiles/openvino_intel_gpu_plugin.dir/src/plugin/transformations_pipeline.cpp.o
[ 88%] Linking CXX shared module /home/chaofan/model_benchmark/benchmark/openvino/bin/intel64/Release/libopenvino_intel_gpu_plugin.so
[100%] Built target openvino_intel_gpu_plugin
-- Install configuration: "Release"
-- Up-to-date: /home/chaofan/model_benchmark/benchmark/openvino/install/samples/cpp/thirdparty/gflags
-- Up-to-date: /home/chaofan/model_benchmark/benchmark/openvino/install/samples/cpp/thirdparty/gflags/gflags
-- Up-to-date: /home/chaofan/model_benchmark/benchmark/openvino/install/samples/cpp/thirdparty/gflags/gflags/cmake
-- Up-to-date: /home/chaofan/model_benchmark/benchmark/openvino/install/samples/cpp/thirdparty/gflags/gflags/cmake/package.pc.in
-- Up-to-date: /home/chaofan/model_benchmark/benchmark/openvino/install/samples/cpp/thirdparty/gflags/gflags/cmake/README_runtime.txt
-- Up-to-date: /home/chaofan/model_benchmark/benchmark/openvino/install/samples/cpp/thirdparty/gflags/gflags/cmake/config.cmake.in
-- Up-to-date: /home/chaofan/model_benchmark/benchmark/openvino/install/samples/cpp/thirdparty/gflags/gflags/cmake/package.cmake.in
-- Up-to-date: /home/chaofan/model_benchmark/benchmark/openvino/install/samples/cpp/thirdparty/gflags/gflags/cmake/version.cmake.in
-- Up-to-date: /home/chaofan/model_benchmark/benchmark/openvino/install/samples/cpp/thirdparty/gflags/gflags/cmake/cmake_uninstall.cmake.in
-- Up-to-date: /home/chaofan/model_benchmark/benchmark/openvino/install/samples/cpp/thirdparty/gflags/gflags/cmake/utils.cmake
-- Up-to-date: /home/chaofan/model_benchmark/benchmark/openvino/install/samples/cpp/thirdparty/gflags/gflags/cmake/execute_test.cmake
-- Up-to-date: /home/chaofan/model_benchmark/benchmark/openvino/install/samples/cpp/thirdparty/gflags/gflags/src
-- Up-to-date: /home/chaofan/model_benchmark/benchmark/openvino/install/samples/cpp/thirdparty/gflags/gflags/src/gflags_reporting.cc
-- Up-to-date: /home/chaofan/model_benchmark/benchmark/openvino/install/samples/cpp/thirdparty/gflags/gflags/src/config.h
-- Up-to-date: /home/chaofan/model_benchmark/benchmark/openvino/install/samples/cpp/thirdparty/gflags/gflags/src/gflags.cc
-- Up-to-date: /home/chaofan/model_benchmark/benchmark/openvino/install/samples/cpp/thirdparty/gflags/gflags/src/gflags_completions.h.in
-- Up-to-date: /home/chaofan/model_benchmark/benchmark/openvino/install/samples/cpp/thirdparty/gflags/gflags/src/gflags_completions.cc
-- Up-to-date: /home/chaofan/model_benchmark/benchmark/openvino/install/samples/cpp/thirdparty/gflags/gflags/src/defines.h.in
-- Up-to-date: /home/chaofan/model_benchmark/benchmark/openvino/install/samples/cpp/thirdparty/gflags/gflags/src/gflags_declare.h.in
-- Up-to-date: /home/chaofan/model_benchmark/benchmark/openvino/install/samples/cpp/thirdparty/gflags/gflags/src/gflags.h.in
-- Up-to-date: /home/chaofan/model_benchmark/benchmark/openvino/install/samples/cpp/thirdparty/gflags/gflags/src/gflags_ns.h.in
-- Up-to-date: /home/chaofan/model_benchmark/benchmark/openvino/install/samples/cpp/thirdparty/gflags/gflags/src/mutex.h
-- Up-to-date: /home/chaofan/model_benchmark/benchmark/openvino/install/samples/cpp/thirdparty/gflags/gflags/src/windows_port.h
-- Up-to-date: /home/chaofan/model_benchmark/benchmark/openvino/install/samples/cpp/thirdparty/gflags/gflags/src/windows_port.cc
-- Up-to-date: /home/chaofan/model_benchmark/benchmark/openvino/install/samples/cpp/thirdparty/gflags/gflags/src/util.h
-- Up-to-date: /home/chaofan/model_benchmark/benchmark/openvino/install/samples/cpp/thirdparty/gflags/gflags/CMakeLists.txt
-- Up-to-date: /home/chaofan/model_benchmark/benchmark/openvino/install/samples/cpp/thirdparty/gflags/gflags/COPYING.txt
-- Up-to-date: /home/chaofan/model_benchmark/benchmark/openvino/install/samples/cpp/thirdparty/gflags/CMakeLists.txt
-- Up-to-date: /home/chaofan/model_benchmark/benchmark/openvino/install/samples/cpp/thirdparty/nlohmann_json
-- Up-to-date: /home/chaofan/model_benchmark/benchmark/openvino/install/samples/cpp/thirdparty/nlohmann_json/LICENSE.MIT
-- Up-to-date: /home/chaofan/model_benchmark/benchmark/openvino/install/samples/cpp/thirdparty/nlohmann_json/single_include
-- Up-to-date: /home/chaofan/model_benchmark/benchmark/openvino/install/samples/cpp/thirdparty/nlohmann_json/single_include/nlohmann
-- Up-to-date: /home/chaofan/model_benchmark/benchmark/openvino/install/samples/cpp/thirdparty/nlohmann_json/single_include/nlohmann/json_fwd.hpp
-- Up-to-date: /home/chaofan/model_benchmark/benchmark/openvino/install/samples/cpp/thirdparty/nlohmann_json/single_include/nlohmann/json.hpp
-- Up-to-date: /home/chaofan/model_benchmark/benchmark/openvino/install/samples/cpp/thirdparty/nlohmann_json/cmake
-- Up-to-date: /home/chaofan/model_benchmark/benchmark/openvino/install/samples/cpp/thirdparty/nlohmann_json/cmake/pkg-config.pc.in
-- Up-to-date: /home/chaofan/model_benchmark/benchmark/openvino/install/samples/cpp/thirdparty/nlohmann_json/cmake/config.cmake.in
-- Up-to-date: /home/chaofan/model_benchmark/benchmark/openvino/install/samples/cpp/thirdparty/nlohmann_json/cmake/nlohmann_jsonConfigVersion.cmake.in
-- Up-to-date: /home/chaofan/model_benchmark/benchmark/openvino/install/samples/cpp/thirdparty/nlohmann_json/cmake/test.cmake
-- Up-to-date: /home/chaofan/model_benchmark/benchmark/openvino/install/samples/cpp/thirdparty/nlohmann_json/cmake/download_test_data.cmake
-- Up-to-date: /home/chaofan/model_benchmark/benchmark/openvino/install/samples/cpp/thirdparty/nlohmann_json/cmake/scripts
-- Up-to-date: /home/chaofan/model_benchmark/benchmark/openvino/install/samples/cpp/thirdparty/nlohmann_json/cmake/scripts/gen_bazel_build_file.cmake
-- Up-to-date: /home/chaofan/model_benchmark/benchmark/openvino/install/samples/cpp/thirdparty/nlohmann_json/cmake/ci.cmake
-- Up-to-date: /home/chaofan/model_benchmark/benchmark/openvino/install/samples/cpp/thirdparty/nlohmann_json/LICENSES
-- Up-to-date: /home/chaofan/model_benchmark/benchmark/openvino/install/samples/cpp/thirdparty/nlohmann_json/LICENSES/BSD-3-Clause.txt
-- Up-to-date: /home/chaofan/model_benchmark/benchmark/openvino/install/samples/cpp/thirdparty/nlohmann_json/LICENSES/MIT.txt
-- Up-to-date: /home/chaofan/model_benchmark/benchmark/openvino/install/samples/cpp/thirdparty/nlohmann_json/LICENSES/GPL-3.0-only.txt
-- Up-to-date: /home/chaofan/model_benchmark/benchmark/openvino/install/samples/cpp/thirdparty/nlohmann_json/LICENSES/Apache-2.0.txt
-- Up-to-date: /home/chaofan/model_benchmark/benchmark/openvino/install/samples/cpp/thirdparty/nlohmann_json/nlohmann_json.natvis
-- Up-to-date: /home/chaofan/model_benchmark/benchmark/openvino/install/samples/cpp/thirdparty/nlohmann_json/CMakeLists.txt
-- Up-to-date: /home/chaofan/model_benchmark/benchmark/openvino/install/samples/cpp/thirdparty/nlohmann_json/include
-- Up-to-date: /home/chaofan/model_benchmark/benchmark/openvino/install/samples/cpp/thirdparty/nlohmann_json/include/nlohmann
-- Up-to-date: /home/chaofan/model_benchmark/benchmark/openvino/install/samples/cpp/thirdparty/nlohmann_json/include/nlohmann/ordered_map.hpp
-- Up-to-date: /home/chaofan/model_benchmark/benchmark/openvino/install/samples/cpp/thirdparty/nlohmann_json/include/nlohmann/adl_serializer.hpp
-- Up-to-date: /home/chaofan/model_benchmark/benchmark/openvino/install/samples/cpp/thirdparty/nlohmann_json/include/nlohmann/thirdparty
-- Up-to-date: /home/chaofan/model_benchmark/benchmark/openvino/install/samples/cpp/thirdparty/nlohmann_json/include/nlohmann/thirdparty/hedley
-- Up-to-date: /home/chaofan/model_benchmark/benchmark/openvino/install/samples/cpp/thirdparty/nlohmann_json/include/nlohmann/thirdparty/hedley/hedley.hpp
-- Up-to-date: /home/chaofan/model_benchmark/benchmark/openvino/install/samples/cpp/thirdparty/nlohmann_json/include/nlohmann/thirdparty/hedley/hedley_undef.hpp
-- Up-to-date: /home/chaofan/model_benchmark/benchmark/openvino/install/samples/cpp/thirdparty/nlohmann_json/include/nlohmann/json_fwd.hpp
-- Up-to-date: /home/chaofan/model_benchmark/benchmark/openvino/install/samples/cpp/thirdparty/nlohmann_json/include/nlohmann/detail
-- Up-to-date: /home/chaofan/model_benchmark/benchmark/openvino/install/samples/cpp/thirdparty/nlohmann_json/include/nlohmann/detail/json_custom_base_class.hpp
-- Up-to-date: /home/chaofan/model_benchmark/benchmark/openvino/install/samples/cpp/thirdparty/nlohmann_json/include/nlohmann/detail/string_concat.hpp
-- Up-to-date: /home/chaofan/model_benchmark/benchmark/openvino/install/samples/cpp/thirdparty/nlohmann_json/include/nlohmann/detail/exceptions.hpp
-- Up-to-date: /home/chaofan/model_benchmark/benchmark/openvino/install/samples/cpp/thirdparty/nlohmann_json/include/nlohmann/detail/json_pointer.hpp
-- Up-to-date: /home/chaofan/model_benchmark/benchmark/openvino/install/samples/cpp/thirdparty/nlohmann_json/include/nlohmann/detail/hash.hpp
-- Up-to-date: /home/chaofan/model_benchmark/benchmark/openvino/install/samples/cpp/thirdparty/nlohmann_json/include/nlohmann/detail/conversions
-- Up-to-date: /home/chaofan/model_benchmark/benchmark/openvino/install/samples/cpp/thirdparty/nlohmann_json/include/nlohmann/detail/conversions/to_chars.hpp
-- Up-to-date: /home/chaofan/model_benchmark/benchmark/openvino/install/samples/cpp/thirdparty/nlohmann_json/include/nlohmann/detail/conversions/to_json.hpp
-- Up-to-date: /home/chaofan/model_benchmark/benchmark/openvino/install/samples/cpp/thirdparty/nlohmann_json/include/nlohmann/detail/conversions/from_json.hpp
-- Up-to-date: /home/chaofan/model_benchmark/benchmark/openvino/install/samples/cpp/thirdparty/nlohmann_json/include/nlohmann/detail/iterators
-- Up-to-date: /home/chaofan/model_benchmark/benchmark/openvino/install/samples/cpp/thirdparty/nlohmann_json/include/nlohmann/detail/iterators/json_reverse_iterator.hpp
-- Up-to-date: /home/chaofan/model_benchmark/benchmark/openvino/install/samples/cpp/thirdparty/nlohmann_json/include/nlohmann/detail/iterators/iteration_proxy.hpp
-- Up-to-date: /home/chaofan/model_benchmark/benchmark/openvino/install/samples/cpp/thirdparty/nlohmann_json/include/nlohmann/detail/iterators/internal_iterator.hpp
-- Up-to-date: /home/chaofan/model_benchmark/benchmark/openvino/install/samples/cpp/thirdparty/nlohmann_json/include/nlohmann/detail/iterators/iterator_traits.hpp
-- Up-to-date: /home/chaofan/model_benchmark/benchmark/openvino/install/samples/cpp/thirdparty/nlohmann_json/include/nlohmann/detail/iterators/primitive_iterator.hpp
-- Up-to-date: /home/chaofan/model_benchmark/benchmark/openvino/install/samples/cpp/thirdparty/nlohmann_json/include/nlohmann/detail/iterators/iter_impl.hpp
-- Up-to-date: /home/chaofan/model_benchmark/benchmark/openvino/install/samples/cpp/thirdparty/nlohmann_json/include/nlohmann/detail/abi_macros.hpp
-- Up-to-date: /home/chaofan/model_benchmark/benchmark/openvino/install/samples/cpp/thirdparty/nlohmann_json/include/nlohmann/detail/output
-- Up-to-date: /home/chaofan/model_benchmark/benchmark/openvino/install/samples/cpp/thirdparty/nlohmann_json/include/nlohmann/detail/output/serializer.hpp
-- Up-to-date: /home/chaofan/model_benchmark/benchmark/openvino/install/samples/cpp/thirdparty/nlohmann_json/include/nlohmann/detail/output/binary_writer.hpp
-- Up-to-date: /home/chaofan/model_benchmark/benchmark/openvino/install/samples/cpp/thirdparty/nlohmann_json/include/nlohmann/detail/output/output_adapters.hpp
-- Up-to-date: /home/chaofan/model_benchmark/benchmark/openvino/install/samples/cpp/thirdparty/nlohmann_json/include/nlohmann/detail/input
-- Up-to-date: /home/chaofan/model_benchmark/benchmark/openvino/install/samples/cpp/thirdparty/nlohmann_json/include/nlohmann/detail/input/parser.hpp
-- Up-to-date: /home/chaofan/model_benchmark/benchmark/openvino/install/samples/cpp/thirdparty/nlohmann_json/include/nlohmann/detail/input/lexer.hpp
-- Up-to-date: /home/chaofan/model_benchmark/benchmark/openvino/install/samples/cpp/thirdparty/nlohmann_json/include/nlohmann/detail/input/input_adapters.hpp
-- Up-to-date: /home/chaofan/model_benchmark/benchmark/openvino/install/samples/cpp/thirdparty/nlohmann_json/include/nlohmann/detail/input/binary_reader.hpp
-- Up-to-date: /home/chaofan/model_benchmark/benchmark/openvino/install/samples/cpp/thirdparty/nlohmann_json/include/nlohmann/detail/input/json_sax.hpp
-- Up-to-date: /home/chaofan/model_benchmark/benchmark/openvino/install/samples/cpp/thirdparty/nlohmann_json/include/nlohmann/detail/input/position_t.hpp
-- Up-to-date: /home/chaofan/model_benchmark/benchmark/openvino/install/samples/cpp/thirdparty/nlohmann_json/include/nlohmann/detail/json_ref.hpp
-- Up-to-date: /home/chaofan/model_benchmark/benchmark/openvino/install/samples/cpp/thirdparty/nlohmann_json/include/nlohmann/detail/meta
-- Up-to-date: /home/chaofan/model_benchmark/benchmark/openvino/install/samples/cpp/thirdparty/nlohmann_json/include/nlohmann/detail/meta/std_fs.hpp
-- Up-to-date: /home/chaofan/model_benchmark/benchmark/openvino/install/samples/cpp/thirdparty/nlohmann_json/include/nlohmann/detail/meta/void_t.hpp
-- Up-to-date: /home/chaofan/model_benchmark/benchmark/openvino/install/samples/cpp/thirdparty/nlohmann_json/include/nlohmann/detail/meta/detected.hpp
-- Up-to-date: /home/chaofan/model_benchmark/benchmark/openvino/install/samples/cpp/thirdparty/nlohmann_json/include/nlohmann/detail/meta/cpp_future.hpp
-- Up-to-date: /home/chaofan/model_benchmark/benchmark/openvino/install/samples/cpp/thirdparty/nlohmann_json/include/nlohmann/detail/meta/is_sax.hpp
-- Up-to-date: /home/chaofan/model_benchmark/benchmark/openvino/install/samples/cpp/thirdparty/nlohmann_json/include/nlohmann/detail/meta/call_std
-- Up-to-date: /home/chaofan/model_benchmark/benchmark/openvino/install/samples/cpp/thirdparty/nlohmann_json/include/nlohmann/detail/meta/call_std/begin.hpp
-- Up-to-date: /home/chaofan/model_benchmark/benchmark/openvino/install/samples/cpp/thirdparty/nlohmann_json/include/nlohmann/detail/meta/call_std/end.hpp
-- Up-to-date: /home/chaofan/model_benchmark/benchmark/openvino/install/samples/cpp/thirdparty/nlohmann_json/include/nlohmann/detail/meta/identity_tag.hpp
-- Up-to-date: /home/chaofan/model_benchmark/benchmark/openvino/install/samples/cpp/thirdparty/nlohmann_json/include/nlohmann/detail/meta/type_traits.hpp
-- Up-to-date: /home/chaofan/model_benchmark/benchmark/openvino/install/samples/cpp/thirdparty/nlohmann_json/include/nlohmann/detail/string_escape.hpp
-- Up-to-date: /home/chaofan/model_benchmark/benchmark/openvino/install/samples/cpp/thirdparty/nlohmann_json/include/nlohmann/detail/macro_unscope.hpp
-- Up-to-date: /home/chaofan/model_benchmark/benchmark/openvino/install/samples/cpp/thirdparty/nlohmann_json/include/nlohmann/detail/macro_scope.hpp
-- Up-to-date: /home/chaofan/model_benchmark/benchmark/openvino/install/samples/cpp/thirdparty/nlohmann_json/include/nlohmann/detail/value_t.hpp
-- Up-to-date: /home/chaofan/model_benchmark/benchmark/openvino/install/samples/cpp/thirdparty/nlohmann_json/include/nlohmann/json.hpp
-- Up-to-date: /home/chaofan/model_benchmark/benchmark/openvino/install/samples/cpp/thirdparty/nlohmann_json/include/nlohmann/byte_container_with_subtype.hpp
-- Up-to-date: /home/chaofan/model_benchmark/benchmark/openvino/install/runtime/3rdparty/tbb/lib
-- Up-to-date: /home/chaofan/model_benchmark/benchmark/openvino/install/runtime/3rdparty/tbb/lib/libtbbbind_2_5.so.3
-- Up-to-date: /home/chaofan/model_benchmark/benchmark/openvino/install/runtime/3rdparty/tbb/lib/libhwloc.so
-- Up-to-date: /home/chaofan/model_benchmark/benchmark/openvino/install/runtime/3rdparty/tbb/lib/libtbbmalloc.so
-- Up-to-date: /home/chaofan/model_benchmark/benchmark/openvino/install/runtime/3rdparty/tbb/lib/libtbbmalloc_proxy.so.2
-- Up-to-date: /home/chaofan/model_benchmark/benchmark/openvino/install/runtime/3rdparty/tbb/lib/libtbbbind_2_5.so
-- Up-to-date: /home/chaofan/model_benchmark/benchmark/openvino/install/runtime/3rdparty/tbb/lib/libtbbbind_2_5.so.3.13
-- Up-to-date: /home/chaofan/model_benchmark/benchmark/openvino/install/runtime/3rdparty/tbb/lib/libtbb.so.12.13
-- Up-to-date: /home/chaofan/model_benchmark/benchmark/openvino/install/runtime/3rdparty/tbb/lib/libtbb.so
-- Up-to-date: /home/chaofan/model_benchmark/benchmark/openvino/install/runtime/3rdparty/tbb/lib/libhwloc.so.15
-- Up-to-date: /home/chaofan/model_benchmark/benchmark/openvino/install/runtime/3rdparty/tbb/lib/libhwloc.so.15.6.4
-- Up-to-date: /home/chaofan/model_benchmark/benchmark/openvino/install/runtime/3rdparty/tbb/lib/pkgconfig
-- Up-to-date: /home/chaofan/model_benchmark/benchmark/openvino/install/runtime/3rdparty/tbb/lib/pkgconfig/tbb.pc
-- Up-to-date: /home/chaofan/model_benchmark/benchmark/openvino/install/runtime/3rdparty/tbb/lib/libtbbmalloc_proxy.so.2.13
-- Up-to-date: /home/chaofan/model_benchmark/benchmark/openvino/install/runtime/3rdparty/tbb/lib/libtbbmalloc.so.2
-- Up-to-date: /home/chaofan/model_benchmark/benchmark/openvino/install/runtime/3rdparty/tbb/lib/libtbbmalloc_proxy.so
-- Up-to-date: /home/chaofan/model_benchmark/benchmark/openvino/install/runtime/3rdparty/tbb/lib/libtbb.so.12
-- Up-to-date: /home/chaofan/model_benchmark/benchmark/openvino/install/runtime/3rdparty/tbb/lib/libtbbmalloc.so.2.13
-- Up-to-date: /home/chaofan/model_benchmark/benchmark/openvino/install/runtime/3rdparty/tbb/TBB-LICENSE
-- Up-to-date: /home/chaofan/model_benchmark/benchmark/openvino/install/runtime/3rdparty/tbb/lib/cmake
-- Up-to-date: /home/chaofan/model_benchmark/benchmark/openvino/install/runtime/3rdparty/tbb/lib/cmake/TBB
-- Up-to-date: /home/chaofan/model_benchmark/benchmark/openvino/install/runtime/3rdparty/tbb/lib/cmake/TBB/TBBTargets.cmake
-- Up-to-date: /home/chaofan/model_benchmark/benchmark/openvino/install/runtime/3rdparty/tbb/lib/cmake/TBB/TBBTargets-release.cmake
-- Up-to-date: /home/chaofan/model_benchmark/benchmark/openvino/install/runtime/3rdparty/tbb/lib/cmake/TBB/TBBConfigVersion.cmake
-- Up-to-date: /home/chaofan/model_benchmark/benchmark/openvino/install/runtime/3rdparty/tbb/lib/cmake/TBB/TBBConfig.cmake
-- Up-to-date: /home/chaofan/model_benchmark/benchmark/openvino/install/runtime/3rdparty/tbb/include
-- Up-to-date: /home/chaofan/model_benchmark/benchmark/openvino/install/runtime/3rdparty/tbb/include/tbb
-- Up-to-date: /home/chaofan/model_benchmark/benchmark/openvino/install/runtime/3rdparty/tbb/include/tbb/profiling.h
-- Up-to-date: /home/chaofan/model_benchmark/benchmark/openvino/install/runtime/3rdparty/tbb/include/tbb/info.h
-- Up-to-date: /home/chaofan/model_benchmark/benchmark/openvino/install/runtime/3rdparty/tbb/include/tbb/task.h
-- Up-to-date: /home/chaofan/model_benchmark/benchmark/openvino/install/runtime/3rdparty/tbb/include/tbb/blocked_rangeNd.h
-- Up-to-date: /home/chaofan/model_benchmark/benchmark/openvino/install/runtime/3rdparty/tbb/include/tbb/concurrent_map.h
-- Up-to-date: /home/chaofan/model_benchmark/benchmark/openvino/install/runtime/3rdparty/tbb/include/tbb/null_mutex.h
-- Up-to-date: /home/chaofan/model_benchmark/benchmark/openvino/install/runtime/3rdparty/tbb/include/tbb/queuing_mutex.h
-- Up-to-date: /home/chaofan/model_benchmark/benchmark/openvino/install/runtime/3rdparty/tbb/include/tbb/combinable.h
-- Up-to-date: /home/chaofan/model_benchmark/benchmark/openvino/install/runtime/3rdparty/tbb/include/tbb/task_group.h
-- Up-to-date: /home/chaofan/model_benchmark/benchmark/openvino/install/runtime/3rdparty/tbb/include/tbb/null_rw_mutex.h
-- Up-to-date: /home/chaofan/model_benchmark/benchmark/openvino/install/runtime/3rdparty/tbb/include/tbb/tbb_allocator.h
-- Up-to-date: /home/chaofan/model_benchmark/benchmark/openvino/install/runtime/3rdparty/tbb/include/tbb/flow_graph_abstractions.h
-- Up-to-date: /home/chaofan/model_benchmark/benchmark/openvino/install/runtime/3rdparty/tbb/include/tbb/tick_count.h
-- Up-to-date: /home/chaofan/model_benchmark/benchmark/openvino/install/runtime/3rdparty/tbb/include/tbb/concurrent_hash_map.h
-- Up-to-date: /home/chaofan/model_benchmark/benchmark/openvino/install/runtime/3rdparty/tbb/include/tbb/parallel_pipeline.h
-- Up-to-date: /home/chaofan/model_benchmark/benchmark/openvino/install/runtime/3rdparty/tbb/include/tbb/enumerable_thread_specific.h
-- Up-to-date: /home/chaofan/model_benchmark/benchmark/openvino/install/runtime/3rdparty/tbb/include/tbb/parallel_sort.h
-- Up-to-date: /home/chaofan/model_benchmark/benchmark/openvino/install/runtime/3rdparty/tbb/include/tbb/concurrent_queue.h
-- Up-to-date: /home/chaofan/model_benchmark/benchmark/openvino/install/runtime/3rdparty/tbb/include/tbb/global_control.h
-- Up-to-date: /home/chaofan/model_benchmark/benchmark/openvino/install/runtime/3rdparty/tbb/include/tbb/scalable_allocator.h
-- Up-to-date: /home/chaofan/model_benchmark/benchmark/openvino/install/runtime/3rdparty/tbb/include/tbb/parallel_invoke.h
-- Up-to-date: /home/chaofan/model_benchmark/benchmark/openvino/install/runtime/3rdparty/tbb/include/tbb/queuing_rw_mutex.h
-- Up-to-date: /home/chaofan/model_benchmark/benchmark/openvino/install/runtime/3rdparty/tbb/include/tbb/concurrent_set.h
-- Up-to-date: /home/chaofan/model_benchmark/benchmark/openvino/install/runtime/3rdparty/tbb/include/tbb/cache_aligned_allocator.h
-- Up-to-date: /home/chaofan/model_benchmark/benchmark/openvino/install/runtime/3rdparty/tbb/include/tbb/concurrent_priority_queue.h
-- Up-to-date: /home/chaofan/model_benchmark/benchmark/openvino/install/runtime/3rdparty/tbb/include/tbb/parallel_for_each.h
-- Up-to-date: /home/chaofan/model_benchmark/benchmark/openvino/install/runtime/3rdparty/tbb/include/tbb/task_scheduler_observer.h
-- Up-to-date: /home/chaofan/model_benchmark/benchmark/openvino/install/runtime/3rdparty/tbb/include/tbb/tbb.h
-- Up-to-date: /home/chaofan/model_benchmark/benchmark/openvino/install/runtime/3rdparty/tbb/include/tbb/blocked_range2d.h
-- Up-to-date: /home/chaofan/model_benchmark/benchmark/openvino/install/runtime/3rdparty/tbb/include/tbb/memory_pool.h
-- Up-to-date: /home/chaofan/model_benchmark/benchmark/openvino/install/runtime/3rdparty/tbb/include/tbb/partitioner.h
-- Up-to-date: /home/chaofan/model_benchmark/benchmark/openvino/install/runtime/3rdparty/tbb/include/tbb/parallel_reduce.h
-- Up-to-date: /home/chaofan/model_benchmark/benchmark/openvino/install/runtime/3rdparty/tbb/include/tbb/spin_mutex.h
-- Up-to-date: /home/chaofan/model_benchmark/benchmark/openvino/install/runtime/3rdparty/tbb/include/tbb/flow_graph.h
-- Up-to-date: /home/chaofan/model_benchmark/benchmark/openvino/install/runtime/3rdparty/tbb/include/tbb/mutex.h
-- Up-to-date: /home/chaofan/model_benchmark/benchmark/openvino/install/runtime/3rdparty/tbb/include/tbb/concurrent_unordered_set.h
-- Up-to-date: /home/chaofan/model_benchmark/benchmark/openvino/install/runtime/3rdparty/tbb/include/tbb/rw_mutex.h
-- Up-to-date: /home/chaofan/model_benchmark/benchmark/openvino/install/runtime/3rdparty/tbb/include/tbb/collaborative_call_once.h
-- Up-to-date: /home/chaofan/model_benchmark/benchmark/openvino/install/runtime/3rdparty/tbb/include/tbb/concurrent_vector.h
-- Up-to-date: /home/chaofan/model_benchmark/benchmark/openvino/install/runtime/3rdparty/tbb/include/tbb/task_arena.h
-- Up-to-date: /home/chaofan/model_benchmark/benchmark/openvino/install/runtime/3rdparty/tbb/include/tbb/blocked_range3d.h
-- Up-to-date: /home/chaofan/model_benchmark/benchmark/openvino/install/runtime/3rdparty/tbb/include/tbb/blocked_range.h
-- Up-to-date: /home/chaofan/model_benchmark/benchmark/openvino/install/runtime/3rdparty/tbb/include/tbb/parallel_scan.h
-- Up-to-date: /home/chaofan/model_benchmark/benchmark/openvino/install/runtime/3rdparty/tbb/include/tbb/spin_rw_mutex.h
-- Up-to-date: /home/chaofan/model_benchmark/benchmark/openvino/install/runtime/3rdparty/tbb/include/tbb/version.h
-- Up-to-date: /home/chaofan/model_benchmark/benchmark/openvino/install/runtime/3rdparty/tbb/include/tbb/concurrent_unordered_map.h
-- Up-to-date: /home/chaofan/model_benchmark/benchmark/openvino/install/runtime/3rdparty/tbb/include/tbb/parallel_for.h
-- Up-to-date: /home/chaofan/model_benchmark/benchmark/openvino/install/runtime/3rdparty/tbb/include/tbb/concurrent_lru_cache.h
-- Up-to-date: /home/chaofan/model_benchmark/benchmark/openvino/install/runtime/3rdparty/tbb/include/tbb/tbbmalloc_proxy.h
-- Up-to-date: /home/chaofan/model_benchmark/benchmark/openvino/install/runtime/3rdparty/tbb/include/oneapi
-- Up-to-date: /home/chaofan/model_benchmark/benchmark/openvino/install/runtime/3rdparty/tbb/include/oneapi/tbb
-- Up-to-date: /home/chaofan/model_benchmark/benchmark/openvino/install/runtime/3rdparty/tbb/include/oneapi/tbb/profiling.h
-- Up-to-date: /home/chaofan/model_benchmark/benchmark/openvino/install/runtime/3rdparty/tbb/include/oneapi/tbb/info.h
-- Up-to-date: /home/chaofan/model_benchmark/benchmark/openvino/install/runtime/3rdparty/tbb/include/oneapi/tbb/task.h
-- Up-to-date: /home/chaofan/model_benchmark/benchmark/openvino/install/runtime/3rdparty/tbb/include/oneapi/tbb/blocked_rangeNd.h
-- Up-to-date: /home/chaofan/model_benchmark/benchmark/openvino/install/runtime/3rdparty/tbb/include/oneapi/tbb/concurrent_map.h
-- Up-to-date: /home/chaofan/model_benchmark/benchmark/openvino/install/runtime/3rdparty/tbb/include/oneapi/tbb/null_mutex.h
-- Up-to-date: /home/chaofan/model_benchmark/benchmark/openvino/install/runtime/3rdparty/tbb/include/oneapi/tbb/queuing_mutex.h
-- Up-to-date: /home/chaofan/model_benchmark/benchmark/openvino/install/runtime/3rdparty/tbb/include/oneapi/tbb/combinable.h
-- Up-to-date: /home/chaofan/model_benchmark/benchmark/openvino/install/runtime/3rdparty/tbb/include/oneapi/tbb/task_group.h
-- Up-to-date: /home/chaofan/model_benchmark/benchmark/openvino/install/runtime/3rdparty/tbb/include/oneapi/tbb/null_rw_mutex.h
-- Up-to-date: /home/chaofan/model_benchmark/benchmark/openvino/install/runtime/3rdparty/tbb/include/oneapi/tbb/tbb_allocator.h
-- Up-to-date: /home/chaofan/model_benchmark/benchmark/openvino/install/runtime/3rdparty/tbb/include/oneapi/tbb/flow_graph_abstractions.h
-- Up-to-date: /home/chaofan/model_benchmark/benchmark/openvino/install/runtime/3rdparty/tbb/include/oneapi/tbb/tick_count.h
-- Up-to-date: /home/chaofan/model_benchmark/benchmark/openvino/install/runtime/3rdparty/tbb/include/oneapi/tbb/detail
-- Up-to-date: /home/chaofan/model_benchmark/benchmark/openvino/install/runtime/3rdparty/tbb/include/oneapi/tbb/detail/_aggregator.h
-- Up-to-date: /home/chaofan/model_benchmark/benchmark/openvino/install/runtime/3rdparty/tbb/include/oneapi/tbb/detail/_aligned_space.h
-- Up-to-date: /home/chaofan/model_benchmark/benchmark/openvino/install/runtime/3rdparty/tbb/include/oneapi/tbb/detail/_segment_table.h
-- Up-to-date: /home/chaofan/model_benchmark/benchmark/openvino/install/runtime/3rdparty/tbb/include/oneapi/tbb/detail/_concurrent_queue_base.h
-- Up-to-date: /home/chaofan/model_benchmark/benchmark/openvino/install/runtime/3rdparty/tbb/include/oneapi/tbb/detail/_intrusive_list_node.h
-- Up-to-date: /home/chaofan/model_benchmark/benchmark/openvino/install/runtime/3rdparty/tbb/include/oneapi/tbb/detail/_hash_compare.h
-- Up-to-date: /home/chaofan/model_benchmark/benchmark/openvino/install/runtime/3rdparty/tbb/include/oneapi/tbb/detail/_waitable_atomic.h
-- Up-to-date: /home/chaofan/model_benchmark/benchmark/openvino/install/runtime/3rdparty/tbb/include/oneapi/tbb/detail/_flow_graph_impl.h
-- Up-to-date: /home/chaofan/model_benchmark/benchmark/openvino/install/runtime/3rdparty/tbb/include/oneapi/tbb/detail/_rtm_mutex.h
-- Up-to-date: /home/chaofan/model_benchmark/benchmark/openvino/install/runtime/3rdparty/tbb/include/oneapi/tbb/detail/_flow_graph_tagged_buffer_impl.h
-- Up-to-date: /home/chaofan/model_benchmark/benchmark/openvino/install/runtime/3rdparty/tbb/include/oneapi/tbb/detail/_namespace_injection.h
-- Up-to-date: /home/chaofan/model_benchmark/benchmark/openvino/install/runtime/3rdparty/tbb/include/oneapi/tbb/detail/_task_handle.h
-- Up-to-date: /home/chaofan/model_benchmark/benchmark/openvino/install/runtime/3rdparty/tbb/include/oneapi/tbb/detail/_flow_graph_indexer_impl.h
-- Up-to-date: /home/chaofan/model_benchmark/benchmark/openvino/install/runtime/3rdparty/tbb/include/oneapi/tbb/detail/_attach.h
-- Up-to-date: /home/chaofan/model_benchmark/benchmark/openvino/install/runtime/3rdparty/tbb/include/oneapi/tbb/detail/_flow_graph_cache_impl.h
-- Up-to-date: /home/chaofan/model_benchmark/benchmark/openvino/install/runtime/3rdparty/tbb/include/oneapi/tbb/detail/_pipeline_filters.h
-- Up-to-date: /home/chaofan/model_benchmark/benchmark/openvino/install/runtime/3rdparty/tbb/include/oneapi/tbb/detail/_export.h
-- Up-to-date: /home/chaofan/model_benchmark/benchmark/openvino/install/runtime/3rdparty/tbb/include/oneapi/tbb/detail/_string_resource.h
-- Up-to-date: /home/chaofan/model_benchmark/benchmark/openvino/install/runtime/3rdparty/tbb/include/oneapi/tbb/detail/_utils.h
-- Up-to-date: /home/chaofan/model_benchmark/benchmark/openvino/install/runtime/3rdparty/tbb/include/oneapi/tbb/detail/_flow_graph_body_impl.h
-- Up-to-date: /home/chaofan/model_benchmark/benchmark/openvino/install/runtime/3rdparty/tbb/include/oneapi/tbb/detail/_concurrent_unordered_base.h
-- Up-to-date: /home/chaofan/model_benchmark/benchmark/openvino/install/runtime/3rdparty/tbb/include/oneapi/tbb/detail/_flow_graph_node_set_impl.h
-- Up-to-date: /home/chaofan/model_benchmark/benchmark/openvino/install/runtime/3rdparty/tbb/include/oneapi/tbb/detail/_flow_graph_trace_impl.h
-- Up-to-date: /home/chaofan/model_benchmark/benchmark/openvino/install/runtime/3rdparty/tbb/include/oneapi/tbb/detail/_small_object_pool.h
-- Up-to-date: /home/chaofan/model_benchmark/benchmark/openvino/install/runtime/3rdparty/tbb/include/oneapi/tbb/detail/_assert.h
-- Up-to-date: /home/chaofan/model_benchmark/benchmark/openvino/install/runtime/3rdparty/tbb/include/oneapi/tbb/detail/_flow_graph_node_impl.h
-- Up-to-date: /home/chaofan/model_benchmark/benchmark/openvino/install/runtime/3rdparty/tbb/include/oneapi/tbb/detail/_containers_helpers.h
-- Up-to-date: /home/chaofan/model_benchmark/benchmark/openvino/install/runtime/3rdparty/tbb/include/oneapi/tbb/detail/_machine.h
-- Up-to-date: /home/chaofan/model_benchmark/benchmark/openvino/install/runtime/3rdparty/tbb/include/oneapi/tbb/detail/_config.h
-- Up-to-date: /home/chaofan/model_benchmark/benchmark/openvino/install/runtime/3rdparty/tbb/include/oneapi/tbb/detail/_flow_graph_types_impl.h
-- Up-to-date: /home/chaofan/model_benchmark/benchmark/openvino/install/runtime/3rdparty/tbb/include/oneapi/tbb/detail/_exception.h
-- Up-to-date: /home/chaofan/model_benchmark/benchmark/openvino/install/runtime/3rdparty/tbb/include/oneapi/tbb/detail/_mutex_common.h
-- Up-to-date: /home/chaofan/model_benchmark/benchmark/openvino/install/runtime/3rdparty/tbb/include/oneapi/tbb/detail/_flow_graph_nodes_deduction.h
-- Up-to-date: /home/chaofan/model_benchmark/benchmark/openvino/install/runtime/3rdparty/tbb/include/oneapi/tbb/detail/_flow_graph_item_buffer_impl.h
-- Up-to-date: /home/chaofan/model_benchmark/benchmark/openvino/install/runtime/3rdparty/tbb/include/oneapi/tbb/detail/_scoped_lock.h
-- Up-to-date: /home/chaofan/model_benchmark/benchmark/openvino/install/runtime/3rdparty/tbb/include/oneapi/tbb/detail/_flow_graph_join_impl.h
-- Up-to-date: /home/chaofan/model_benchmark/benchmark/openvino/install/runtime/3rdparty/tbb/include/oneapi/tbb/detail/_template_helpers.h
-- Up-to-date: /home/chaofan/model_benchmark/benchmark/openvino/install/runtime/3rdparty/tbb/include/oneapi/tbb/detail/_rtm_rw_mutex.h
-- Up-to-date: /home/chaofan/model_benchmark/benchmark/openvino/install/runtime/3rdparty/tbb/include/oneapi/tbb/detail/_task.h
-- Up-to-date: /home/chaofan/model_benchmark/benchmark/openvino/install/runtime/3rdparty/tbb/include/oneapi/tbb/detail/_pipeline_filters_deduction.h
-- Up-to-date: /home/chaofan/model_benchmark/benchmark/openvino/install/runtime/3rdparty/tbb/include/oneapi/tbb/detail/_concurrent_skip_list.h
-- Up-to-date: /home/chaofan/model_benchmark/benchmark/openvino/install/runtime/3rdparty/tbb/include/oneapi/tbb/detail/_node_handle.h
-- Up-to-date: /home/chaofan/model_benchmark/benchmark/openvino/install/runtime/3rdparty/tbb/include/oneapi/tbb/detail/_allocator_traits.h
-- Up-to-date: /home/chaofan/model_benchmark/benchmark/openvino/install/runtime/3rdparty/tbb/include/oneapi/tbb/detail/_range_common.h
-- Up-to-date: /home/chaofan/model_benchmark/benchmark/openvino/install/runtime/3rdparty/tbb/include/oneapi/tbb/concurrent_hash_map.h
-- Up-to-date: /home/chaofan/model_benchmark/benchmark/openvino/install/runtime/3rdparty/tbb/include/oneapi/tbb/parallel_pipeline.h
-- Up-to-date: /home/chaofan/model_benchmark/benchmark/openvino/install/runtime/3rdparty/tbb/include/oneapi/tbb/enumerable_thread_specific.h
-- Up-to-date: /home/chaofan/model_benchmark/benchmark/openvino/install/runtime/3rdparty/tbb/include/oneapi/tbb/parallel_sort.h
-- Up-to-date: /home/chaofan/model_benchmark/benchmark/openvino/install/runtime/3rdparty/tbb/include/oneapi/tbb/concurrent_queue.h
-- Up-to-date: /home/chaofan/model_benchmark/benchmark/openvino/install/runtime/3rdparty/tbb/include/oneapi/tbb/global_control.h
-- Up-to-date: /home/chaofan/model_benchmark/benchmark/openvino/install/runtime/3rdparty/tbb/include/oneapi/tbb/scalable_allocator.h
-- Up-to-date: /home/chaofan/model_benchmark/benchmark/openvino/install/runtime/3rdparty/tbb/include/oneapi/tbb/parallel_invoke.h
-- Up-to-date: /home/chaofan/model_benchmark/benchmark/openvino/install/runtime/3rdparty/tbb/include/oneapi/tbb/queuing_rw_mutex.h
-- Up-to-date: /home/chaofan/model_benchmark/benchmark/openvino/install/runtime/3rdparty/tbb/include/oneapi/tbb/concurrent_set.h
-- Up-to-date: /home/chaofan/model_benchmark/benchmark/openvino/install/runtime/3rdparty/tbb/include/oneapi/tbb/cache_aligned_allocator.h
-- Up-to-date: /home/chaofan/model_benchmark/benchmark/openvino/install/runtime/3rdparty/tbb/include/oneapi/tbb/concurrent_priority_queue.h
-- Up-to-date: /home/chaofan/model_benchmark/benchmark/openvino/install/runtime/3rdparty/tbb/include/oneapi/tbb/parallel_for_each.h
-- Up-to-date: /home/chaofan/model_benchmark/benchmark/openvino/install/runtime/3rdparty/tbb/include/oneapi/tbb/task_scheduler_observer.h
-- Up-to-date: /home/chaofan/model_benchmark/benchmark/openvino/install/runtime/3rdparty/tbb/include/oneapi/tbb/blocked_range2d.h
-- Up-to-date: /home/chaofan/model_benchmark/benchmark/openvino/install/runtime/3rdparty/tbb/include/oneapi/tbb/memory_pool.h
-- Up-to-date: /home/chaofan/model_benchmark/benchmark/openvino/install/runtime/3rdparty/tbb/include/oneapi/tbb/partitioner.h
-- Up-to-date: /home/chaofan/model_benchmark/benchmark/openvino/install/runtime/3rdparty/tbb/include/oneapi/tbb/parallel_reduce.h
-- Up-to-date: /home/chaofan/model_benchmark/benchmark/openvino/install/runtime/3rdparty/tbb/include/oneapi/tbb/spin_mutex.h
-- Up-to-date: /home/chaofan/model_benchmark/benchmark/openvino/install/runtime/3rdparty/tbb/include/oneapi/tbb/flow_graph.h
-- Up-to-date: /home/chaofan/model_benchmark/benchmark/openvino/install/runtime/3rdparty/tbb/include/oneapi/tbb/mutex.h
-- Up-to-date: /home/chaofan/model_benchmark/benchmark/openvino/install/runtime/3rdparty/tbb/include/oneapi/tbb/concurrent_unordered_set.h
-- Up-to-date: /home/chaofan/model_benchmark/benchmark/openvino/install/runtime/3rdparty/tbb/include/oneapi/tbb/rw_mutex.h
-- Up-to-date: /home/chaofan/model_benchmark/benchmark/openvino/install/runtime/3rdparty/tbb/include/oneapi/tbb/collaborative_call_once.h
-- Up-to-date: /home/chaofan/model_benchmark/benchmark/openvino/install/runtime/3rdparty/tbb/include/oneapi/tbb/concurrent_vector.h
-- Up-to-date: /home/chaofan/model_benchmark/benchmark/openvino/install/runtime/3rdparty/tbb/include/oneapi/tbb/task_arena.h
-- Up-to-date: /home/chaofan/model_benchmark/benchmark/openvino/install/runtime/3rdparty/tbb/include/oneapi/tbb/blocked_range3d.h
-- Up-to-date: /home/chaofan/model_benchmark/benchmark/openvino/install/runtime/3rdparty/tbb/include/oneapi/tbb/blocked_range.h
-- Up-to-date: /home/chaofan/model_benchmark/benchmark/openvino/install/runtime/3rdparty/tbb/include/oneapi/tbb/parallel_scan.h
-- Up-to-date: /home/chaofan/model_benchmark/benchmark/openvino/install/runtime/3rdparty/tbb/include/oneapi/tbb/spin_rw_mutex.h
-- Up-to-date: /home/chaofan/model_benchmark/benchmark/openvino/install/runtime/3rdparty/tbb/include/oneapi/tbb/version.h
-- Up-to-date: /home/chaofan/model_benchmark/benchmark/openvino/install/runtime/3rdparty/tbb/include/oneapi/tbb/concurrent_unordered_map.h
-- Up-to-date: /home/chaofan/model_benchmark/benchmark/openvino/install/runtime/3rdparty/tbb/include/oneapi/tbb/parallel_for.h
-- Up-to-date: /home/chaofan/model_benchmark/benchmark/openvino/install/runtime/3rdparty/tbb/include/oneapi/tbb/concurrent_lru_cache.h
-- Up-to-date: /home/chaofan/model_benchmark/benchmark/openvino/install/runtime/3rdparty/tbb/include/oneapi/tbb/tbbmalloc_proxy.h
-- Up-to-date: /home/chaofan/model_benchmark/benchmark/openvino/install/runtime/3rdparty/tbb/include/oneapi/tbb.h
-- Up-to-date: /home/chaofan/model_benchmark/benchmark/openvino/install/runtime/include
-- Up-to-date: /home/chaofan/model_benchmark/benchmark/openvino/install/runtime/include/openvino
-- Up-to-date: /home/chaofan/model_benchmark/benchmark/openvino/install/runtime/include/openvino/opsets
-- Up-to-date: /home/chaofan/model_benchmark/benchmark/openvino/install/runtime/include/openvino/opsets/opset5.hpp
-- Up-to-date: /home/chaofan/model_benchmark/benchmark/openvino/install/runtime/include/openvino/opsets/opset9_tbl.hpp
-- Up-to-date: /home/chaofan/model_benchmark/benchmark/openvino/install/runtime/include/openvino/opsets/opset12.hpp
-- Up-to-date: /home/chaofan/model_benchmark/benchmark/openvino/install/runtime/include/openvino/opsets/opset2_tbl.hpp
-- Up-to-date: /home/chaofan/model_benchmark/benchmark/openvino/install/runtime/include/openvino/opsets/opset6_tbl.hpp
-- Up-to-date: /home/chaofan/model_benchmark/benchmark/openvino/install/runtime/include/openvino/opsets/opset8_tbl.hpp
-- Up-to-date: /home/chaofan/model_benchmark/benchmark/openvino/install/runtime/include/openvino/opsets/opset13_tbl.hpp
-- Up-to-date: /home/chaofan/model_benchmark/benchmark/openvino/install/runtime/include/openvino/opsets/opset10_tbl.hpp
-- Up-to-date: /home/chaofan/model_benchmark/benchmark/openvino/install/runtime/include/openvino/opsets/opset.hpp
-- Up-to-date: /home/chaofan/model_benchmark/benchmark/openvino/install/runtime/include/openvino/opsets/opset16.hpp
-- Up-to-date: /home/chaofan/model_benchmark/benchmark/openvino/install/runtime/include/openvino/opsets/opset11.hpp
-- Up-to-date: /home/chaofan/model_benchmark/benchmark/openvino/install/runtime/include/openvino/opsets/opset16_tbl.hpp
-- Up-to-date: /home/chaofan/model_benchmark/benchmark/openvino/install/runtime/include/openvino/opsets/opset3_tbl.hpp
-- Up-to-date: /home/chaofan/model_benchmark/benchmark/openvino/install/runtime/include/openvino/opsets/opset3.hpp
-- Up-to-date: /home/chaofan/model_benchmark/benchmark/openvino/install/runtime/include/openvino/opsets/opset14.hpp
-- Up-to-date: /home/chaofan/model_benchmark/benchmark/openvino/install/runtime/include/openvino/opsets/opset11_tbl.hpp
-- Up-to-date: /home/chaofan/model_benchmark/benchmark/openvino/install/runtime/include/openvino/opsets/opset7.hpp
-- Up-to-date: /home/chaofan/model_benchmark/benchmark/openvino/install/runtime/include/openvino/opsets/opset15_tbl.hpp
-- Up-to-date: /home/chaofan/model_benchmark/benchmark/openvino/install/runtime/include/openvino/opsets/opset14_tbl.hpp
-- Up-to-date: /home/chaofan/model_benchmark/benchmark/openvino/install/runtime/include/openvino/opsets/opset4.hpp
-- Up-to-date: /home/chaofan/model_benchmark/benchmark/openvino/install/runtime/include/openvino/opsets/opset7_tbl.hpp
-- Up-to-date: /home/chaofan/model_benchmark/benchmark/openvino/install/runtime/include/openvino/opsets/opset12_tbl.hpp
-- Up-to-date: /home/chaofan/model_benchmark/benchmark/openvino/install/runtime/include/openvino/opsets/opset17_tbl.hpp
-- Up-to-date: /home/chaofan/model_benchmark/benchmark/openvino/install/runtime/include/openvino/opsets/opset13.hpp
-- Up-to-date: /home/chaofan/model_benchmark/benchmark/openvino/install/runtime/include/openvino/opsets/opset8.hpp
-- Up-to-date: /home/chaofan/model_benchmark/benchmark/openvino/install/runtime/include/openvino/opsets/opset6.hpp
-- Up-to-date: /home/chaofan/model_benchmark/benchmark/openvino/install/runtime/include/openvino/opsets/opset17.hpp
-- Up-to-date: /home/chaofan/model_benchmark/benchmark/openvino/install/runtime/include/openvino/opsets/opset1_tbl.hpp
-- Up-to-date: /home/chaofan/model_benchmark/benchmark/openvino/install/runtime/include/openvino/opsets/opset1.hpp
-- Up-to-date: /home/chaofan/model_benchmark/benchmark/openvino/install/runtime/include/openvino/opsets/opset9.hpp
-- Up-to-date: /home/chaofan/model_benchmark/benchmark/openvino/install/runtime/include/openvino/opsets/opset2.hpp
-- Up-to-date: /home/chaofan/model_benchmark/benchmark/openvino/install/runtime/include/openvino/opsets/opset15.hpp
-- Up-to-date: /home/chaofan/model_benchmark/benchmark/openvino/install/runtime/include/openvino/opsets/opset5_tbl.hpp
-- Up-to-date: /home/chaofan/model_benchmark/benchmark/openvino/install/runtime/include/openvino/opsets/opset10.hpp
-- Up-to-date: /home/chaofan/model_benchmark/benchmark/openvino/install/runtime/include/openvino/opsets/opset4_tbl.hpp
-- Up-to-date: /home/chaofan/model_benchmark/benchmark/openvino/install/runtime/include/openvino/pass
-- Up-to-date: /home/chaofan/model_benchmark/benchmark/openvino/install/runtime/include/openvino/pass/backward_graph_rewrite.hpp
-- Up-to-date: /home/chaofan/model_benchmark/benchmark/openvino/install/runtime/include/openvino/pass/low_latency.hpp
-- Up-to-date: /home/chaofan/model_benchmark/benchmark/openvino/install/runtime/include/openvino/pass/serialize.hpp
-- Up-to-date: /home/chaofan/model_benchmark/benchmark/openvino/install/runtime/include/openvino/pass/manager.hpp
-- Up-to-date: /home/chaofan/model_benchmark/benchmark/openvino/install/runtime/include/openvino/pass/pass_config.hpp
-- Up-to-date: /home/chaofan/model_benchmark/benchmark/openvino/install/runtime/include/openvino/pass/pass.hpp
-- Up-to-date: /home/chaofan/model_benchmark/benchmark/openvino/install/runtime/include/openvino/pass/convert_fp32_to_fp16.hpp
-- Up-to-date: /home/chaofan/model_benchmark/benchmark/openvino/install/runtime/include/openvino/pass/graph_rewrite.hpp
-- Up-to-date: /home/chaofan/model_benchmark/benchmark/openvino/install/runtime/include/openvino/pass/visualize_tree.hpp
-- Up-to-date: /home/chaofan/model_benchmark/benchmark/openvino/install/runtime/include/openvino/pass/matcher_pass.hpp
-- Up-to-date: /home/chaofan/model_benchmark/benchmark/openvino/install/runtime/include/openvino/pass/sdpa_to_vlsdpa.hpp
-- Up-to-date: /home/chaofan/model_benchmark/benchmark/openvino/install/runtime/include/openvino/pass/validate.hpp
-- Up-to-date: /home/chaofan/model_benchmark/benchmark/openvino/install/runtime/include/openvino/pass/node_registry.hpp
-- Up-to-date: /home/chaofan/model_benchmark/benchmark/openvino/install/runtime/include/openvino/pass/stateful_to_stateless.hpp
-- Up-to-date: /home/chaofan/model_benchmark/benchmark/openvino/install/runtime/include/openvino/pass/make_stateful.hpp
-- Up-to-date: /home/chaofan/model_benchmark/benchmark/openvino/install/runtime/include/openvino/pass/pattern
-- Up-to-date: /home/chaofan/model_benchmark/benchmark/openvino/install/runtime/include/openvino/pass/pattern/matcher.hpp
-- Up-to-date: /home/chaofan/model_benchmark/benchmark/openvino/install/runtime/include/openvino/pass/pattern/multi_matcher.hpp
-- Up-to-date: /home/chaofan/model_benchmark/benchmark/openvino/install/runtime/include/openvino/pass/pattern/op
-- Up-to-date: /home/chaofan/model_benchmark/benchmark/openvino/install/runtime/include/openvino/pass/pattern/op/op.hpp
-- Up-to-date: /home/chaofan/model_benchmark/benchmark/openvino/install/runtime/include/openvino/pass/pattern/op/predicate.hpp
-- Up-to-date: /home/chaofan/model_benchmark/benchmark/openvino/install/runtime/include/openvino/pass/pattern/op/any.hpp
-- Up-to-date: /home/chaofan/model_benchmark/benchmark/openvino/install/runtime/include/openvino/pass/pattern/op/any_output.hpp
-- Up-to-date: /home/chaofan/model_benchmark/benchmark/openvino/install/runtime/include/openvino/pass/pattern/op/any_of.hpp
-- Up-to-date: /home/chaofan/model_benchmark/benchmark/openvino/install/runtime/include/openvino/pass/pattern/op/or.hpp
-- Up-to-date: /home/chaofan/model_benchmark/benchmark/openvino/install/runtime/include/openvino/pass/pattern/op/label.hpp
-- Up-to-date: /home/chaofan/model_benchmark/benchmark/openvino/install/runtime/include/openvino/pass/pattern/op/block_util.hpp
-- Up-to-date: /home/chaofan/model_benchmark/benchmark/openvino/install/runtime/include/openvino/pass/pattern/op/true.hpp
-- Up-to-date: /home/chaofan/model_benchmark/benchmark/openvino/install/runtime/include/openvino/pass/pattern/op/wrap_type.hpp
-- Up-to-date: /home/chaofan/model_benchmark/benchmark/openvino/install/runtime/include/openvino/pass/pattern/op/block.hpp
-- Up-to-date: /home/chaofan/model_benchmark/benchmark/openvino/install/runtime/include/openvino/pass/pattern/op/pattern.hpp
-- Up-to-date: /home/chaofan/model_benchmark/benchmark/openvino/install/runtime/include/openvino/pass/pattern/op/optional.hpp
-- Up-to-date: /home/chaofan/model_benchmark/benchmark/openvino/install/runtime/include/openvino/pass/pa_kv_reorder_fusion.hpp
-- Up-to-date: /home/chaofan/model_benchmark/benchmark/openvino/install/runtime/include/openvino/pass/constant_folding.hpp
-- Up-to-date: /home/chaofan/model_benchmark/benchmark/openvino/install/runtime/include/openvino/pass/sdpa_to_paged_attention.hpp
-- Up-to-date: /home/chaofan/model_benchmark/benchmark/openvino/install/runtime/include/openvino/op
-- Up-to-date: /home/chaofan/model_benchmark/benchmark/openvino/install/runtime/include/openvino/op/embeddingbag_packedsum.hpp
-- Up-to-date: /home/chaofan/model_benchmark/benchmark/openvino/install/runtime/include/openvino/op/minimum.hpp
-- Up-to-date: /home/chaofan/model_benchmark/benchmark/openvino/install/runtime/include/openvino/op/matrix_nms.hpp
-- Up-to-date: /home/chaofan/model_benchmark/benchmark/openvino/install/runtime/include/openvino/op/experimental_detectron_detection_output.hpp
-- Up-to-date: /home/chaofan/model_benchmark/benchmark/openvino/install/runtime/include/openvino/op/cos.hpp
-- Up-to-date: /home/chaofan/model_benchmark/benchmark/openvino/install/runtime/include/openvino/op/prior_box_clustered.hpp
-- Up-to-date: /home/chaofan/model_benchmark/benchmark/openvino/install/runtime/include/openvino/op/experimental_detectron_generate_proposals.hpp
-- Up-to-date: /home/chaofan/model_benchmark/benchmark/openvino/install/runtime/include/openvino/op/embeddingbag_offsets.hpp
-- Up-to-date: /home/chaofan/model_benchmark/benchmark/openvino/install/runtime/include/openvino/op/softsign.hpp
-- Up-to-date: /home/chaofan/model_benchmark/benchmark/openvino/install/runtime/include/openvino/op/op.hpp
-- Up-to-date: /home/chaofan/model_benchmark/benchmark/openvino/install/runtime/include/openvino/op/logical_not.hpp
-- Up-to-date: /home/chaofan/model_benchmark/benchmark/openvino/install/runtime/include/openvino/op/selu.hpp
-- Up-to-date: /home/chaofan/model_benchmark/benchmark/openvino/install/runtime/include/openvino/op/identity.hpp
-- Up-to-date: /home/chaofan/model_benchmark/benchmark/openvino/install/runtime/include/openvino/op/split.hpp
-- Up-to-date: /home/chaofan/model_benchmark/benchmark/openvino/install/runtime/include/openvino/op/reduce_l2.hpp
-- Up-to-date: /home/chaofan/model_benchmark/benchmark/openvino/install/runtime/include/openvino/op/i420_to_rgb.hpp
-- Up-to-date: /home/chaofan/model_benchmark/benchmark/openvino/install/runtime/include/openvino/op/maximum.hpp
-- Up-to-date: /home/chaofan/model_benchmark/benchmark/openvino/install/runtime/include/openvino/op/atanh.hpp
-- Up-to-date: /home/chaofan/model_benchmark/benchmark/openvino/install/runtime/include/openvino/op/grn.hpp
-- Up-to-date: /home/chaofan/model_benchmark/benchmark/openvino/install/runtime/include/openvino/op/deformable_convolution.hpp
-- Up-to-date: /home/chaofan/model_benchmark/benchmark/openvino/install/runtime/include/openvino/op/roll.hpp
-- Up-to-date: /home/chaofan/model_benchmark/benchmark/openvino/install/runtime/include/openvino/op/reduce_logical_and.hpp
-- Up-to-date: /home/chaofan/model_benchmark/benchmark/openvino/install/runtime/include/openvino/op/convolution.hpp
-- Up-to-date: /home/chaofan/model_benchmark/benchmark/openvino/install/runtime/include/openvino/op/unique.hpp
-- Up-to-date: /home/chaofan/model_benchmark/benchmark/openvino/install/runtime/include/openvino/op/tan.hpp
-- Up-to-date: /home/chaofan/model_benchmark/benchmark/openvino/install/runtime/include/openvino/op/rdft.hpp
-- Up-to-date: /home/chaofan/model_benchmark/benchmark/openvino/install/runtime/include/openvino/op/parameter.hpp
-- Up-to-date: /home/chaofan/model_benchmark/benchmark/openvino/install/runtime/include/openvino/op/cosh.hpp
-- Up-to-date: /home/chaofan/model_benchmark/benchmark/openvino/install/runtime/include/openvino/op/power.hpp
-- Up-to-date: /home/chaofan/model_benchmark/benchmark/openvino/install/runtime/include/openvino/op/loop.hpp
-- Up-to-date: /home/chaofan/model_benchmark/benchmark/openvino/install/runtime/include/openvino/op/experimental_detectron_prior_grid_generator.hpp
-- Up-to-date: /home/chaofan/model_benchmark/benchmark/openvino/install/runtime/include/openvino/op/batch_norm.hpp
-- Up-to-date: /home/chaofan/model_benchmark/benchmark/openvino/install/runtime/include/openvino/op/tile.hpp
-- Up-to-date: /home/chaofan/model_benchmark/benchmark/openvino/install/runtime/include/openvino/op/space_to_depth.hpp
-- Up-to-date: /home/chaofan/model_benchmark/benchmark/openvino/install/runtime/include/openvino/op/gru_cell.hpp
-- Up-to-date: /home/chaofan/model_benchmark/benchmark/openvino/install/runtime/include/openvino/op/ceiling.hpp
-- Up-to-date: /home/chaofan/model_benchmark/benchmark/openvino/install/runtime/include/openvino/op/non_max_suppression.hpp
-- Up-to-date: /home/chaofan/model_benchmark/benchmark/openvino/install/runtime/include/openvino/op/space_to_batch.hpp
-- Up-to-date: /home/chaofan/model_benchmark/benchmark/openvino/install/runtime/include/openvino/op/softplus.hpp
-- Up-to-date: /home/chaofan/model_benchmark/benchmark/openvino/install/runtime/include/openvino/op/reduce_min.hpp
-- Up-to-date: /home/chaofan/model_benchmark/benchmark/openvino/install/runtime/include/openvino/op/squared_difference.hpp
-- Up-to-date: /home/chaofan/model_benchmark/benchmark/openvino/install/runtime/include/openvino/op/sink.hpp
-- Up-to-date: /home/chaofan/model_benchmark/benchmark/openvino/install/runtime/include/openvino/op/ops.hpp
-- Up-to-date: /home/chaofan/model_benchmark/benchmark/openvino/install/runtime/include/openvino/op/idft.hpp
-- Up-to-date: /home/chaofan/model_benchmark/benchmark/openvino/install/runtime/include/openvino/op/reduce_logical_or.hpp
-- Up-to-date: /home/chaofan/model_benchmark/benchmark/openvino/install/runtime/include/openvino/op/logical_or.hpp
-- Up-to-date: /home/chaofan/model_benchmark/benchmark/openvino/install/runtime/include/openvino/op/convert.hpp
-- Up-to-date: /home/chaofan/model_benchmark/benchmark/openvino/install/runtime/include/openvino/op/divide.hpp
-- Up-to-date: /home/chaofan/model_benchmark/benchmark/openvino/install/runtime/include/openvino/op/proposal.hpp
-- Up-to-date: /home/chaofan/model_benchmark/benchmark/openvino/install/runtime/include/openvino/op/segment_max.hpp
-- Up-to-date: /home/chaofan/model_benchmark/benchmark/openvino/install/runtime/include/openvino/op/atan.hpp
-- Up-to-date: /home/chaofan/model_benchmark/benchmark/openvino/install/runtime/include/openvino/op/experimental_detectron_topkrois.hpp
-- Up-to-date: /home/chaofan/model_benchmark/benchmark/openvino/install/runtime/include/openvino/op/dft.hpp
-- Up-to-date: /home/chaofan/model_benchmark/benchmark/openvino/install/runtime/include/openvino/op/irdft.hpp
-- Up-to-date: /home/chaofan/model_benchmark/benchmark/openvino/install/runtime/include/openvino/op/lstm_cell.hpp
-- Up-to-date: /home/chaofan/model_benchmark/benchmark/openvino/install/runtime/include/openvino/op/rnn_sequence.hpp
-- Up-to-date: /home/chaofan/model_benchmark/benchmark/openvino/install/runtime/include/openvino/op/istft.hpp
-- Up-to-date: /home/chaofan/model_benchmark/benchmark/openvino/install/runtime/include/openvino/op/reorg_yolo.hpp
-- Up-to-date: /home/chaofan/model_benchmark/benchmark/openvino/install/runtime/include/openvino/op/is_inf.hpp
-- Up-to-date: /home/chaofan/model_benchmark/benchmark/openvino/install/runtime/include/openvino/op/concat.hpp
-- Up-to-date: /home/chaofan/model_benchmark/benchmark/openvino/install/runtime/include/openvino/op/bitwise_or.hpp
-- Up-to-date: /home/chaofan/model_benchmark/benchmark/openvino/install/runtime/include/openvino/op/util
-- Up-to-date: /home/chaofan/model_benchmark/benchmark/openvino/install/runtime/include/openvino/op/util/recurrent_sequence.hpp
-- Up-to-date: /home/chaofan/model_benchmark/benchmark/openvino/install/runtime/include/openvino/op/util/elementwise_args.hpp
-- Up-to-date: /home/chaofan/model_benchmark/benchmark/openvino/install/runtime/include/openvino/op/util/convert_color_nv12_base.hpp
-- Up-to-date: /home/chaofan/model_benchmark/benchmark/openvino/install/runtime/include/openvino/op/util/variable_context.hpp
-- Up-to-date: /home/chaofan/model_benchmark/benchmark/openvino/install/runtime/include/openvino/op/util/variable_value.hpp
-- Up-to-date: /home/chaofan/model_benchmark/benchmark/openvino/install/runtime/include/openvino/op/util/activation_functions.hpp
-- Up-to-date: /home/chaofan/model_benchmark/benchmark/openvino/install/runtime/include/openvino/op/util/roi_align_base.hpp
-- Up-to-date: /home/chaofan/model_benchmark/benchmark/openvino/install/runtime/include/openvino/op/util/detection_output_base.hpp
-- Up-to-date: /home/chaofan/model_benchmark/benchmark/openvino/install/runtime/include/openvino/op/util/avg_pool_base.hpp
-- Up-to-date: /home/chaofan/model_benchmark/benchmark/openvino/install/runtime/include/openvino/op/util/scatter_nd_base.hpp
-- Up-to-date: /home/chaofan/model_benchmark/benchmark/openvino/install/runtime/include/openvino/op/util/topk_base.hpp
-- Up-to-date: /home/chaofan/model_benchmark/benchmark/openvino/install/runtime/include/openvino/op/util/read_value_base.hpp
-- Up-to-date: /home/chaofan/model_benchmark/benchmark/openvino/install/runtime/include/openvino/op/util/scatter_elements_update_base.hpp
-- Up-to-date: /home/chaofan/model_benchmark/benchmark/openvino/install/runtime/include/openvino/op/util/unary_elementwise_arithmetic.hpp
-- Up-to-date: /home/chaofan/model_benchmark/benchmark/openvino/install/runtime/include/openvino/op/util/convert_color_i420_base.hpp
-- Up-to-date: /home/chaofan/model_benchmark/benchmark/openvino/install/runtime/include/openvino/op/util/deformable_convolution_base.hpp
-- Up-to-date: /home/chaofan/model_benchmark/benchmark/openvino/install/runtime/include/openvino/op/util/binary_elementwise_bitwise.hpp
-- Up-to-date: /home/chaofan/model_benchmark/benchmark/openvino/install/runtime/include/openvino/op/util/logical_reduction_keep_dims.hpp
-- Up-to-date: /home/chaofan/model_benchmark/benchmark/openvino/install/runtime/include/openvino/op/util/binary_elementwise_comparison.hpp
-- Up-to-date: /home/chaofan/model_benchmark/benchmark/openvino/install/runtime/include/openvino/op/util/framework_node.hpp
-- Up-to-date: /home/chaofan/model_benchmark/benchmark/openvino/install/runtime/include/openvino/op/util/embeddingbag_offsets_base.hpp
-- Up-to-date: /home/chaofan/model_benchmark/benchmark/openvino/install/runtime/include/openvino/op/util/squeeze_base.hpp
-- Up-to-date: /home/chaofan/model_benchmark/benchmark/openvino/install/runtime/include/openvino/op/util/scatter_base.hpp
-- Up-to-date: /home/chaofan/model_benchmark/benchmark/openvino/install/runtime/include/openvino/op/util/embeddingbag_packed_base.hpp
-- Up-to-date: /home/chaofan/model_benchmark/benchmark/openvino/install/runtime/include/openvino/op/util/sub_graph_base.hpp
-- Up-to-date: /home/chaofan/model_benchmark/benchmark/openvino/install/runtime/include/openvino/op/util/one_hot_base.hpp
-- Up-to-date: /home/chaofan/model_benchmark/benchmark/openvino/install/runtime/include/openvino/op/util/arithmetic_reduction.hpp
-- Up-to-date: /home/chaofan/model_benchmark/benchmark/openvino/install/runtime/include/openvino/op/util/fft_base.hpp
-- Up-to-date: /home/chaofan/model_benchmark/benchmark/openvino/install/runtime/include/openvino/op/util/binary_elementwise_logical.hpp
-- Up-to-date: /home/chaofan/model_benchmark/benchmark/openvino/install/runtime/include/openvino/op/util/pad_base.hpp
-- Up-to-date: /home/chaofan/model_benchmark/benchmark/openvino/install/runtime/include/openvino/op/util/convolution_backprop_base.hpp
-- Up-to-date: /home/chaofan/model_benchmark/benchmark/openvino/install/runtime/include/openvino/op/util/variable_extension.hpp
-- Up-to-date: /home/chaofan/model_benchmark/benchmark/openvino/install/runtime/include/openvino/op/util/assign_base.hpp
-- Up-to-date: /home/chaofan/model_benchmark/benchmark/openvino/install/runtime/include/openvino/op/util/variable.hpp
-- Up-to-date: /home/chaofan/model_benchmark/benchmark/openvino/install/runtime/include/openvino/op/util/interpolate_base.hpp
-- Up-to-date: /home/chaofan/model_benchmark/benchmark/openvino/install/runtime/include/openvino/op/util/attr_types.hpp
-- Up-to-date: /home/chaofan/model_benchmark/benchmark/openvino/install/runtime/include/openvino/op/util/binary_elementwise_arithmetic.hpp
-- Up-to-date: /home/chaofan/model_benchmark/benchmark/openvino/install/runtime/include/openvino/op/util/gather_base.hpp
-- Up-to-date: /home/chaofan/model_benchmark/benchmark/openvino/install/runtime/include/openvino/op/util/multiclass_nms_base.hpp
-- Up-to-date: /home/chaofan/model_benchmark/benchmark/openvino/install/runtime/include/openvino/op/util/index_reduction.hpp
-- Up-to-date: /home/chaofan/model_benchmark/benchmark/openvino/install/runtime/include/openvino/op/util/logical_reduction.hpp
-- Up-to-date: /home/chaofan/model_benchmark/benchmark/openvino/install/runtime/include/openvino/op/util/symbolic_info.hpp
-- Up-to-date: /home/chaofan/model_benchmark/benchmark/openvino/install/runtime/include/openvino/op/util/max_pool_base.hpp
-- Up-to-date: /home/chaofan/model_benchmark/benchmark/openvino/install/runtime/include/openvino/op/util/op_types.hpp
-- Up-to-date: /home/chaofan/model_benchmark/benchmark/openvino/install/runtime/include/openvino/op/util/reduction_base.hpp
-- Up-to-date: /home/chaofan/model_benchmark/benchmark/openvino/install/runtime/include/openvino/op/util/convolution_base.hpp
-- Up-to-date: /home/chaofan/model_benchmark/benchmark/openvino/install/runtime/include/openvino/op/util/gather_nd_base.hpp
-- Up-to-date: /home/chaofan/model_benchmark/benchmark/openvino/install/runtime/include/openvino/op/util/shape_of_base.hpp
-- Up-to-date: /home/chaofan/model_benchmark/benchmark/openvino/install/runtime/include/openvino/op/util/precision_sensitive_attribute.hpp
-- Up-to-date: /home/chaofan/model_benchmark/benchmark/openvino/install/runtime/include/openvino/op/util/broadcast_base.hpp
-- Up-to-date: /home/chaofan/model_benchmark/benchmark/openvino/install/runtime/include/openvino/op/util/rnn_cell_base.hpp
-- Up-to-date: /home/chaofan/model_benchmark/benchmark/openvino/install/runtime/include/openvino/op/util/multi_subgraph_base.hpp
-- Up-to-date: /home/chaofan/model_benchmark/benchmark/openvino/install/runtime/include/openvino/op/util/arithmetic_reductions_keep_dims.hpp
-- Up-to-date: /home/chaofan/model_benchmark/benchmark/openvino/install/runtime/include/openvino/op/prior_box.hpp
-- Up-to-date: /home/chaofan/model_benchmark/benchmark/openvino/install/runtime/include/openvino/op/fake_quantize.hpp
-- Up-to-date: /home/chaofan/model_benchmark/benchmark/openvino/install/runtime/include/openvino/op/i420_to_bgr.hpp
-- Up-to-date: /home/chaofan/model_benchmark/benchmark/openvino/install/runtime/include/openvino/op/gather_tree.hpp
-- Up-to-date: /home/chaofan/model_benchmark/benchmark/openvino/install/runtime/include/openvino/op/gelu.hpp
-- Up-to-date: /home/chaofan/model_benchmark/benchmark/openvino/install/runtime/include/openvino/op/convert_promote_types.hpp
-- Up-to-date: /home/chaofan/model_benchmark/benchmark/openvino/install/runtime/include/openvino/op/topk.hpp
-- Up-to-date: /home/chaofan/model_benchmark/benchmark/openvino/install/runtime/include/openvino/op/acos.hpp
-- Up-to-date: /home/chaofan/model_benchmark/benchmark/openvino/install/runtime/include/openvino/op/sign.hpp
-- Up-to-date: /home/chaofan/model_benchmark/benchmark/openvino/install/runtime/include/openvino/op/max_pool.hpp
-- Up-to-date: /home/chaofan/model_benchmark/benchmark/openvino/install/runtime/include/openvino/op/sigmoid.hpp
-- Up-to-date: /home/chaofan/model_benchmark/benchmark/openvino/install/runtime/include/openvino/op/greater_eq.hpp
-- Up-to-date: /home/chaofan/model_benchmark/benchmark/openvino/install/runtime/include/openvino/op/bitwise_xor.hpp
-- Up-to-date: /home/chaofan/model_benchmark/benchmark/openvino/install/runtime/include/openvino/op/slice_scatter.hpp
-- Up-to-date: /home/chaofan/model_benchmark/benchmark/openvino/install/runtime/include/openvino/op/bucketize.hpp
-- Up-to-date: /home/chaofan/model_benchmark/benchmark/openvino/install/runtime/include/openvino/op/tensor_iterator.hpp
-- Up-to-date: /home/chaofan/model_benchmark/benchmark/openvino/install/runtime/include/openvino/op/strided_slice.hpp
-- Up-to-date: /home/chaofan/model_benchmark/benchmark/openvino/install/runtime/include/openvino/op/constant.hpp
-- Up-to-date: /home/chaofan/model_benchmark/benchmark/openvino/install/runtime/include/openvino/op/bitwise_right_shift.hpp
-- Up-to-date: /home/chaofan/model_benchmark/benchmark/openvino/install/runtime/include/openvino/op/reduce_prod.hpp
-- Up-to-date: /home/chaofan/model_benchmark/benchmark/openvino/install/runtime/include/openvino/op/gather.hpp
-- Up-to-date: /home/chaofan/model_benchmark/benchmark/openvino/install/runtime/include/openvino/op/string_tensor_pack.hpp
-- Up-to-date: /home/chaofan/model_benchmark/benchmark/openvino/install/runtime/include/openvino/op/interpolate.hpp
-- Up-to-date: /home/chaofan/model_benchmark/benchmark/openvino/install/runtime/include/openvino/op/variadic_split.hpp
-- Up-to-date: /home/chaofan/model_benchmark/benchmark/openvino/install/runtime/include/openvino/op/transpose.hpp
-- Up-to-date: /home/chaofan/model_benchmark/benchmark/openvino/install/runtime/include/openvino/op/einsum.hpp
-- Up-to-date: /home/chaofan/model_benchmark/benchmark/openvino/install/runtime/include/openvino/op/reverse_sequence.hpp
-- Up-to-date: /home/chaofan/model_benchmark/benchmark/openvino/install/runtime/include/openvino/op/erfinv.hpp
-- Up-to-date: /home/chaofan/model_benchmark/benchmark/openvino/install/runtime/include/openvino/op/abs.hpp
-- Up-to-date: /home/chaofan/model_benchmark/benchmark/openvino/install/runtime/include/openvino/op/ctc_greedy_decoder.hpp
-- Up-to-date: /home/chaofan/model_benchmark/benchmark/openvino/install/runtime/include/openvino/op/fake_convert.hpp
-- Up-to-date: /home/chaofan/model_benchmark/benchmark/openvino/install/runtime/include/openvino/op/floor.hpp
-- Up-to-date: /home/chaofan/model_benchmark/benchmark/openvino/install/runtime/include/openvino/op/hswish.hpp
-- Up-to-date: /home/chaofan/model_benchmark/benchmark/openvino/install/runtime/include/openvino/op/acosh.hpp
-- Up-to-date: /home/chaofan/model_benchmark/benchmark/openvino/install/runtime/include/openvino/op/assign.hpp
-- Up-to-date: /home/chaofan/model_benchmark/benchmark/openvino/install/runtime/include/openvino/op/gru_sequence.hpp
-- Up-to-date: /home/chaofan/model_benchmark/benchmark/openvino/install/runtime/include/openvino/op/range.hpp
-- Up-to-date: /home/chaofan/model_benchmark/benchmark/openvino/install/runtime/include/openvino/op/scatter_elements_update.hpp
-- Up-to-date: /home/chaofan/model_benchmark/benchmark/openvino/install/runtime/include/openvino/op/log.hpp
-- Up-to-date: /home/chaofan/model_benchmark/benchmark/openvino/install/runtime/include/openvino/op/generate_proposals.hpp
-- Up-to-date: /home/chaofan/model_benchmark/benchmark/openvino/install/runtime/include/openvino/op/binary_convolution.hpp
-- Up-to-date: /home/chaofan/model_benchmark/benchmark/openvino/install/runtime/include/openvino/op/lrn.hpp
-- Up-to-date: /home/chaofan/model_benchmark/benchmark/openvino/install/runtime/include/openvino/op/logical_and.hpp
-- Up-to-date: /home/chaofan/model_benchmark/benchmark/openvino/install/runtime/include/openvino/op/sqrt.hpp
-- Up-to-date: /home/chaofan/model_benchmark/benchmark/openvino/install/runtime/include/openvino/op/nv12_to_bgr.hpp
-- Up-to-date: /home/chaofan/model_benchmark/benchmark/openvino/install/runtime/include/openvino/op/result.hpp
-- Up-to-date: /home/chaofan/model_benchmark/benchmark/openvino/install/runtime/include/openvino/op/non_zero.hpp
-- Up-to-date: /home/chaofan/model_benchmark/benchmark/openvino/install/runtime/include/openvino/op/roi_pooling.hpp
-- Up-to-date: /home/chaofan/model_benchmark/benchmark/openvino/install/runtime/include/openvino/op/hsigmoid.hpp
-- Up-to-date: /home/chaofan/model_benchmark/benchmark/openvino/install/runtime/include/openvino/op/adaptive_avg_pool.hpp
-- Up-to-date: /home/chaofan/model_benchmark/benchmark/openvino/install/runtime/include/openvino/op/experimental_detectron_roi_feature.hpp
-- Up-to-date: /home/chaofan/model_benchmark/benchmark/openvino/install/runtime/include/openvino/op/batch_to_space.hpp
-- Up-to-date: /home/chaofan/model_benchmark/benchmark/openvino/install/runtime/include/openvino/op/inverse.hpp
-- Up-to-date: /home/chaofan/model_benchmark/benchmark/openvino/install/runtime/include/openvino/op/swish.hpp
-- Up-to-date: /home/chaofan/model_benchmark/benchmark/openvino/install/runtime/include/openvino/op/gather_nd.hpp
-- Up-to-date: /home/chaofan/model_benchmark/benchmark/openvino/install/runtime/include/openvino/op/nms_rotated.hpp
-- Up-to-date: /home/chaofan/model_benchmark/benchmark/openvino/install/runtime/include/openvino/op/rnn_cell.hpp
-- Up-to-date: /home/chaofan/model_benchmark/benchmark/openvino/install/runtime/include/openvino/op/stft.hpp
-- Up-to-date: /home/chaofan/model_benchmark/benchmark/openvino/install/runtime/include/openvino/op/col2im.hpp
-- Up-to-date: /home/chaofan/model_benchmark/benchmark/openvino/install/runtime/include/openvino/op/eye.hpp
-- Up-to-date: /home/chaofan/model_benchmark/benchmark/openvino/install/runtime/include/openvino/op/scatter_update.hpp
-- Up-to-date: /home/chaofan/model_benchmark/benchmark/openvino/install/runtime/include/openvino/op/round.hpp
-- Up-to-date: /home/chaofan/model_benchmark/benchmark/openvino/install/runtime/include/openvino/op/mod.hpp
-- Up-to-date: /home/chaofan/model_benchmark/benchmark/openvino/install/runtime/include/openvino/op/xor.hpp
-- Up-to-date: /home/chaofan/model_benchmark/benchmark/openvino/install/runtime/include/openvino/op/hard_sigmoid.hpp
-- Up-to-date: /home/chaofan/model_benchmark/benchmark/openvino/install/runtime/include/openvino/op/multinomial.hpp
-- Up-to-date: /home/chaofan/model_benchmark/benchmark/openvino/install/runtime/include/openvino/op/floor_mod.hpp
-- Up-to-date: /home/chaofan/model_benchmark/benchmark/openvino/install/runtime/include/openvino/op/gather_elements.hpp
-- Up-to-date: /home/chaofan/model_benchmark/benchmark/openvino/install/runtime/include/openvino/op/deformable_psroi_pooling.hpp
-- Up-to-date: /home/chaofan/model_benchmark/benchmark/openvino/install/runtime/include/openvino/op/embeddingbag_offsets_sum.hpp
-- Up-to-date: /home/chaofan/model_benchmark/benchmark/openvino/install/runtime/include/openvino/op/shuffle_channels.hpp
-- Up-to-date: /home/chaofan/model_benchmark/benchmark/openvino/install/runtime/include/openvino/op/scatter_nd_update.hpp
-- Up-to-date: /home/chaofan/model_benchmark/benchmark/openvino/install/runtime/include/openvino/op/reduce_sum.hpp
-- Up-to-date: /home/chaofan/model_benchmark/benchmark/openvino/install/runtime/include/openvino/op/is_nan.hpp
-- Up-to-date: /home/chaofan/model_benchmark/benchmark/openvino/install/runtime/include/openvino/op/detection_output.hpp
-- Up-to-date: /home/chaofan/model_benchmark/benchmark/openvino/install/runtime/include/openvino/op/is_finite.hpp
-- Up-to-date: /home/chaofan/model_benchmark/benchmark/openvino/install/runtime/include/openvino/op/multiclass_nms.hpp
-- Up-to-date: /home/chaofan/model_benchmark/benchmark/openvino/install/runtime/include/openvino/op/region_yolo.hpp
-- Up-to-date: /home/chaofan/model_benchmark/benchmark/openvino/install/runtime/include/openvino/op/broadcast.hpp
-- Up-to-date: /home/chaofan/model_benchmark/benchmark/openvino/install/runtime/include/openvino/op/less_eq.hpp
-- Up-to-date: /home/chaofan/model_benchmark/benchmark/openvino/install/runtime/include/openvino/op/mish.hpp
-- Up-to-date: /home/chaofan/model_benchmark/benchmark/openvino/install/runtime/include/openvino/op/read_value.hpp
-- Up-to-date: /home/chaofan/model_benchmark/benchmark/openvino/install/runtime/include/openvino/op/sin.hpp
-- Up-to-date: /home/chaofan/model_benchmark/benchmark/openvino/install/runtime/include/openvino/op/matmul.hpp
-- Up-to-date: /home/chaofan/model_benchmark/benchmark/openvino/install/runtime/include/openvino/op/roi_align.hpp
-- Up-to-date: /home/chaofan/model_benchmark/benchmark/openvino/install/runtime/include/openvino/op/prelu.hpp
-- Up-to-date: /home/chaofan/model_benchmark/benchmark/openvino/install/runtime/include/openvino/op/adaptive_max_pool.hpp
-- Up-to-date: /home/chaofan/model_benchmark/benchmark/openvino/install/runtime/include/openvino/op/ctc_greedy_decoder_seq_len.hpp
-- Up-to-date: /home/chaofan/model_benchmark/benchmark/openvino/install/runtime/include/openvino/op/slice.hpp
-- Up-to-date: /home/chaofan/model_benchmark/benchmark/openvino/install/runtime/include/openvino/op/sparse_fill_empty_rows.hpp
-- Up-to-date: /home/chaofan/model_benchmark/benchmark/openvino/install/runtime/include/openvino/op/grouped_matmul.hpp
-- Up-to-date: /home/chaofan/model_benchmark/benchmark/openvino/install/runtime/include/openvino/op/reshape.hpp
-- Up-to-date: /home/chaofan/model_benchmark/benchmark/openvino/install/runtime/include/openvino/op/exp.hpp
-- Up-to-date: /home/chaofan/model_benchmark/benchmark/openvino/install/runtime/include/openvino/op/mvn.hpp
-- Up-to-date: /home/chaofan/model_benchmark/benchmark/openvino/install/runtime/include/openvino/op/random_uniform.hpp
-- Up-to-date: /home/chaofan/model_benchmark/benchmark/openvino/install/runtime/include/openvino/op/psroi_pooling.hpp
-- Up-to-date: /home/chaofan/model_benchmark/benchmark/openvino/install/runtime/include/openvino/op/scaled_dot_product_attention.hpp
-- Up-to-date: /home/chaofan/model_benchmark/benchmark/openvino/install/runtime/include/openvino/op/clamp.hpp
-- Up-to-date: /home/chaofan/model_benchmark/benchmark/openvino/install/runtime/include/openvino/op/select.hpp
-- Up-to-date: /home/chaofan/model_benchmark/benchmark/openvino/install/runtime/include/openvino/op/logical_xor.hpp
-- Up-to-date: /home/chaofan/model_benchmark/benchmark/openvino/install/runtime/include/openvino/op/search_sorted.hpp
-- Up-to-date: /home/chaofan/model_benchmark/benchmark/openvino/install/runtime/include/openvino/op/negative.hpp
-- Up-to-date: /home/chaofan/model_benchmark/benchmark/openvino/install/runtime/include/openvino/op/group_conv.hpp
-- Up-to-date: /home/chaofan/model_benchmark/benchmark/openvino/install/runtime/include/openvino/op/erf.hpp
-- Up-to-date: /home/chaofan/model_benchmark/benchmark/openvino/install/runtime/include/openvino/op/reduce_max.hpp
-- Up-to-date: /home/chaofan/model_benchmark/benchmark/openvino/install/runtime/include/openvino/op/cum_sum.hpp
-- Up-to-date: /home/chaofan/model_benchmark/benchmark/openvino/install/runtime/include/openvino/op/shape_of.hpp
-- Up-to-date: /home/chaofan/model_benchmark/benchmark/openvino/install/runtime/include/openvino/op/depth_to_space.hpp
-- Up-to-date: /home/chaofan/model_benchmark/benchmark/openvino/install/runtime/include/openvino/op/normalize_l2.hpp
-- Up-to-date: /home/chaofan/model_benchmark/benchmark/openvino/install/runtime/include/openvino/op/log_softmax.hpp
-- Up-to-date: /home/chaofan/model_benchmark/benchmark/openvino/install/runtime/include/openvino/op/extractimagepatches.hpp
-- Up-to-date: /home/chaofan/model_benchmark/benchmark/openvino/install/runtime/include/openvino/op/grid_sample.hpp
-- Up-to-date: /home/chaofan/model_benchmark/benchmark/openvino/install/runtime/include/openvino/op/unsqueeze.hpp
-- Up-to-date: /home/chaofan/model_benchmark/benchmark/openvino/install/runtime/include/openvino/op/relu.hpp
-- Up-to-date: /home/chaofan/model_benchmark/benchmark/openvino/install/runtime/include/openvino/op/ctc_loss.hpp
-- Up-to-date: /home/chaofan/model_benchmark/benchmark/openvino/install/runtime/include/openvino/op/less.hpp
-- Up-to-date: /home/chaofan/model_benchmark/benchmark/openvino/install/runtime/include/openvino/op/subtract.hpp
-- Up-to-date: /home/chaofan/model_benchmark/benchmark/openvino/install/runtime/include/openvino/op/convert_like.hpp
-- Up-to-date: /home/chaofan/model_benchmark/benchmark/openvino/install/runtime/include/openvino/op/bitwise_left_shift.hpp
-- Up-to-date: /home/chaofan/model_benchmark/benchmark/openvino/install/runtime/include/openvino/op/if.hpp
-- Up-to-date: /home/chaofan/model_benchmark/benchmark/openvino/install/runtime/include/openvino/op/reduce_l1.hpp
-- Up-to-date: /home/chaofan/model_benchmark/benchmark/openvino/install/runtime/include/openvino/op/embedding_segments_sum.hpp
-- Up-to-date: /home/chaofan/model_benchmark/benchmark/openvino/install/runtime/include/openvino/op/pad.hpp
-- Up-to-date: /home/chaofan/model_benchmark/benchmark/openvino/install/runtime/include/openvino/op/equal.hpp
-- Up-to-date: /home/chaofan/model_benchmark/benchmark/openvino/install/runtime/include/openvino/op/add.hpp
-- Up-to-date: /home/chaofan/model_benchmark/benchmark/openvino/install/runtime/include/openvino/op/avg_pool.hpp
-- Up-to-date: /home/chaofan/model_benchmark/benchmark/openvino/install/runtime/include/openvino/op/elu.hpp
-- Up-to-date: /home/chaofan/model_benchmark/benchmark/openvino/install/runtime/include/openvino/op/greater.hpp
-- Up-to-date: /home/chaofan/model_benchmark/benchmark/openvino/install/runtime/include/openvino/op/one_hot.hpp
-- Up-to-date: /home/chaofan/model_benchmark/benchmark/openvino/install/runtime/include/openvino/op/multiply.hpp
-- Up-to-date: /home/chaofan/model_benchmark/benchmark/openvino/install/runtime/include/openvino/op/sinh.hpp
-- Up-to-date: /home/chaofan/model_benchmark/benchmark/openvino/install/runtime/include/openvino/op/not_equal.hpp
-- Up-to-date: /home/chaofan/model_benchmark/benchmark/openvino/install/runtime/include/openvino/op/group_normalization.hpp
-- Up-to-date: /home/chaofan/model_benchmark/benchmark/openvino/install/runtime/include/openvino/op/asin.hpp
-- Up-to-date: /home/chaofan/model_benchmark/benchmark/openvino/install/runtime/include/openvino/op/bitwise_not.hpp
-- Up-to-date: /home/chaofan/model_benchmark/benchmark/openvino/install/runtime/include/openvino/op/reverse.hpp
-- Up-to-date: /home/chaofan/model_benchmark/benchmark/openvino/install/runtime/include/openvino/op/tanh.hpp
-- Up-to-date: /home/chaofan/model_benchmark/benchmark/openvino/install/runtime/include/openvino/op/roi_align_rotated.hpp
-- Up-to-date: /home/chaofan/model_benchmark/benchmark/openvino/install/runtime/include/openvino/op/asinh.hpp
-- Up-to-date: /home/chaofan/model_benchmark/benchmark/openvino/install/runtime/include/openvino/op/bitwise_and.hpp
-- Up-to-date: /home/chaofan/model_benchmark/benchmark/openvino/install/runtime/include/openvino/op/nv12_to_rgb.hpp
-- Up-to-date: /home/chaofan/model_benchmark/benchmark/openvino/install/runtime/include/openvino/op/reduce_mean.hpp
-- Up-to-date: /home/chaofan/model_benchmark/benchmark/openvino/install/runtime/include/openvino/op/softmax.hpp
-- Up-to-date: /home/chaofan/model_benchmark/benchmark/openvino/install/runtime/include/openvino/op/embeddingbag_packed.hpp
-- Up-to-date: /home/chaofan/model_benchmark/benchmark/openvino/install/runtime/include/openvino/op/string_tensor_unpack.hpp
-- Up-to-date: /home/chaofan/model_benchmark/benchmark/openvino/install/runtime/include/openvino/op/lstm_sequence.hpp
-- Up-to-date: /home/chaofan/model_benchmark/benchmark/openvino/install/runtime/include/openvino/op/squeeze.hpp
-- Up-to-date: /home/chaofan/model_benchmark/benchmark/openvino/install/runtime/include/openvino/runtime
-- Up-to-date: /home/chaofan/model_benchmark/benchmark/openvino/install/runtime/include/openvino/runtime/allocator.hpp
-- Up-to-date: /home/chaofan/model_benchmark/benchmark/openvino/install/runtime/include/openvino/runtime/tensor.hpp
-- Up-to-date: /home/chaofan/model_benchmark/benchmark/openvino/install/runtime/include/openvino/runtime/file_handle.hpp
-- Up-to-date: /home/chaofan/model_benchmark/benchmark/openvino/install/runtime/include/openvino/core
-- Up-to-date: /home/chaofan/model_benchmark/benchmark/openvino/install/runtime/include/openvino/core/axis_set.hpp
-- Up-to-date: /home/chaofan/model_benchmark/benchmark/openvino/install/runtime/include/openvino/core/any.hpp
-- Up-to-date: /home/chaofan/model_benchmark/benchmark/openvino/install/runtime/include/openvino/core/type.hpp
-- Up-to-date: /home/chaofan/model_benchmark/benchmark/openvino/install/runtime/include/openvino/core/version.hpp
-- Up-to-date: /home/chaofan/model_benchmark/benchmark/openvino/install/runtime/include/openvino/core/runtime_attribute.hpp
-- Up-to-date: /home/chaofan/model_benchmark/benchmark/openvino/install/runtime/include/openvino/core/enum_names.hpp
-- Up-to-date: /home/chaofan/model_benchmark/benchmark/openvino/install/runtime/include/openvino/core/attribute_adapter.hpp
-- Up-to-date: /home/chaofan/model_benchmark/benchmark/openvino/install/runtime/include/openvino/core/node_input.hpp
-- Up-to-date: /home/chaofan/model_benchmark/benchmark/openvino/install/runtime/include/openvino/core/core.hpp
-- Up-to-date: /home/chaofan/model_benchmark/benchmark/openvino/install/runtime/include/openvino/core/dimension.hpp
-- Up-to-date: /home/chaofan/model_benchmark/benchmark/openvino/install/runtime/include/openvino/core/strides.hpp
-- Up-to-date: /home/chaofan/model_benchmark/benchmark/openvino/install/runtime/include/openvino/core/coordinate_diff.hpp
-- Up-to-date: /home/chaofan/model_benchmark/benchmark/openvino/install/runtime/include/openvino/core/visibility.hpp
-- Up-to-date: /home/chaofan/model_benchmark/benchmark/openvino/install/runtime/include/openvino/core/interval.hpp
-- Up-to-date: /home/chaofan/model_benchmark/benchmark/openvino/install/runtime/include/openvino/core/extension.hpp
-- Up-to-date: /home/chaofan/model_benchmark/benchmark/openvino/install/runtime/include/openvino/core/layout.hpp
-- Up-to-date: /home/chaofan/model_benchmark/benchmark/openvino/install/runtime/include/openvino/core/rtti.hpp
-- Up-to-date: /home/chaofan/model_benchmark/benchmark/openvino/install/runtime/include/openvino/core/symbol.hpp
-- Up-to-date: /home/chaofan/model_benchmark/benchmark/openvino/install/runtime/include/openvino/core/coordinate.hpp
-- Up-to-date: /home/chaofan/model_benchmark/benchmark/openvino/install/runtime/include/openvino/core/core_visibility.hpp
-- Up-to-date: /home/chaofan/model_benchmark/benchmark/openvino/install/runtime/include/openvino/core/enum_mask.hpp
-- Up-to-date: /home/chaofan/model_benchmark/benchmark/openvino/install/runtime/include/openvino/core/except.hpp
-- Up-to-date: /home/chaofan/model_benchmark/benchmark/openvino/install/runtime/include/openvino/core/log.hpp
-- Up-to-date: /home/chaofan/model_benchmark/benchmark/openvino/install/runtime/include/openvino/core/partial_shape.hpp
-- Up-to-date: /home/chaofan/model_benchmark/benchmark/openvino/install/runtime/include/openvino/core/type
-- Up-to-date: /home/chaofan/model_benchmark/benchmark/openvino/install/runtime/include/openvino/core/type/float4_e2m1.hpp
-- Up-to-date: /home/chaofan/model_benchmark/benchmark/openvino/install/runtime/include/openvino/core/type/float16.hpp
-- Up-to-date: /home/chaofan/model_benchmark/benchmark/openvino/install/runtime/include/openvino/core/type/element_type_traits.hpp
-- Up-to-date: /home/chaofan/model_benchmark/benchmark/openvino/install/runtime/include/openvino/core/type/float8_e4m3.hpp
-- Up-to-date: /home/chaofan/model_benchmark/benchmark/openvino/install/runtime/include/openvino/core/type/float8_e8m0.hpp
-- Up-to-date: /home/chaofan/model_benchmark/benchmark/openvino/install/runtime/include/openvino/core/type/bfloat16.hpp
-- Up-to-date: /home/chaofan/model_benchmark/benchmark/openvino/install/runtime/include/openvino/core/type/element_type.hpp
-- Up-to-date: /home/chaofan/model_benchmark/benchmark/openvino/install/runtime/include/openvino/core/type/float8_e5m2.hpp
-- Up-to-date: /home/chaofan/model_benchmark/benchmark/openvino/install/runtime/include/openvino/core/axis_vector.hpp
-- Up-to-date: /home/chaofan/model_benchmark/benchmark/openvino/install/runtime/include/openvino/core/parallel.hpp
-- Up-to-date: /home/chaofan/model_benchmark/benchmark/openvino/install/runtime/include/openvino/core/graph_util.hpp
-- Up-to-date: /home/chaofan/model_benchmark/benchmark/openvino/install/runtime/include/openvino/core/rt_info.hpp
-- Up-to-date: /home/chaofan/model_benchmark/benchmark/openvino/install/runtime/include/openvino/core/op_extension.hpp
-- Up-to-date: /home/chaofan/model_benchmark/benchmark/openvino/install/runtime/include/openvino/core/model.hpp
-- Up-to-date: /home/chaofan/model_benchmark/benchmark/openvino/install/runtime/include/openvino/core/attribute_visitor.hpp
-- Up-to-date: /home/chaofan/model_benchmark/benchmark/openvino/install/runtime/include/openvino/core/node_output.hpp
-- Up-to-date: /home/chaofan/model_benchmark/benchmark/openvino/install/runtime/include/openvino/core/descriptor
-- Up-to-date: /home/chaofan/model_benchmark/benchmark/openvino/install/runtime/include/openvino/core/descriptor/input.hpp
-- Up-to-date: /home/chaofan/model_benchmark/benchmark/openvino/install/runtime/include/openvino/core/descriptor/output.hpp
-- Up-to-date: /home/chaofan/model_benchmark/benchmark/openvino/install/runtime/include/openvino/core/descriptor/tensor.hpp
-- Up-to-date: /home/chaofan/model_benchmark/benchmark/openvino/install/runtime/include/openvino/core/preprocess
-- Up-to-date: /home/chaofan/model_benchmark/benchmark/openvino/install/runtime/include/openvino/core/preprocess/output_info.hpp
-- Up-to-date: /home/chaofan/model_benchmark/benchmark/openvino/install/runtime/include/openvino/core/preprocess/output_tensor_info.hpp
-- Up-to-date: /home/chaofan/model_benchmark/benchmark/openvino/install/runtime/include/openvino/core/preprocess/input_info.hpp
-- Up-to-date: /home/chaofan/model_benchmark/benchmark/openvino/install/runtime/include/openvino/core/preprocess/output_model_info.hpp
-- Up-to-date: /home/chaofan/model_benchmark/benchmark/openvino/install/runtime/include/openvino/core/preprocess/input_tensor_info.hpp
-- Up-to-date: /home/chaofan/model_benchmark/benchmark/openvino/install/runtime/include/openvino/core/preprocess/pre_post_process.hpp
-- Up-to-date: /home/chaofan/model_benchmark/benchmark/openvino/install/runtime/include/openvino/core/preprocess/resize_algorithm.hpp
-- Up-to-date: /home/chaofan/model_benchmark/benchmark/openvino/install/runtime/include/openvino/core/preprocess/preprocess_steps.hpp
-- Up-to-date: /home/chaofan/model_benchmark/benchmark/openvino/install/runtime/include/openvino/core/preprocess/postprocess_steps.hpp
-- Up-to-date: /home/chaofan/model_benchmark/benchmark/openvino/install/runtime/include/openvino/core/preprocess/input_model_info.hpp
-- Up-to-date: /home/chaofan/model_benchmark/benchmark/openvino/install/runtime/include/openvino/core/preprocess/padding_mode.hpp
-- Up-to-date: /home/chaofan/model_benchmark/benchmark/openvino/install/runtime/include/openvino/core/preprocess/color_format.hpp
-- Up-to-date: /home/chaofan/model_benchmark/benchmark/openvino/install/runtime/include/openvino/core/node_vector.hpp
-- Up-to-date: /home/chaofan/model_benchmark/benchmark/openvino/install/runtime/include/openvino/core/deprecated.hpp
-- Up-to-date: /home/chaofan/model_benchmark/benchmark/openvino/install/runtime/include/openvino/core/shape.hpp
-- Up-to-date: /home/chaofan/model_benchmark/benchmark/openvino/install/runtime/include/openvino/core/rank.hpp
-- Up-to-date: /home/chaofan/model_benchmark/benchmark/openvino/install/runtime/include/openvino/core/node.hpp
-- Up-to-date: /home/chaofan/model_benchmark/benchmark/openvino/install/runtime/include/openvino
-- Up-to-date: /home/chaofan/model_benchmark/benchmark/openvino/install/runtime/include/openvino/frontend
-- Up-to-date: /home/chaofan/model_benchmark/benchmark/openvino/install/runtime/include/openvino/frontend/sequence_at.hpp
-- Up-to-date: /home/chaofan/model_benchmark/benchmark/openvino/install/runtime/include/openvino/frontend/sequence_mark.hpp
-- Up-to-date: /home/chaofan/model_benchmark/benchmark/openvino/install/runtime/include/openvino/frontend/extension
-- Up-to-date: /home/chaofan/model_benchmark/benchmark/openvino/install/runtime/include/openvino/frontend/extension/op.hpp
-- Up-to-date: /home/chaofan/model_benchmark/benchmark/openvino/install/runtime/include/openvino/frontend/extension/conversion.hpp
-- Up-to-date: /home/chaofan/model_benchmark/benchmark/openvino/install/runtime/include/openvino/frontend/extension/telemetry.hpp
-- Up-to-date: /home/chaofan/model_benchmark/benchmark/openvino/install/runtime/include/openvino/frontend/extension/decoder_transformation.hpp
-- Up-to-date: /home/chaofan/model_benchmark/benchmark/openvino/install/runtime/include/openvino/frontend/extension/progress_reporter.hpp
-- Up-to-date: /home/chaofan/model_benchmark/benchmark/openvino/install/runtime/include/openvino/frontend/extension/holder.hpp
-- Up-to-date: /home/chaofan/model_benchmark/benchmark/openvino/install/runtime/include/openvino/frontend/input_model.hpp
-- Up-to-date: /home/chaofan/model_benchmark/benchmark/openvino/install/runtime/include/openvino/frontend/sequence_erase.hpp
-- Up-to-date: /home/chaofan/model_benchmark/benchmark/openvino/install/runtime/include/openvino/frontend/sequence_length.hpp
-- Up-to-date: /home/chaofan/model_benchmark/benchmark/openvino/install/runtime/include/openvino/frontend/manager.hpp
-- Up-to-date: /home/chaofan/model_benchmark/benchmark/openvino/install/runtime/include/openvino/frontend/place.hpp
-- Up-to-date: /home/chaofan/model_benchmark/benchmark/openvino/install/runtime/include/openvino/frontend/complex_type_mark.hpp
-- Up-to-date: /home/chaofan/model_benchmark/benchmark/openvino/install/runtime/include/openvino/frontend/exception.hpp
-- Up-to-date: /home/chaofan/model_benchmark/benchmark/openvino/install/runtime/include/openvino/frontend/visibility.hpp
-- Up-to-date: /home/chaofan/model_benchmark/benchmark/openvino/install/runtime/include/openvino/frontend/extension.hpp
-- Up-to-date: /home/chaofan/model_benchmark/benchmark/openvino/install/runtime/include/openvino/frontend/concat_from_sequence.hpp
-- Up-to-date: /home/chaofan/model_benchmark/benchmark/openvino/install/runtime/include/openvino/frontend/node_context.hpp
-- Up-to-date: /home/chaofan/model_benchmark/benchmark/openvino/install/runtime/include/openvino/frontend/variable.hpp
-- Up-to-date: /home/chaofan/model_benchmark/benchmark/openvino/install/runtime/include/openvino/frontend/graph_iterator.hpp
-- Up-to-date: /home/chaofan/model_benchmark/benchmark/openvino/install/runtime/include/openvino/frontend/sequence_insert.hpp
-- Up-to-date: /home/chaofan/model_benchmark/benchmark/openvino/install/runtime/include/openvino/frontend/frontend.hpp
-- Up-to-date: /home/chaofan/model_benchmark/benchmark/openvino/install/runtime/include/openvino/frontend/decoder.hpp
-- Up-to-date: /home/chaofan/model_benchmark/benchmark/openvino/install/runtime/include/openvino/frontend/hash_table.hpp
-- Up-to-date: /home/chaofan/model_benchmark/benchmark/openvino/install/runtime/lib/intel64/libopenvino_ir_frontend.so.2026.3.0
-- Up-to-date: /home/chaofan/model_benchmark/benchmark/openvino/install/runtime/lib/intel64/libopenvino_ir_frontend.so.2630
-- Up-to-date: /home/chaofan/model_benchmark/benchmark/openvino/install/runtime/lib/intel64/libopenvino_onnx_frontend.so.2026.3.0
-- Up-to-date: /home/chaofan/model_benchmark/benchmark/openvino/install/runtime/lib/intel64/libopenvino_onnx_frontend.so.2630
-- Up-to-date: /home/chaofan/model_benchmark/benchmark/openvino/install/runtime/lib/intel64/libopenvino_onnx_frontend.so
-- Up-to-date: /home/chaofan/model_benchmark/benchmark/openvino/install/runtime/include/openvino
-- Up-to-date: /home/chaofan/model_benchmark/benchmark/openvino/install/runtime/include/openvino/frontend
-- Up-to-date: /home/chaofan/model_benchmark/benchmark/openvino/install/runtime/include/openvino/frontend/onnx
-- Up-to-date: /home/chaofan/model_benchmark/benchmark/openvino/install/runtime/include/openvino/frontend/onnx/extension
-- Up-to-date: /home/chaofan/model_benchmark/benchmark/openvino/install/runtime/include/openvino/frontend/onnx/extension/op.hpp
-- Up-to-date: /home/chaofan/model_benchmark/benchmark/openvino/install/runtime/include/openvino/frontend/onnx/extension/conversion.hpp
-- Up-to-date: /home/chaofan/model_benchmark/benchmark/openvino/install/runtime/include/openvino/frontend/onnx/visibility.hpp
-- Up-to-date: /home/chaofan/model_benchmark/benchmark/openvino/install/runtime/include/openvino/frontend/onnx/node_context.hpp
-- Up-to-date: /home/chaofan/model_benchmark/benchmark/openvino/install/runtime/include/openvino/frontend/onnx/graph_iterator.hpp
-- Up-to-date: /home/chaofan/model_benchmark/benchmark/openvino/install/runtime/include/openvino/frontend/onnx/frontend.hpp
-- Up-to-date: /home/chaofan/model_benchmark/benchmark/openvino/install/runtime/include/openvino/frontend/onnx/decoder.hpp
-- Up-to-date: /home/chaofan/model_benchmark/benchmark/openvino/install/runtime/lib/intel64/libopenvino_pytorch_frontend.so.2026.3.0
-- Up-to-date: /home/chaofan/model_benchmark/benchmark/openvino/install/runtime/lib/intel64/libopenvino_pytorch_frontend.so.2630
-- Up-to-date: /home/chaofan/model_benchmark/benchmark/openvino/install/runtime/lib/intel64/libopenvino_pytorch_frontend.so
-- Up-to-date: /home/chaofan/model_benchmark/benchmark/openvino/install/runtime/include/openvino
-- Up-to-date: /home/chaofan/model_benchmark/benchmark/openvino/install/runtime/include/openvino/frontend
-- Up-to-date: /home/chaofan/model_benchmark/benchmark/openvino/install/runtime/include/openvino/frontend/pytorch
-- Up-to-date: /home/chaofan/model_benchmark/benchmark/openvino/install/runtime/include/openvino/frontend/pytorch/extension
-- Up-to-date: /home/chaofan/model_benchmark/benchmark/openvino/install/runtime/include/openvino/frontend/pytorch/extension/op.hpp
-- Up-to-date: /home/chaofan/model_benchmark/benchmark/openvino/install/runtime/include/openvino/frontend/pytorch/extension/conversion.hpp
-- Up-to-date: /home/chaofan/model_benchmark/benchmark/openvino/install/runtime/include/openvino/frontend/pytorch/visibility.hpp
-- Up-to-date: /home/chaofan/model_benchmark/benchmark/openvino/install/runtime/include/openvino/frontend/pytorch/node_context.hpp
-- Up-to-date: /home/chaofan/model_benchmark/benchmark/openvino/install/runtime/include/openvino/frontend/pytorch/frontend.hpp
-- Up-to-date: /home/chaofan/model_benchmark/benchmark/openvino/install/runtime/include/openvino/frontend/pytorch/decoder.hpp
-- Up-to-date: /home/chaofan/model_benchmark/benchmark/openvino/install/runtime/lib/intel64/libopenvino_tensorflow_frontend.so.2026.3.0
-- Up-to-date: /home/chaofan/model_benchmark/benchmark/openvino/install/runtime/lib/intel64/libopenvino_tensorflow_frontend.so.2630
-- Up-to-date: /home/chaofan/model_benchmark/benchmark/openvino/install/runtime/lib/intel64/libopenvino_tensorflow_frontend.so
-- Up-to-date: /home/chaofan/model_benchmark/benchmark/openvino/install/runtime/include/openvino
-- Up-to-date: /home/chaofan/model_benchmark/benchmark/openvino/install/runtime/include/openvino/frontend
-- Up-to-date: /home/chaofan/model_benchmark/benchmark/openvino/install/runtime/include/openvino/frontend/tensorflow
-- Up-to-date: /home/chaofan/model_benchmark/benchmark/openvino/install/runtime/include/openvino/frontend/tensorflow/extension
-- Up-to-date: /home/chaofan/model_benchmark/benchmark/openvino/install/runtime/include/openvino/frontend/tensorflow/extension/op.hpp
-- Up-to-date: /home/chaofan/model_benchmark/benchmark/openvino/install/runtime/include/openvino/frontend/tensorflow/extension/conversion.hpp
-- Up-to-date: /home/chaofan/model_benchmark/benchmark/openvino/install/runtime/include/openvino/frontend/tensorflow/exception.hpp
-- Up-to-date: /home/chaofan/model_benchmark/benchmark/openvino/install/runtime/include/openvino/frontend/tensorflow/visibility.hpp
-- Up-to-date: /home/chaofan/model_benchmark/benchmark/openvino/install/runtime/include/openvino/frontend/tensorflow/node_context.hpp
-- Up-to-date: /home/chaofan/model_benchmark/benchmark/openvino/install/runtime/include/openvino/frontend/tensorflow/special_types.hpp
-- Up-to-date: /home/chaofan/model_benchmark/benchmark/openvino/install/runtime/include/openvino/frontend/tensorflow/variable.hpp
-- Up-to-date: /home/chaofan/model_benchmark/benchmark/openvino/install/runtime/include/openvino/frontend/tensorflow/graph_iterator.hpp
-- Up-to-date: /home/chaofan/model_benchmark/benchmark/openvino/install/runtime/include/openvino/frontend/tensorflow/frontend.hpp
-- Up-to-date: /home/chaofan/model_benchmark/benchmark/openvino/install/runtime/include/openvino/frontend/tensorflow/variables_map.hpp
-- Up-to-date: /home/chaofan/model_benchmark/benchmark/openvino/install/runtime/include/openvino/frontend/tensorflow/decoder.hpp
-- Up-to-date: /home/chaofan/model_benchmark/benchmark/openvino/install/runtime/include/openvino/frontend/tensorflow/hash_table.hpp
-- Up-to-date: /home/chaofan/model_benchmark/benchmark/openvino/install/runtime/lib/intel64/libopenvino_tensorflow_lite_frontend.so.2026.3.0
-- Up-to-date: /home/chaofan/model_benchmark/benchmark/openvino/install/runtime/lib/intel64/libopenvino_tensorflow_lite_frontend.so.2630
-- Up-to-date: /home/chaofan/model_benchmark/benchmark/openvino/install/runtime/lib/intel64/libopenvino_tensorflow_lite_frontend.so
-- Up-to-date: /home/chaofan/model_benchmark/benchmark/openvino/install/runtime/include/openvino
-- Up-to-date: /home/chaofan/model_benchmark/benchmark/openvino/install/runtime/include/openvino/frontend
-- Up-to-date: /home/chaofan/model_benchmark/benchmark/openvino/install/runtime/include/openvino/frontend/tensorflow_lite
-- Up-to-date: /home/chaofan/model_benchmark/benchmark/openvino/install/runtime/include/openvino/frontend/tensorflow_lite/extension
-- Up-to-date: /home/chaofan/model_benchmark/benchmark/openvino/install/runtime/include/openvino/frontend/tensorflow_lite/extension/op.hpp
-- Up-to-date: /home/chaofan/model_benchmark/benchmark/openvino/install/runtime/include/openvino/frontend/tensorflow_lite/extension/conversion.hpp
-- Up-to-date: /home/chaofan/model_benchmark/benchmark/openvino/install/runtime/include/openvino/frontend/tensorflow_lite/visibility.hpp
-- Up-to-date: /home/chaofan/model_benchmark/benchmark/openvino/install/runtime/include/openvino/frontend/tensorflow_lite/node_context.hpp
-- Up-to-date: /home/chaofan/model_benchmark/benchmark/openvino/install/runtime/include/openvino/frontend/tensorflow_lite/quantization_info.hpp
-- Up-to-date: /home/chaofan/model_benchmark/benchmark/openvino/install/runtime/include/openvino/frontend/tensorflow_lite/graph_iterator.hpp
-- Up-to-date: /home/chaofan/model_benchmark/benchmark/openvino/install/runtime/include/openvino/frontend/tensorflow_lite/frontend.hpp
-- Up-to-date: /home/chaofan/model_benchmark/benchmark/openvino/install/runtime/include/openvino/frontend/tensorflow_lite/sparsity_info.hpp
-- Up-to-date: /home/chaofan/model_benchmark/benchmark/openvino/install/runtime/include/openvino/frontend/tensorflow_lite/decoder.hpp
-- Up-to-date: /home/chaofan/model_benchmark/benchmark/openvino/install/runtime/lib/intel64/libopenvino_paddle_frontend.so.2026.3.0
-- Up-to-date: /home/chaofan/model_benchmark/benchmark/openvino/install/runtime/lib/intel64/libopenvino_paddle_frontend.so.2630
-- Up-to-date: /home/chaofan/model_benchmark/benchmark/openvino/install/runtime/lib/intel64/libopenvino_paddle_frontend.so
-- Up-to-date: /home/chaofan/model_benchmark/benchmark/openvino/install/runtime/include/openvino
-- Up-to-date: /home/chaofan/model_benchmark/benchmark/openvino/install/runtime/include/openvino/frontend
-- Up-to-date: /home/chaofan/model_benchmark/benchmark/openvino/install/runtime/include/openvino/frontend/paddle
-- Up-to-date: /home/chaofan/model_benchmark/benchmark/openvino/install/runtime/include/openvino/frontend/paddle/extension
-- Up-to-date: /home/chaofan/model_benchmark/benchmark/openvino/install/runtime/include/openvino/frontend/paddle/extension/op.hpp
-- Up-to-date: /home/chaofan/model_benchmark/benchmark/openvino/install/runtime/include/openvino/frontend/paddle/extension/conversion.hpp
-- Up-to-date: /home/chaofan/model_benchmark/benchmark/openvino/install/runtime/include/openvino/frontend/paddle/exception.hpp
-- Up-to-date: /home/chaofan/model_benchmark/benchmark/openvino/install/runtime/include/openvino/frontend/paddle/visibility.hpp
-- Up-to-date: /home/chaofan/model_benchmark/benchmark/openvino/install/runtime/include/openvino/frontend/paddle/node_context.hpp
-- Up-to-date: /home/chaofan/model_benchmark/benchmark/openvino/install/runtime/include/openvino/frontend/paddle/frontend.hpp
-- Up-to-date: /home/chaofan/model_benchmark/benchmark/openvino/install/runtime/include/openvino/frontend/paddle/decoder.hpp
-- Up-to-date: /home/chaofan/model_benchmark/benchmark/openvino/install/runtime/lib/intel64/libopenvino_auto_plugin.so
-- Up-to-date: /home/chaofan/model_benchmark/benchmark/openvino/install/runtime/lib/intel64/libopenvino_auto_batch_plugin.so
-- Up-to-date: /home/chaofan/model_benchmark/benchmark/openvino/install/runtime/lib/intel64/libopenvino_hetero_plugin.so
-- Up-to-date: /home/chaofan/model_benchmark/benchmark/openvino/install/runtime/lib/intel64/libopenvino_intel_cpu_plugin.so
-- Up-to-date: /home/chaofan/model_benchmark/benchmark/openvino/install/runtime/lib/intel64/cache.json
-- Installing: /home/chaofan/model_benchmark/benchmark/openvino/install/runtime/lib/intel64/libopenvino_intel_gpu_plugin.so
-- Set non-toolchain portion of runtime path of "/home/chaofan/model_benchmark/benchmark/openvino/install/runtime/lib/intel64/libopenvino_intel_gpu_plugin.so" to ""
-- Up-to-date: /home/chaofan/model_benchmark/benchmark/openvino/install/runtime/lib/intel64/libopenvino_intel_npu_compiler.so
-- Up-to-date: /home/chaofan/model_benchmark/benchmark/openvino/install/runtime/lib/intel64/libopenvino_intel_npu_compiler_loader.so
-- Up-to-date: /home/chaofan/model_benchmark/benchmark/openvino/install/runtime/lib/intel64/libopenvino_intel_npu_vm_runtime.so
-- Up-to-date: /home/chaofan/model_benchmark/benchmark/openvino/install/runtime/lib/intel64/libopenvino_intel_npu_plugin.so
-- Up-to-date: /home/chaofan/model_benchmark/benchmark/openvino/install/tools/compile_tool/compile_tool
-- Up-to-date: /home/chaofan/model_benchmark/benchmark/openvino/install/tools/compile_tool/README.md
-- Up-to-date: /home/chaofan/model_benchmark/benchmark/openvino/install/runtime/include
-- Up-to-date: /home/chaofan/model_benchmark/benchmark/openvino/install/runtime/include/openvino
-- Up-to-date: /home/chaofan/model_benchmark/benchmark/openvino/install/runtime/include/openvino/openvino.hpp
-- Up-to-date: /home/chaofan/model_benchmark/benchmark/openvino/install/runtime/include/openvino/runtime
-- Up-to-date: /home/chaofan/model_benchmark/benchmark/openvino/install/runtime/include/openvino/runtime/intel_cpu
-- Up-to-date: /home/chaofan/model_benchmark/benchmark/openvino/install/runtime/include/openvino/runtime/intel_cpu/properties.hpp
-- Up-to-date: /home/chaofan/model_benchmark/benchmark/openvino/install/runtime/include/openvino/runtime/profiling_info.hpp
-- Up-to-date: /home/chaofan/model_benchmark/benchmark/openvino/install/runtime/include/openvino/runtime/common.hpp
-- Up-to-date: /home/chaofan/model_benchmark/benchmark/openvino/install/runtime/include/openvino/runtime/core.hpp
-- Up-to-date: /home/chaofan/model_benchmark/benchmark/openvino/install/runtime/include/openvino/runtime/exception.hpp
-- Up-to-date: /home/chaofan/model_benchmark/benchmark/openvino/install/runtime/include/openvino/runtime/remote_tensor.hpp
-- Up-to-date: /home/chaofan/model_benchmark/benchmark/openvino/install/runtime/include/openvino/runtime/intel_gpu
-- Up-to-date: /home/chaofan/model_benchmark/benchmark/openvino/install/runtime/include/openvino/runtime/intel_gpu/remote_properties.hpp
-- Up-to-date: /home/chaofan/model_benchmark/benchmark/openvino/install/runtime/include/openvino/runtime/intel_gpu/ocl
-- Up-to-date: /home/chaofan/model_benchmark/benchmark/openvino/install/runtime/include/openvino/runtime/intel_gpu/ocl/dx.hpp
-- Up-to-date: /home/chaofan/model_benchmark/benchmark/openvino/install/runtime/include/openvino/runtime/intel_gpu/ocl/ocl.hpp
-- Up-to-date: /home/chaofan/model_benchmark/benchmark/openvino/install/runtime/include/openvino/runtime/intel_gpu/ocl/ocl_wrapper.hpp
-- Up-to-date: /home/chaofan/model_benchmark/benchmark/openvino/install/runtime/include/openvino/runtime/intel_gpu/ocl/va.hpp
-- Up-to-date: /home/chaofan/model_benchmark/benchmark/openvino/install/runtime/include/openvino/runtime/intel_gpu/properties.hpp
-- Up-to-date: /home/chaofan/model_benchmark/benchmark/openvino/install/runtime/include/openvino/runtime/infer_request.hpp
-- Up-to-date: /home/chaofan/model_benchmark/benchmark/openvino/install/runtime/include/openvino/runtime/variable_state.hpp
-- Up-to-date: /home/chaofan/model_benchmark/benchmark/openvino/install/runtime/include/openvino/runtime/runtime.hpp
-- Up-to-date: /home/chaofan/model_benchmark/benchmark/openvino/install/runtime/include/openvino/runtime/intel_npu
-- Up-to-date: /home/chaofan/model_benchmark/benchmark/openvino/install/runtime/include/openvino/runtime/intel_npu/remote_properties.hpp
-- Up-to-date: /home/chaofan/model_benchmark/benchmark/openvino/install/runtime/include/openvino/runtime/intel_npu/level_zero
-- Up-to-date: /home/chaofan/model_benchmark/benchmark/openvino/install/runtime/include/openvino/runtime/intel_npu/level_zero/level_zero.hpp
-- Up-to-date: /home/chaofan/model_benchmark/benchmark/openvino/install/runtime/include/openvino/runtime/intel_npu/properties.hpp
-- Up-to-date: /home/chaofan/model_benchmark/benchmark/openvino/install/runtime/include/openvino/runtime/compiled_model.hpp
-- Up-to-date: /home/chaofan/model_benchmark/benchmark/openvino/install/runtime/include/openvino/runtime/remote_context.hpp
-- Up-to-date: /home/chaofan/model_benchmark/benchmark/openvino/install/runtime/include/openvino/runtime/properties.hpp
-- Up-to-date: /home/chaofan/model_benchmark/benchmark/openvino/install/runtime/include/openvino/runtime/auto
-- Up-to-date: /home/chaofan/model_benchmark/benchmark/openvino/install/runtime/include/openvino/runtime/auto/properties.hpp
-- Up-to-date: /home/chaofan/model_benchmark/benchmark/openvino/install/runtime/lib/intel64/libopenvino.so.2026.3.0
-- Up-to-date: /home/chaofan/model_benchmark/benchmark/openvino/install/runtime/lib/intel64/libopenvino.so.2630
-- Up-to-date: /home/chaofan/model_benchmark/benchmark/openvino/install/runtime/lib/intel64/libopenvino.so
-- Up-to-date: /home/chaofan/model_benchmark/benchmark/openvino/install/runtime/cmake/OpenVINOTargets.cmake
-- Up-to-date: /home/chaofan/model_benchmark/benchmark/openvino/install/runtime/cmake/OpenVINOTargets-release.cmake
-- Up-to-date: /home/chaofan/model_benchmark/benchmark/openvino/install/runtime/cmake/OpenVINOConfig.cmake
-- Up-to-date: /home/chaofan/model_benchmark/benchmark/openvino/install/runtime/cmake/OpenVINOConfig-version.cmake
-- Up-to-date: /home/chaofan/model_benchmark/benchmark/openvino/install/runtime/lib/intel64/pkgconfig/openvino.pc
-- Up-to-date: /home/chaofan/model_benchmark/benchmark/openvino/install/runtime/lib/intel64/libopenvino_c.so.2026.3.0
-- Up-to-date: /home/chaofan/model_benchmark/benchmark/openvino/install/runtime/lib/intel64/libopenvino_c.so.2630
-- Up-to-date: /home/chaofan/model_benchmark/benchmark/openvino/install/runtime/lib/intel64/libopenvino_c.so
-- Up-to-date: /home/chaofan/model_benchmark/benchmark/openvino/install/runtime/include/openvino
-- Up-to-date: /home/chaofan/model_benchmark/benchmark/openvino/install/runtime/include/openvino/c
-- Up-to-date: /home/chaofan/model_benchmark/benchmark/openvino/install/runtime/include/openvino/c/ov_compiled_model.h
-- Up-to-date: /home/chaofan/model_benchmark/benchmark/openvino/install/runtime/include/openvino/c/ov_common.h
-- Up-to-date: /home/chaofan/model_benchmark/benchmark/openvino/install/runtime/include/openvino/c/ov_util.h
-- Up-to-date: /home/chaofan/model_benchmark/benchmark/openvino/install/runtime/include/openvino/c/ov_property.h
-- Up-to-date: /home/chaofan/model_benchmark/benchmark/openvino/install/runtime/include/openvino/c/ov_core.h
-- Up-to-date: /home/chaofan/model_benchmark/benchmark/openvino/install/runtime/include/openvino/c/ov_prepostprocess.h
-- Up-to-date: /home/chaofan/model_benchmark/benchmark/openvino/install/runtime/include/openvino/c/ov_infer_request.h
-- Up-to-date: /home/chaofan/model_benchmark/benchmark/openvino/install/runtime/include/openvino/c/ov_partial_shape.h
-- Up-to-date: /home/chaofan/model_benchmark/benchmark/openvino/install/runtime/include/openvino/c/ov_shape.h
-- Up-to-date: /home/chaofan/model_benchmark/benchmark/openvino/install/runtime/include/openvino/c/openvino.h
-- Up-to-date: /home/chaofan/model_benchmark/benchmark/openvino/install/runtime/include/openvino/c/ov_tensor.h
-- Up-to-date: /home/chaofan/model_benchmark/benchmark/openvino/install/runtime/include/openvino/c/ov_node.h
-- Up-to-date: /home/chaofan/model_benchmark/benchmark/openvino/install/runtime/include/openvino/c/ov_remote_context.h
-- Up-to-date: /home/chaofan/model_benchmark/benchmark/openvino/install/runtime/include/openvino/c/ov_dimension.h
-- Up-to-date: /home/chaofan/model_benchmark/benchmark/openvino/install/runtime/include/openvino/c/deprecated.h
-- Up-to-date: /home/chaofan/model_benchmark/benchmark/openvino/install/runtime/include/openvino/c/ov_layout.h
-- Up-to-date: /home/chaofan/model_benchmark/benchmark/openvino/install/runtime/include/openvino/c/ov_rank.h
-- Up-to-date: /home/chaofan/model_benchmark/benchmark/openvino/install/runtime/include/openvino/c/ov_model.h
-- Up-to-date: /home/chaofan/model_benchmark/benchmark/openvino/install/runtime/include/openvino/c/gpu
-- Up-to-date: /home/chaofan/model_benchmark/benchmark/openvino/install/runtime/include/openvino/c/gpu/gpu_plugin_properties.h
-- Up-to-date: /home/chaofan/model_benchmark/benchmark/openvino/install/runtime/include/openvino/c/auto
-- Up-to-date: /home/chaofan/model_benchmark/benchmark/openvino/install/runtime/include/openvino/c/auto/properties.h
-- Up-to-date: /home/chaofan/model_benchmark/benchmark/openvino/install/samples/cpp
-- Up-to-date: /home/chaofan/model_benchmark/benchmark/openvino/install/samples/cpp/classification_sample_async
-- Up-to-date: /home/chaofan/model_benchmark/benchmark/openvino/install/samples/cpp/classification_sample_async/classification_sample_async.h
-- Up-to-date: /home/chaofan/model_benchmark/benchmark/openvino/install/samples/cpp/classification_sample_async/main.cpp
-- Up-to-date: /home/chaofan/model_benchmark/benchmark/openvino/install/samples/cpp/classification_sample_async/README.md
-- Up-to-date: /home/chaofan/model_benchmark/benchmark/openvino/install/samples/cpp/classification_sample_async/CMakeLists.txt
-- Up-to-date: /home/chaofan/model_benchmark/benchmark/openvino/install/samples/cpp/hello_classification
-- Up-to-date: /home/chaofan/model_benchmark/benchmark/openvino/install/samples/cpp/hello_classification/main.cpp
-- Up-to-date: /home/chaofan/model_benchmark/benchmark/openvino/install/samples/cpp/hello_classification/README.md
-- Up-to-date: /home/chaofan/model_benchmark/benchmark/openvino/install/samples/cpp/hello_classification/CMakeLists.txt
-- Up-to-date: /home/chaofan/model_benchmark/benchmark/openvino/install/samples/cpp/benchmark_app
-- Up-to-date: /home/chaofan/model_benchmark/benchmark/openvino/install/samples/cpp/benchmark_app/inputs_filling.cpp
-- Up-to-date: /home/chaofan/model_benchmark/benchmark/openvino/install/samples/cpp/benchmark_app/remote_tensors_filling.cpp
-- Up-to-date: /home/chaofan/model_benchmark/benchmark/openvino/install/samples/cpp/benchmark_app/statistics_report.cpp
-- Up-to-date: /home/chaofan/model_benchmark/benchmark/openvino/install/samples/cpp/benchmark_app/utils.hpp
-- Up-to-date: /home/chaofan/model_benchmark/benchmark/openvino/install/samples/cpp/benchmark_app/statistics_report.hpp
-- Up-to-date: /home/chaofan/model_benchmark/benchmark/openvino/install/samples/cpp/benchmark_app/infer_request_wrap.hpp
-- Up-to-date: /home/chaofan/model_benchmark/benchmark/openvino/install/samples/cpp/benchmark_app/main.cpp
-- Up-to-date: /home/chaofan/model_benchmark/benchmark/openvino/install/samples/cpp/benchmark_app/remote_tensors_filling.hpp
-- Up-to-date: /home/chaofan/model_benchmark/benchmark/openvino/install/samples/cpp/benchmark_app/README.md
-- Up-to-date: /home/chaofan/model_benchmark/benchmark/openvino/install/samples/cpp/benchmark_app/inputs_filling.hpp
-- Up-to-date: /home/chaofan/model_benchmark/benchmark/openvino/install/samples/cpp/benchmark_app/utils.cpp
-- Up-to-date: /home/chaofan/model_benchmark/benchmark/openvino/install/samples/cpp/benchmark_app/CMakeLists.txt
-- Up-to-date: /home/chaofan/model_benchmark/benchmark/openvino/install/samples/cpp/benchmark_app/benchmark_app.hpp
-- Up-to-date: /home/chaofan/model_benchmark/benchmark/openvino/install/samples/cpp/hello_nv12_input_classification
-- Up-to-date: /home/chaofan/model_benchmark/benchmark/openvino/install/samples/cpp/hello_nv12_input_classification/main.cpp
-- Up-to-date: /home/chaofan/model_benchmark/benchmark/openvino/install/samples/cpp/hello_nv12_input_classification/README.md
-- Up-to-date: /home/chaofan/model_benchmark/benchmark/openvino/install/samples/cpp/hello_nv12_input_classification/CMakeLists.txt
-- Up-to-date: /home/chaofan/model_benchmark/benchmark/openvino/install/samples/cpp/hello_query_device
-- Up-to-date: /home/chaofan/model_benchmark/benchmark/openvino/install/samples/cpp/hello_query_device/main.cpp
-- Up-to-date: /home/chaofan/model_benchmark/benchmark/openvino/install/samples/cpp/hello_query_device/README.md
-- Up-to-date: /home/chaofan/model_benchmark/benchmark/openvino/install/samples/cpp/hello_query_device/CMakeLists.txt
-- Up-to-date: /home/chaofan/model_benchmark/benchmark/openvino/install/samples/cpp/model_creation_sample
-- Up-to-date: /home/chaofan/model_benchmark/benchmark/openvino/install/samples/cpp/model_creation_sample/lenet.labels
-- Up-to-date: /home/chaofan/model_benchmark/benchmark/openvino/install/samples/cpp/model_creation_sample/lenet.bin
-- Up-to-date: /home/chaofan/model_benchmark/benchmark/openvino/install/samples/cpp/model_creation_sample/main.cpp
-- Up-to-date: /home/chaofan/model_benchmark/benchmark/openvino/install/samples/cpp/model_creation_sample/README.md
-- Up-to-date: /home/chaofan/model_benchmark/benchmark/openvino/install/samples/cpp/model_creation_sample/CMakeLists.txt
-- Up-to-date: /home/chaofan/model_benchmark/benchmark/openvino/install/samples/cpp/model_creation_sample/model_creation_sample.hpp
-- Up-to-date: /home/chaofan/model_benchmark/benchmark/openvino/install/samples/cpp/CMakeLists.txt
-- Up-to-date: /home/chaofan/model_benchmark/benchmark/openvino/install/samples/cpp/common
-- Up-to-date: /home/chaofan/model_benchmark/benchmark/openvino/install/samples/cpp/common/format_reader
-- Up-to-date: /home/chaofan/model_benchmark/benchmark/openvino/install/samples/cpp/common/format_reader/src
-- Up-to-date: /home/chaofan/model_benchmark/benchmark/openvino/install/samples/cpp/common/format_reader/src/register.h
-- Up-to-date: /home/chaofan/model_benchmark/benchmark/openvino/install/samples/cpp/common/format_reader/src/npy.h
-- Up-to-date: /home/chaofan/model_benchmark/benchmark/openvino/install/samples/cpp/common/format_reader/src/opencv_wrapper.cpp
-- Up-to-date: /home/chaofan/model_benchmark/benchmark/openvino/install/samples/cpp/common/format_reader/src/MnistUbyte.cpp
-- Up-to-date: /home/chaofan/model_benchmark/benchmark/openvino/install/samples/cpp/common/format_reader/src/yuv_nv12.h
-- Up-to-date: /home/chaofan/model_benchmark/benchmark/openvino/install/samples/cpp/common/format_reader/src/npy.cpp
-- Up-to-date: /home/chaofan/model_benchmark/benchmark/openvino/install/samples/cpp/common/format_reader/src/bmp.cpp
-- Up-to-date: /home/chaofan/model_benchmark/benchmark/openvino/install/samples/cpp/common/format_reader/src/bmp.h
-- Up-to-date: /home/chaofan/model_benchmark/benchmark/openvino/install/samples/cpp/common/format_reader/src/format_reader.cpp
-- Up-to-date: /home/chaofan/model_benchmark/benchmark/openvino/install/samples/cpp/common/format_reader/src/MnistUbyte.h
-- Up-to-date: /home/chaofan/model_benchmark/benchmark/openvino/install/samples/cpp/common/format_reader/src/opencv_wrapper.h
-- Up-to-date: /home/chaofan/model_benchmark/benchmark/openvino/install/samples/cpp/common/format_reader/src/yuv_nv12.cpp
-- Up-to-date: /home/chaofan/model_benchmark/benchmark/openvino/install/samples/cpp/common/format_reader/CMakeLists.txt
-- Up-to-date: /home/chaofan/model_benchmark/benchmark/openvino/install/samples/cpp/common/format_reader/include
-- Up-to-date: /home/chaofan/model_benchmark/benchmark/openvino/install/samples/cpp/common/format_reader/include/format_reader.h
-- Up-to-date: /home/chaofan/model_benchmark/benchmark/openvino/install/samples/cpp/common/format_reader/include/format_reader_ptr.h
-- Up-to-date: /home/chaofan/model_benchmark/benchmark/openvino/install/samples/cpp/common/utils
-- Up-to-date: /home/chaofan/model_benchmark/benchmark/openvino/install/samples/cpp/common/utils/src
-- Up-to-date: /home/chaofan/model_benchmark/benchmark/openvino/install/samples/cpp/common/utils/src/args_helper.cpp
-- Up-to-date: /home/chaofan/model_benchmark/benchmark/openvino/install/samples/cpp/common/utils/src/slog.cpp
-- Up-to-date: /home/chaofan/model_benchmark/benchmark/openvino/install/samples/cpp/common/utils/src/latency_metrics.cpp
-- Up-to-date: /home/chaofan/model_benchmark/benchmark/openvino/install/samples/cpp/common/utils/CMakeLists.txt
-- Up-to-date: /home/chaofan/model_benchmark/benchmark/openvino/install/samples/cpp/common/utils/include
-- Up-to-date: /home/chaofan/model_benchmark/benchmark/openvino/install/samples/cpp/common/utils/include/samples
-- Up-to-date: /home/chaofan/model_benchmark/benchmark/openvino/install/samples/cpp/common/utils/include/samples/os
-- Up-to-date: /home/chaofan/model_benchmark/benchmark/openvino/install/samples/cpp/common/utils/include/samples/os/windows
-- Up-to-date: /home/chaofan/model_benchmark/benchmark/openvino/install/samples/cpp/common/utils/include/samples/os/windows/w_dirent.h
-- Up-to-date: /home/chaofan/model_benchmark/benchmark/openvino/install/samples/cpp/common/utils/include/samples/common.hpp
-- Up-to-date: /home/chaofan/model_benchmark/benchmark/openvino/install/samples/cpp/common/utils/include/samples/args_helper.hpp
-- Up-to-date: /home/chaofan/model_benchmark/benchmark/openvino/install/samples/cpp/common/utils/include/samples/classification_results.h
-- Up-to-date: /home/chaofan/model_benchmark/benchmark/openvino/install/samples/cpp/common/utils/include/samples/slog.hpp
-- Up-to-date: /home/chaofan/model_benchmark/benchmark/openvino/install/samples/cpp/common/utils/include/samples/console_progress.hpp
-- Up-to-date: /home/chaofan/model_benchmark/benchmark/openvino/install/samples/cpp/common/utils/include/samples/csv_dumper.hpp
-- Up-to-date: /home/chaofan/model_benchmark/benchmark/openvino/install/samples/cpp/common/utils/include/samples/latency_metrics.hpp
-- Up-to-date: /home/chaofan/model_benchmark/benchmark/openvino/install/samples/cpp/common/CMakeLists.txt
-- Up-to-date: /home/chaofan/model_benchmark/benchmark/openvino/install/samples/cpp/hello_reshape_ssd
-- Up-to-date: /home/chaofan/model_benchmark/benchmark/openvino/install/samples/cpp/hello_reshape_ssd/main.cpp
-- Up-to-date: /home/chaofan/model_benchmark/benchmark/openvino/install/samples/cpp/hello_reshape_ssd/README.md
-- Up-to-date: /home/chaofan/model_benchmark/benchmark/openvino/install/samples/cpp/hello_reshape_ssd/CMakeLists.txt
-- Up-to-date: /home/chaofan/model_benchmark/benchmark/openvino/install/samples/cpp/benchmark
-- Up-to-date: /home/chaofan/model_benchmark/benchmark/openvino/install/samples/cpp/benchmark/sync_benchmark
-- Up-to-date: /home/chaofan/model_benchmark/benchmark/openvino/install/samples/cpp/benchmark/sync_benchmark/main.cpp
-- Up-to-date: /home/chaofan/model_benchmark/benchmark/openvino/install/samples/cpp/benchmark/sync_benchmark/README.md
-- Up-to-date: /home/chaofan/model_benchmark/benchmark/openvino/install/samples/cpp/benchmark/sync_benchmark/CMakeLists.txt
-- Up-to-date: /home/chaofan/model_benchmark/benchmark/openvino/install/samples/cpp/benchmark/throughput_benchmark
-- Up-to-date: /home/chaofan/model_benchmark/benchmark/openvino/install/samples/cpp/benchmark/throughput_benchmark/main.cpp
-- Up-to-date: /home/chaofan/model_benchmark/benchmark/openvino/install/samples/cpp/benchmark/throughput_benchmark/README.md
-- Up-to-date: /home/chaofan/model_benchmark/benchmark/openvino/install/samples/cpp/benchmark/throughput_benchmark/CMakeLists.txt
-- Up-to-date: /home/chaofan/model_benchmark/benchmark/openvino/install/samples/cpp/benchmark/CMakeLists.txt
-- Up-to-date: /home/chaofan/model_benchmark/benchmark/openvino/install/samples/cpp/build_samples.sh
-- Up-to-date: /home/chaofan/model_benchmark/benchmark/openvino/install/samples/c/build_samples.sh
-- Up-to-date: /home/chaofan/model_benchmark/benchmark/openvino/install/samples/c
-- Up-to-date: /home/chaofan/model_benchmark/benchmark/openvino/install/samples/c/hello_classification
-- Up-to-date: /home/chaofan/model_benchmark/benchmark/openvino/install/samples/c/hello_classification/infer_result_util.h
-- Up-to-date: /home/chaofan/model_benchmark/benchmark/openvino/install/samples/c/hello_classification/main.c
-- Up-to-date: /home/chaofan/model_benchmark/benchmark/openvino/install/samples/c/hello_classification/infer_result_util.c
-- Up-to-date: /home/chaofan/model_benchmark/benchmark/openvino/install/samples/c/hello_classification/README.md
-- Up-to-date: /home/chaofan/model_benchmark/benchmark/openvino/install/samples/c/hello_classification/CMakeLists.txt
-- Up-to-date: /home/chaofan/model_benchmark/benchmark/openvino/install/samples/c/hello_nv12_input_classification
-- Up-to-date: /home/chaofan/model_benchmark/benchmark/openvino/install/samples/c/hello_nv12_input_classification/main.c
-- Up-to-date: /home/chaofan/model_benchmark/benchmark/openvino/install/samples/c/hello_nv12_input_classification/README.md
-- Up-to-date: /home/chaofan/model_benchmark/benchmark/openvino/install/samples/c/hello_nv12_input_classification/CMakeLists.txt
-- Up-to-date: /home/chaofan/model_benchmark/benchmark/openvino/install/samples/c/common
-- Up-to-date: /home/chaofan/model_benchmark/benchmark/openvino/install/samples/c/common/sample_util
-- Up-to-date: /home/chaofan/model_benchmark/benchmark/openvino/install/samples/c/common/sample_util/src
-- Up-to-date: /home/chaofan/model_benchmark/benchmark/openvino/install/samples/c/common/sample_util/src/path_util.c
-- Up-to-date: /home/chaofan/model_benchmark/benchmark/openvino/install/samples/c/common/sample_util/CMakeLists.txt
-- Up-to-date: /home/chaofan/model_benchmark/benchmark/openvino/install/samples/c/common/sample_util/include
-- Up-to-date: /home/chaofan/model_benchmark/benchmark/openvino/install/samples/c/common/sample_util/include/samples_util
-- Up-to-date: /home/chaofan/model_benchmark/benchmark/openvino/install/samples/c/common/sample_util/include/samples_util/path_util.h
-- Up-to-date: /home/chaofan/model_benchmark/benchmark/openvino/install/samples/c/common/opencv_c_wrapper
-- Up-to-date: /home/chaofan/model_benchmark/benchmark/openvino/install/samples/c/common/opencv_c_wrapper/src
-- Up-to-date: /home/chaofan/model_benchmark/benchmark/openvino/install/samples/c/common/opencv_c_wrapper/src/bmp_reader.c
-- Up-to-date: /home/chaofan/model_benchmark/benchmark/openvino/install/samples/c/common/opencv_c_wrapper/src/opencv_c_wrapper.cpp
-- Up-to-date: /home/chaofan/model_benchmark/benchmark/openvino/install/samples/c/common/opencv_c_wrapper/src/bmp_reader.h
-- Up-to-date: /home/chaofan/model_benchmark/benchmark/openvino/install/samples/c/common/opencv_c_wrapper/CMakeLists.txt
-- Up-to-date: /home/chaofan/model_benchmark/benchmark/openvino/install/samples/c/common/opencv_c_wrapper/include
-- Up-to-date: /home/chaofan/model_benchmark/benchmark/openvino/install/samples/c/common/opencv_c_wrapper/include/opencv_c_wrapper.h
-- Up-to-date: /home/chaofan/model_benchmark/benchmark/openvino/install/samples/c/common/CMakeLists.txt
-- Up-to-date: /home/chaofan/model_benchmark/benchmark/openvino/install/samples/c/CMakeLists.txt
-- Up-to-date: /home/chaofan/model_benchmark/benchmark/openvino/install/samples/python
-- Up-to-date: /home/chaofan/model_benchmark/benchmark/openvino/install/samples/python/classification_sample_async
-- Up-to-date: /home/chaofan/model_benchmark/benchmark/openvino/install/samples/python/classification_sample_async/classification_sample_async.py
-- Up-to-date: /home/chaofan/model_benchmark/benchmark/openvino/install/samples/python/classification_sample_async/requirements.txt
-- Up-to-date: /home/chaofan/model_benchmark/benchmark/openvino/install/samples/python/classification_sample_async/README.md
-- Up-to-date: /home/chaofan/model_benchmark/benchmark/openvino/install/samples/python/hello_classification
-- Up-to-date: /home/chaofan/model_benchmark/benchmark/openvino/install/samples/python/hello_classification/hello_classification.py
-- Up-to-date: /home/chaofan/model_benchmark/benchmark/openvino/install/samples/python/hello_classification/requirements.txt
-- Up-to-date: /home/chaofan/model_benchmark/benchmark/openvino/install/samples/python/hello_classification/README.md
-- Up-to-date: /home/chaofan/model_benchmark/benchmark/openvino/install/samples/python/setup.cfg
-- Up-to-date: /home/chaofan/model_benchmark/benchmark/openvino/install/samples/python/hello_query_device
-- Up-to-date: /home/chaofan/model_benchmark/benchmark/openvino/install/samples/python/hello_query_device/README.md
-- Up-to-date: /home/chaofan/model_benchmark/benchmark/openvino/install/samples/python/hello_query_device/hello_query_device.py
-- Up-to-date: /home/chaofan/model_benchmark/benchmark/openvino/install/samples/python/model_creation_sample
-- Up-to-date: /home/chaofan/model_benchmark/benchmark/openvino/install/samples/python/model_creation_sample/lenet.bin
-- Up-to-date: /home/chaofan/model_benchmark/benchmark/openvino/install/samples/python/model_creation_sample/model_creation_sample.py
-- Up-to-date: /home/chaofan/model_benchmark/benchmark/openvino/install/samples/python/model_creation_sample/data.py
-- Up-to-date: /home/chaofan/model_benchmark/benchmark/openvino/install/samples/python/model_creation_sample/README.md
-- Up-to-date: /home/chaofan/model_benchmark/benchmark/openvino/install/samples/python/hello_reshape_ssd
-- Up-to-date: /home/chaofan/model_benchmark/benchmark/openvino/install/samples/python/hello_reshape_ssd/requirements.txt
-- Up-to-date: /home/chaofan/model_benchmark/benchmark/openvino/install/samples/python/hello_reshape_ssd/README.md
-- Up-to-date: /home/chaofan/model_benchmark/benchmark/openvino/install/samples/python/hello_reshape_ssd/hello_reshape_ssd.py
-- Up-to-date: /home/chaofan/model_benchmark/benchmark/openvino/install/samples/python/benchmark
-- Up-to-date: /home/chaofan/model_benchmark/benchmark/openvino/install/samples/python/benchmark/sync_benchmark
-- Up-to-date: /home/chaofan/model_benchmark/benchmark/openvino/install/samples/python/benchmark/sync_benchmark/README.md
-- Up-to-date: /home/chaofan/model_benchmark/benchmark/openvino/install/samples/python/benchmark/sync_benchmark/sync_benchmark.py
-- Up-to-date: /home/chaofan/model_benchmark/benchmark/openvino/install/samples/python/benchmark/throughput_benchmark
-- Up-to-date: /home/chaofan/model_benchmark/benchmark/openvino/install/samples/python/benchmark/throughput_benchmark/throughput_benchmark.py
-- Up-to-date: /home/chaofan/model_benchmark/benchmark/openvino/install/samples/python/benchmark/throughput_benchmark/README.md
-- Up-to-date: /home/chaofan/model_benchmark/benchmark/openvino/install/samples/python/benchmark/bert_benchmark
-- Up-to-date: /home/chaofan/model_benchmark/benchmark/openvino/install/samples/python/benchmark/bert_benchmark/bert_benchmark.py
-- Up-to-date: /home/chaofan/model_benchmark/benchmark/openvino/install/samples/python/benchmark/bert_benchmark/requirements.txt
-- Up-to-date: /home/chaofan/model_benchmark/benchmark/openvino/install/samples/python/benchmark/bert_benchmark/README.md
-- Up-to-date: /home/chaofan/model_benchmark/benchmark/openvino/install/./setupvars.sh
-- Up-to-date: /home/chaofan/model_benchmark/benchmark/openvino/install/install_dependencies/install_openvino_dependencies.sh
-- Up-to-date: /home/chaofan/model_benchmark/benchmark/openvino/install/licenses
-- Up-to-date: /home/chaofan/model_benchmark/benchmark/openvino/install/licenses/onetbb_third-party-programs.txt
-- Up-to-date: /home/chaofan/model_benchmark/benchmark/openvino/install/licenses/runtime-third-party-programs.txt
-- Up-to-date: /home/chaofan/model_benchmark/benchmark/openvino/install/licenses/onednn_third-party-programs.txt
70c44f365539a12f73a4174ccff00c86bf77e51adb438267ff6b1057d5f78277  /home/chaofan/model_benchmark/benchmark/openvino/qwen3.5_patch/results_1k512_highround_rerun_20260824/plugins/pa_pristine.so
=== opt3 ===
[  0%] Built target onednn_gpu_build
[  0%] Built target ittnotify
[  0%] Built target run_ocl_codegen
[  0%] Built target _ov_plugins_hpp
[  0%] Built target openvino_shutdown
[  0%] Built target pugixml-static
[  0%] Updating file if the file changed (/home/chaofan/model_benchmark/benchmark/openvino/build/src/plugins/intel_gpu/src/graph/impls/cm/codegen/include/gpu_cm_kernel_sources.inc) ...
[  0%] Built target openvino_shape_inference
[  0%] Built target openvino_intel_gpu_common_obj
[  0%] Built target openvino_util
[  0%] Built target run_cm_codegen
[  0%] Built target openvino_intel_gpu_onednn_obj
.
----------------------------------------------------------------------
Ran 1 test in 0.011s

OK
processing test_kernel.cl
[  2%] Built target openvino_intel_gpu_cpu_obj
[  2%] Built target openvino_itt
[  2%] Built target run_codegen_test
[  2%] Built target openvino_intel_gpu_cm_obj
[  2%] Built target openvino_proxy_plugin_obj
[  2%] Built target openvino_frontend_common_obj
[  5%] Built target openvino_runtime_obj
[  8%] Built target openvino_reference
[ 11%] Built target openvino_intel_gpu_ocl_v2_obj
[ 11%] Built target openvino_core_obj_version
[ 16%] Built target openvino_lp_transformations_obj
[ 22%] Built target openvino_intel_gpu_ocl_obj
[ 38%] Built target openvino_transformations_obj
[ 58%] Built target openvino_core_obj
[ 58%] Built target openvino
[ 58%] Built target openvino_intel_gpu_runtime
[ 77%] Built target openvino_intel_gpu_kernels
[ 77%] Building CXX object src/plugins/intel_gpu/src/graph/CMakeFiles/openvino_intel_gpu_graph.dir/dynamic_quantize.cpp.o
[ 77%] Linking CXX static library /home/chaofan/model_benchmark/benchmark/openvino/bin/intel64/Release/libopenvino_intel_gpu_graph.a
[ 88%] Built target openvino_intel_gpu_graph
[ 88%] Built target openvino_intel_gpu_plugin_version
[ 88%] Building CXX object src/plugins/intel_gpu/CMakeFiles/openvino_intel_gpu_plugin.dir/src/plugin/transformations/dynamic_quantize_fully_connected.cpp.o
[ 88%] Linking CXX shared module /home/chaofan/model_benchmark/benchmark/openvino/bin/intel64/Release/libopenvino_intel_gpu_plugin.so
[100%] Built target openvino_intel_gpu_plugin
-- Install configuration: "Release"
-- Up-to-date: /home/chaofan/model_benchmark/benchmark/openvino/install/samples/cpp/thirdparty/gflags
-- Up-to-date: /home/chaofan/model_benchmark/benchmark/openvino/install/samples/cpp/thirdparty/gflags/gflags
-- Up-to-date: /home/chaofan/model_benchmark/benchmark/openvino/install/samples/cpp/thirdparty/gflags/gflags/cmake
-- Up-to-date: /home/chaofan/model_benchmark/benchmark/openvino/install/samples/cpp/thirdparty/gflags/gflags/cmake/package.pc.in
-- Up-to-date: /home/chaofan/model_benchmark/benchmark/openvino/install/samples/cpp/thirdparty/gflags/gflags/cmake/README_runtime.txt
-- Up-to-date: /home/chaofan/model_benchmark/benchmark/openvino/install/samples/cpp/thirdparty/gflags/gflags/cmake/config.cmake.in
-- Up-to-date: /home/chaofan/model_benchmark/benchmark/openvino/install/samples/cpp/thirdparty/gflags/gflags/cmake/package.cmake.in
-- Up-to-date: /home/chaofan/model_benchmark/benchmark/openvino/install/samples/cpp/thirdparty/gflags/gflags/cmake/version.cmake.in
-- Up-to-date: /home/chaofan/model_benchmark/benchmark/openvino/install/samples/cpp/thirdparty/gflags/gflags/cmake/cmake_uninstall.cmake.in
-- Up-to-date: /home/chaofan/model_benchmark/benchmark/openvino/install/samples/cpp/thirdparty/gflags/gflags/cmake/utils.cmake
-- Up-to-date: /home/chaofan/model_benchmark/benchmark/openvino/install/samples/cpp/thirdparty/gflags/gflags/cmake/execute_test.cmake
-- Up-to-date: /home/chaofan/model_benchmark/benchmark/openvino/install/samples/cpp/thirdparty/gflags/gflags/src
-- Up-to-date: /home/chaofan/model_benchmark/benchmark/openvino/install/samples/cpp/thirdparty/gflags/gflags/src/gflags_reporting.cc
-- Up-to-date: /home/chaofan/model_benchmark/benchmark/openvino/install/samples/cpp/thirdparty/gflags/gflags/src/config.h
-- Up-to-date: /home/chaofan/model_benchmark/benchmark/openvino/install/samples/cpp/thirdparty/gflags/gflags/src/gflags.cc
-- Up-to-date: /home/chaofan/model_benchmark/benchmark/openvino/install/samples/cpp/thirdparty/gflags/gflags/src/gflags_completions.h.in
-- Up-to-date: /home/chaofan/model_benchmark/benchmark/openvino/install/samples/cpp/thirdparty/gflags/gflags/src/gflags_completions.cc
-- Up-to-date: /home/chaofan/model_benchmark/benchmark/openvino/install/samples/cpp/thirdparty/gflags/gflags/src/defines.h.in
-- Up-to-date: /home/chaofan/model_benchmark/benchmark/openvino/install/samples/cpp/thirdparty/gflags/gflags/src/gflags_declare.h.in
-- Up-to-date: /home/chaofan/model_benchmark/benchmark/openvino/install/samples/cpp/thirdparty/gflags/gflags/src/gflags.h.in
-- Up-to-date: /home/chaofan/model_benchmark/benchmark/openvino/install/samples/cpp/thirdparty/gflags/gflags/src/gflags_ns.h.in
-- Up-to-date: /home/chaofan/model_benchmark/benchmark/openvino/install/samples/cpp/thirdparty/gflags/gflags/src/mutex.h
-- Up-to-date: /home/chaofan/model_benchmark/benchmark/openvino/install/samples/cpp/thirdparty/gflags/gflags/src/windows_port.h
-- Up-to-date: /home/chaofan/model_benchmark/benchmark/openvino/install/samples/cpp/thirdparty/gflags/gflags/src/windows_port.cc
-- Up-to-date: /home/chaofan/model_benchmark/benchmark/openvino/install/samples/cpp/thirdparty/gflags/gflags/src/util.h
-- Up-to-date: /home/chaofan/model_benchmark/benchmark/openvino/install/samples/cpp/thirdparty/gflags/gflags/CMakeLists.txt
-- Up-to-date: /home/chaofan/model_benchmark/benchmark/openvino/install/samples/cpp/thirdparty/gflags/gflags/COPYING.txt
-- Up-to-date: /home/chaofan/model_benchmark/benchmark/openvino/install/samples/cpp/thirdparty/gflags/CMakeLists.txt
-- Up-to-date: /home/chaofan/model_benchmark/benchmark/openvino/install/samples/cpp/thirdparty/nlohmann_json
-- Up-to-date: /home/chaofan/model_benchmark/benchmark/openvino/install/samples/cpp/thirdparty/nlohmann_json/LICENSE.MIT
-- Up-to-date: /home/chaofan/model_benchmark/benchmark/openvino/install/samples/cpp/thirdparty/nlohmann_json/single_include
-- Up-to-date: /home/chaofan/model_benchmark/benchmark/openvino/install/samples/cpp/thirdparty/nlohmann_json/single_include/nlohmann
-- Up-to-date: /home/chaofan/model_benchmark/benchmark/openvino/install/samples/cpp/thirdparty/nlohmann_json/single_include/nlohmann/json_fwd.hpp
-- Up-to-date: /home/chaofan/model_benchmark/benchmark/openvino/install/samples/cpp/thirdparty/nlohmann_json/single_include/nlohmann/json.hpp
-- Up-to-date: /home/chaofan/model_benchmark/benchmark/openvino/install/samples/cpp/thirdparty/nlohmann_json/cmake
-- Up-to-date: /home/chaofan/model_benchmark/benchmark/openvino/install/samples/cpp/thirdparty/nlohmann_json/cmake/pkg-config.pc.in
-- Up-to-date: /home/chaofan/model_benchmark/benchmark/openvino/install/samples/cpp/thirdparty/nlohmann_json/cmake/config.cmake.in
-- Up-to-date: /home/chaofan/model_benchmark/benchmark/openvino/install/samples/cpp/thirdparty/nlohmann_json/cmake/nlohmann_jsonConfigVersion.cmake.in
-- Up-to-date: /home/chaofan/model_benchmark/benchmark/openvino/install/samples/cpp/thirdparty/nlohmann_json/cmake/test.cmake
-- Up-to-date: /home/chaofan/model_benchmark/benchmark/openvino/install/samples/cpp/thirdparty/nlohmann_json/cmake/download_test_data.cmake
-- Up-to-date: /home/chaofan/model_benchmark/benchmark/openvino/install/samples/cpp/thirdparty/nlohmann_json/cmake/scripts
-- Up-to-date: /home/chaofan/model_benchmark/benchmark/openvino/install/samples/cpp/thirdparty/nlohmann_json/cmake/scripts/gen_bazel_build_file.cmake
-- Up-to-date: /home/chaofan/model_benchmark/benchmark/openvino/install/samples/cpp/thirdparty/nlohmann_json/cmake/ci.cmake
-- Up-to-date: /home/chaofan/model_benchmark/benchmark/openvino/install/samples/cpp/thirdparty/nlohmann_json/LICENSES
-- Up-to-date: /home/chaofan/model_benchmark/benchmark/openvino/install/samples/cpp/thirdparty/nlohmann_json/LICENSES/BSD-3-Clause.txt
-- Up-to-date: /home/chaofan/model_benchmark/benchmark/openvino/install/samples/cpp/thirdparty/nlohmann_json/LICENSES/MIT.txt
-- Up-to-date: /home/chaofan/model_benchmark/benchmark/openvino/install/samples/cpp/thirdparty/nlohmann_json/LICENSES/GPL-3.0-only.txt
-- Up-to-date: /home/chaofan/model_benchmark/benchmark/openvino/install/samples/cpp/thirdparty/nlohmann_json/LICENSES/Apache-2.0.txt
-- Up-to-date: /home/chaofan/model_benchmark/benchmark/openvino/install/samples/cpp/thirdparty/nlohmann_json/nlohmann_json.natvis
-- Up-to-date: /home/chaofan/model_benchmark/benchmark/openvino/install/samples/cpp/thirdparty/nlohmann_json/CMakeLists.txt
-- Up-to-date: /home/chaofan/model_benchmark/benchmark/openvino/install/samples/cpp/thirdparty/nlohmann_json/include
-- Up-to-date: /home/chaofan/model_benchmark/benchmark/openvino/install/samples/cpp/thirdparty/nlohmann_json/include/nlohmann
-- Up-to-date: /home/chaofan/model_benchmark/benchmark/openvino/install/samples/cpp/thirdparty/nlohmann_json/include/nlohmann/ordered_map.hpp
-- Up-to-date: /home/chaofan/model_benchmark/benchmark/openvino/install/samples/cpp/thirdparty/nlohmann_json/include/nlohmann/adl_serializer.hpp
-- Up-to-date: /home/chaofan/model_benchmark/benchmark/openvino/install/samples/cpp/thirdparty/nlohmann_json/include/nlohmann/thirdparty
-- Up-to-date: /home/chaofan/model_benchmark/benchmark/openvino/install/samples/cpp/thirdparty/nlohmann_json/include/nlohmann/thirdparty/hedley
-- Up-to-date: /home/chaofan/model_benchmark/benchmark/openvino/install/samples/cpp/thirdparty/nlohmann_json/include/nlohmann/thirdparty/hedley/hedley.hpp
-- Up-to-date: /home/chaofan/model_benchmark/benchmark/openvino/install/samples/cpp/thirdparty/nlohmann_json/include/nlohmann/thirdparty/hedley/hedley_undef.hpp
-- Up-to-date: /home/chaofan/model_benchmark/benchmark/openvino/install/samples/cpp/thirdparty/nlohmann_json/include/nlohmann/json_fwd.hpp
-- Up-to-date: /home/chaofan/model_benchmark/benchmark/openvino/install/samples/cpp/thirdparty/nlohmann_json/include/nlohmann/detail
-- Up-to-date: /home/chaofan/model_benchmark/benchmark/openvino/install/samples/cpp/thirdparty/nlohmann_json/include/nlohmann/detail/json_custom_base_class.hpp
-- Up-to-date: /home/chaofan/model_benchmark/benchmark/openvino/install/samples/cpp/thirdparty/nlohmann_json/include/nlohmann/detail/string_concat.hpp
-- Up-to-date: /home/chaofan/model_benchmark/benchmark/openvino/install/samples/cpp/thirdparty/nlohmann_json/include/nlohmann/detail/exceptions.hpp
-- Up-to-date: /home/chaofan/model_benchmark/benchmark/openvino/install/samples/cpp/thirdparty/nlohmann_json/include/nlohmann/detail/json_pointer.hpp
-- Up-to-date: /home/chaofan/model_benchmark/benchmark/openvino/install/samples/cpp/thirdparty/nlohmann_json/include/nlohmann/detail/hash.hpp
-- Up-to-date: /home/chaofan/model_benchmark/benchmark/openvino/install/samples/cpp/thirdparty/nlohmann_json/include/nlohmann/detail/conversions
-- Up-to-date: /home/chaofan/model_benchmark/benchmark/openvino/install/samples/cpp/thirdparty/nlohmann_json/include/nlohmann/detail/conversions/to_chars.hpp
-- Up-to-date: /home/chaofan/model_benchmark/benchmark/openvino/install/samples/cpp/thirdparty/nlohmann_json/include/nlohmann/detail/conversions/to_json.hpp
-- Up-to-date: /home/chaofan/model_benchmark/benchmark/openvino/install/samples/cpp/thirdparty/nlohmann_json/include/nlohmann/detail/conversions/from_json.hpp
-- Up-to-date: /home/chaofan/model_benchmark/benchmark/openvino/install/samples/cpp/thirdparty/nlohmann_json/include/nlohmann/detail/iterators
-- Up-to-date: /home/chaofan/model_benchmark/benchmark/openvino/install/samples/cpp/thirdparty/nlohmann_json/include/nlohmann/detail/iterators/json_reverse_iterator.hpp
-- Up-to-date: /home/chaofan/model_benchmark/benchmark/openvino/install/samples/cpp/thirdparty/nlohmann_json/include/nlohmann/detail/iterators/iteration_proxy.hpp
-- Up-to-date: /home/chaofan/model_benchmark/benchmark/openvino/install/samples/cpp/thirdparty/nlohmann_json/include/nlohmann/detail/iterators/internal_iterator.hpp
-- Up-to-date: /home/chaofan/model_benchmark/benchmark/openvino/install/samples/cpp/thirdparty/nlohmann_json/include/nlohmann/detail/iterators/iterator_traits.hpp
-- Up-to-date: /home/chaofan/model_benchmark/benchmark/openvino/install/samples/cpp/thirdparty/nlohmann_json/include/nlohmann/detail/iterators/primitive_iterator.hpp
-- Up-to-date: /home/chaofan/model_benchmark/benchmark/openvino/install/samples/cpp/thirdparty/nlohmann_json/include/nlohmann/detail/iterators/iter_impl.hpp
-- Up-to-date: /home/chaofan/model_benchmark/benchmark/openvino/install/samples/cpp/thirdparty/nlohmann_json/include/nlohmann/detail/abi_macros.hpp
-- Up-to-date: /home/chaofan/model_benchmark/benchmark/openvino/install/samples/cpp/thirdparty/nlohmann_json/include/nlohmann/detail/output
-- Up-to-date: /home/chaofan/model_benchmark/benchmark/openvino/install/samples/cpp/thirdparty/nlohmann_json/include/nlohmann/detail/output/serializer.hpp
-- Up-to-date: /home/chaofan/model_benchmark/benchmark/openvino/install/samples/cpp/thirdparty/nlohmann_json/include/nlohmann/detail/output/binary_writer.hpp
-- Up-to-date: /home/chaofan/model_benchmark/benchmark/openvino/install/samples/cpp/thirdparty/nlohmann_json/include/nlohmann/detail/output/output_adapters.hpp
-- Up-to-date: /home/chaofan/model_benchmark/benchmark/openvino/install/samples/cpp/thirdparty/nlohmann_json/include/nlohmann/detail/input
-- Up-to-date: /home/chaofan/model_benchmark/benchmark/openvino/install/samples/cpp/thirdparty/nlohmann_json/include/nlohmann/detail/input/parser.hpp
-- Up-to-date: /home/chaofan/model_benchmark/benchmark/openvino/install/samples/cpp/thirdparty/nlohmann_json/include/nlohmann/detail/input/lexer.hpp
-- Up-to-date: /home/chaofan/model_benchmark/benchmark/openvino/install/samples/cpp/thirdparty/nlohmann_json/include/nlohmann/detail/input/input_adapters.hpp
-- Up-to-date: /home/chaofan/model_benchmark/benchmark/openvino/install/samples/cpp/thirdparty/nlohmann_json/include/nlohmann/detail/input/binary_reader.hpp
-- Up-to-date: /home/chaofan/model_benchmark/benchmark/openvino/install/samples/cpp/thirdparty/nlohmann_json/include/nlohmann/detail/input/json_sax.hpp
-- Up-to-date: /home/chaofan/model_benchmark/benchmark/openvino/install/samples/cpp/thirdparty/nlohmann_json/include/nlohmann/detail/input/position_t.hpp
-- Up-to-date: /home/chaofan/model_benchmark/benchmark/openvino/install/samples/cpp/thirdparty/nlohmann_json/include/nlohmann/detail/json_ref.hpp
-- Up-to-date: /home/chaofan/model_benchmark/benchmark/openvino/install/samples/cpp/thirdparty/nlohmann_json/include/nlohmann/detail/meta
-- Up-to-date: /home/chaofan/model_benchmark/benchmark/openvino/install/samples/cpp/thirdparty/nlohmann_json/include/nlohmann/detail/meta/std_fs.hpp
-- Up-to-date: /home/chaofan/model_benchmark/benchmark/openvino/install/samples/cpp/thirdparty/nlohmann_json/include/nlohmann/detail/meta/void_t.hpp
-- Up-to-date: /home/chaofan/model_benchmark/benchmark/openvino/install/samples/cpp/thirdparty/nlohmann_json/include/nlohmann/detail/meta/detected.hpp
-- Up-to-date: /home/chaofan/model_benchmark/benchmark/openvino/install/samples/cpp/thirdparty/nlohmann_json/include/nlohmann/detail/meta/cpp_future.hpp
-- Up-to-date: /home/chaofan/model_benchmark/benchmark/openvino/install/samples/cpp/thirdparty/nlohmann_json/include/nlohmann/detail/meta/is_sax.hpp
-- Up-to-date: /home/chaofan/model_benchmark/benchmark/openvino/install/samples/cpp/thirdparty/nlohmann_json/include/nlohmann/detail/meta/call_std
-- Up-to-date: /home/chaofan/model_benchmark/benchmark/openvino/install/samples/cpp/thirdparty/nlohmann_json/include/nlohmann/detail/meta/call_std/begin.hpp
-- Up-to-date: /home/chaofan/model_benchmark/benchmark/openvino/install/samples/cpp/thirdparty/nlohmann_json/include/nlohmann/detail/meta/call_std/end.hpp
-- Up-to-date: /home/chaofan/model_benchmark/benchmark/openvino/install/samples/cpp/thirdparty/nlohmann_json/include/nlohmann/detail/meta/identity_tag.hpp
-- Up-to-date: /home/chaofan/model_benchmark/benchmark/openvino/install/samples/cpp/thirdparty/nlohmann_json/include/nlohmann/detail/meta/type_traits.hpp
-- Up-to-date: /home/chaofan/model_benchmark/benchmark/openvino/install/samples/cpp/thirdparty/nlohmann_json/include/nlohmann/detail/string_escape.hpp
-- Up-to-date: /home/chaofan/model_benchmark/benchmark/openvino/install/samples/cpp/thirdparty/nlohmann_json/include/nlohmann/detail/macro_unscope.hpp
-- Up-to-date: /home/chaofan/model_benchmark/benchmark/openvino/install/samples/cpp/thirdparty/nlohmann_json/include/nlohmann/detail/macro_scope.hpp
-- Up-to-date: /home/chaofan/model_benchmark/benchmark/openvino/install/samples/cpp/thirdparty/nlohmann_json/include/nlohmann/detail/value_t.hpp
-- Up-to-date: /home/chaofan/model_benchmark/benchmark/openvino/install/samples/cpp/thirdparty/nlohmann_json/include/nlohmann/json.hpp
-- Up-to-date: /home/chaofan/model_benchmark/benchmark/openvino/install/samples/cpp/thirdparty/nlohmann_json/include/nlohmann/byte_container_with_subtype.hpp
-- Up-to-date: /home/chaofan/model_benchmark/benchmark/openvino/install/runtime/3rdparty/tbb/lib
-- Up-to-date: /home/chaofan/model_benchmark/benchmark/openvino/install/runtime/3rdparty/tbb/lib/libtbbbind_2_5.so.3
-- Up-to-date: /home/chaofan/model_benchmark/benchmark/openvino/install/runtime/3rdparty/tbb/lib/libhwloc.so
-- Up-to-date: /home/chaofan/model_benchmark/benchmark/openvino/install/runtime/3rdparty/tbb/lib/libtbbmalloc.so
-- Up-to-date: /home/chaofan/model_benchmark/benchmark/openvino/install/runtime/3rdparty/tbb/lib/libtbbmalloc_proxy.so.2
-- Up-to-date: /home/chaofan/model_benchmark/benchmark/openvino/install/runtime/3rdparty/tbb/lib/libtbbbind_2_5.so
-- Up-to-date: /home/chaofan/model_benchmark/benchmark/openvino/install/runtime/3rdparty/tbb/lib/libtbbbind_2_5.so.3.13
-- Up-to-date: /home/chaofan/model_benchmark/benchmark/openvino/install/runtime/3rdparty/tbb/lib/libtbb.so.12.13
-- Up-to-date: /home/chaofan/model_benchmark/benchmark/openvino/install/runtime/3rdparty/tbb/lib/libtbb.so
-- Up-to-date: /home/chaofan/model_benchmark/benchmark/openvino/install/runtime/3rdparty/tbb/lib/libhwloc.so.15
-- Up-to-date: /home/chaofan/model_benchmark/benchmark/openvino/install/runtime/3rdparty/tbb/lib/libhwloc.so.15.6.4
-- Up-to-date: /home/chaofan/model_benchmark/benchmark/openvino/install/runtime/3rdparty/tbb/lib/pkgconfig
-- Up-to-date: /home/chaofan/model_benchmark/benchmark/openvino/install/runtime/3rdparty/tbb/lib/pkgconfig/tbb.pc
-- Up-to-date: /home/chaofan/model_benchmark/benchmark/openvino/install/runtime/3rdparty/tbb/lib/libtbbmalloc_proxy.so.2.13
-- Up-to-date: /home/chaofan/model_benchmark/benchmark/openvino/install/runtime/3rdparty/tbb/lib/libtbbmalloc.so.2
-- Up-to-date: /home/chaofan/model_benchmark/benchmark/openvino/install/runtime/3rdparty/tbb/lib/libtbbmalloc_proxy.so
-- Up-to-date: /home/chaofan/model_benchmark/benchmark/openvino/install/runtime/3rdparty/tbb/lib/libtbb.so.12
-- Up-to-date: /home/chaofan/model_benchmark/benchmark/openvino/install/runtime/3rdparty/tbb/lib/libtbbmalloc.so.2.13
-- Up-to-date: /home/chaofan/model_benchmark/benchmark/openvino/install/runtime/3rdparty/tbb/TBB-LICENSE
-- Up-to-date: /home/chaofan/model_benchmark/benchmark/openvino/install/runtime/3rdparty/tbb/lib/cmake
-- Up-to-date: /home/chaofan/model_benchmark/benchmark/openvino/install/runtime/3rdparty/tbb/lib/cmake/TBB
-- Up-to-date: /home/chaofan/model_benchmark/benchmark/openvino/install/runtime/3rdparty/tbb/lib/cmake/TBB/TBBTargets.cmake
-- Up-to-date: /home/chaofan/model_benchmark/benchmark/openvino/install/runtime/3rdparty/tbb/lib/cmake/TBB/TBBTargets-release.cmake
-- Up-to-date: /home/chaofan/model_benchmark/benchmark/openvino/install/runtime/3rdparty/tbb/lib/cmake/TBB/TBBConfigVersion.cmake
-- Up-to-date: /home/chaofan/model_benchmark/benchmark/openvino/install/runtime/3rdparty/tbb/lib/cmake/TBB/TBBConfig.cmake
-- Up-to-date: /home/chaofan/model_benchmark/benchmark/openvino/install/runtime/3rdparty/tbb/include
-- Up-to-date: /home/chaofan/model_benchmark/benchmark/openvino/install/runtime/3rdparty/tbb/include/tbb
-- Up-to-date: /home/chaofan/model_benchmark/benchmark/openvino/install/runtime/3rdparty/tbb/include/tbb/profiling.h
-- Up-to-date: /home/chaofan/model_benchmark/benchmark/openvino/install/runtime/3rdparty/tbb/include/tbb/info.h
-- Up-to-date: /home/chaofan/model_benchmark/benchmark/openvino/install/runtime/3rdparty/tbb/include/tbb/task.h
-- Up-to-date: /home/chaofan/model_benchmark/benchmark/openvino/install/runtime/3rdparty/tbb/include/tbb/blocked_rangeNd.h
-- Up-to-date: /home/chaofan/model_benchmark/benchmark/openvino/install/runtime/3rdparty/tbb/include/tbb/concurrent_map.h
-- Up-to-date: /home/chaofan/model_benchmark/benchmark/openvino/install/runtime/3rdparty/tbb/include/tbb/null_mutex.h
-- Up-to-date: /home/chaofan/model_benchmark/benchmark/openvino/install/runtime/3rdparty/tbb/include/tbb/queuing_mutex.h
-- Up-to-date: /home/chaofan/model_benchmark/benchmark/openvino/install/runtime/3rdparty/tbb/include/tbb/combinable.h
-- Up-to-date: /home/chaofan/model_benchmark/benchmark/openvino/install/runtime/3rdparty/tbb/include/tbb/task_group.h
-- Up-to-date: /home/chaofan/model_benchmark/benchmark/openvino/install/runtime/3rdparty/tbb/include/tbb/null_rw_mutex.h
-- Up-to-date: /home/chaofan/model_benchmark/benchmark/openvino/install/runtime/3rdparty/tbb/include/tbb/tbb_allocator.h
-- Up-to-date: /home/chaofan/model_benchmark/benchmark/openvino/install/runtime/3rdparty/tbb/include/tbb/flow_graph_abstractions.h
-- Up-to-date: /home/chaofan/model_benchmark/benchmark/openvino/install/runtime/3rdparty/tbb/include/tbb/tick_count.h
-- Up-to-date: /home/chaofan/model_benchmark/benchmark/openvino/install/runtime/3rdparty/tbb/include/tbb/concurrent_hash_map.h
-- Up-to-date: /home/chaofan/model_benchmark/benchmark/openvino/install/runtime/3rdparty/tbb/include/tbb/parallel_pipeline.h
-- Up-to-date: /home/chaofan/model_benchmark/benchmark/openvino/install/runtime/3rdparty/tbb/include/tbb/enumerable_thread_specific.h
-- Up-to-date: /home/chaofan/model_benchmark/benchmark/openvino/install/runtime/3rdparty/tbb/include/tbb/parallel_sort.h
-- Up-to-date: /home/chaofan/model_benchmark/benchmark/openvino/install/runtime/3rdparty/tbb/include/tbb/concurrent_queue.h
-- Up-to-date: /home/chaofan/model_benchmark/benchmark/openvino/install/runtime/3rdparty/tbb/include/tbb/global_control.h
-- Up-to-date: /home/chaofan/model_benchmark/benchmark/openvino/install/runtime/3rdparty/tbb/include/tbb/scalable_allocator.h
-- Up-to-date: /home/chaofan/model_benchmark/benchmark/openvino/install/runtime/3rdparty/tbb/include/tbb/parallel_invoke.h
-- Up-to-date: /home/chaofan/model_benchmark/benchmark/openvino/install/runtime/3rdparty/tbb/include/tbb/queuing_rw_mutex.h
-- Up-to-date: /home/chaofan/model_benchmark/benchmark/openvino/install/runtime/3rdparty/tbb/include/tbb/concurrent_set.h
-- Up-to-date: /home/chaofan/model_benchmark/benchmark/openvino/install/runtime/3rdparty/tbb/include/tbb/cache_aligned_allocator.h
-- Up-to-date: /home/chaofan/model_benchmark/benchmark/openvino/install/runtime/3rdparty/tbb/include/tbb/concurrent_priority_queue.h
-- Up-to-date: /home/chaofan/model_benchmark/benchmark/openvino/install/runtime/3rdparty/tbb/include/tbb/parallel_for_each.h
-- Up-to-date: /home/chaofan/model_benchmark/benchmark/openvino/install/runtime/3rdparty/tbb/include/tbb/task_scheduler_observer.h
-- Up-to-date: /home/chaofan/model_benchmark/benchmark/openvino/install/runtime/3rdparty/tbb/include/tbb/tbb.h
-- Up-to-date: /home/chaofan/model_benchmark/benchmark/openvino/install/runtime/3rdparty/tbb/include/tbb/blocked_range2d.h
-- Up-to-date: /home/chaofan/model_benchmark/benchmark/openvino/install/runtime/3rdparty/tbb/include/tbb/memory_pool.h
-- Up-to-date: /home/chaofan/model_benchmark/benchmark/openvino/install/runtime/3rdparty/tbb/include/tbb/partitioner.h
-- Up-to-date: /home/chaofan/model_benchmark/benchmark/openvino/install/runtime/3rdparty/tbb/include/tbb/parallel_reduce.h
-- Up-to-date: /home/chaofan/model_benchmark/benchmark/openvino/install/runtime/3rdparty/tbb/include/tbb/spin_mutex.h
-- Up-to-date: /home/chaofan/model_benchmark/benchmark/openvino/install/runtime/3rdparty/tbb/include/tbb/flow_graph.h
-- Up-to-date: /home/chaofan/model_benchmark/benchmark/openvino/install/runtime/3rdparty/tbb/include/tbb/mutex.h
-- Up-to-date: /home/chaofan/model_benchmark/benchmark/openvino/install/runtime/3rdparty/tbb/include/tbb/concurrent_unordered_set.h
-- Up-to-date: /home/chaofan/model_benchmark/benchmark/openvino/install/runtime/3rdparty/tbb/include/tbb/rw_mutex.h
-- Up-to-date: /home/chaofan/model_benchmark/benchmark/openvino/install/runtime/3rdparty/tbb/include/tbb/collaborative_call_once.h
-- Up-to-date: /home/chaofan/model_benchmark/benchmark/openvino/install/runtime/3rdparty/tbb/include/tbb/concurrent_vector.h
-- Up-to-date: /home/chaofan/model_benchmark/benchmark/openvino/install/runtime/3rdparty/tbb/include/tbb/task_arena.h
-- Up-to-date: /home/chaofan/model_benchmark/benchmark/openvino/install/runtime/3rdparty/tbb/include/tbb/blocked_range3d.h
-- Up-to-date: /home/chaofan/model_benchmark/benchmark/openvino/install/runtime/3rdparty/tbb/include/tbb/blocked_range.h
-- Up-to-date: /home/chaofan/model_benchmark/benchmark/openvino/install/runtime/3rdparty/tbb/include/tbb/parallel_scan.h
-- Up-to-date: /home/chaofan/model_benchmark/benchmark/openvino/install/runtime/3rdparty/tbb/include/tbb/spin_rw_mutex.h
-- Up-to-date: /home/chaofan/model_benchmark/benchmark/openvino/install/runtime/3rdparty/tbb/include/tbb/version.h
-- Up-to-date: /home/chaofan/model_benchmark/benchmark/openvino/install/runtime/3rdparty/tbb/include/tbb/concurrent_unordered_map.h
-- Up-to-date: /home/chaofan/model_benchmark/benchmark/openvino/install/runtime/3rdparty/tbb/include/tbb/parallel_for.h
-- Up-to-date: /home/chaofan/model_benchmark/benchmark/openvino/install/runtime/3rdparty/tbb/include/tbb/concurrent_lru_cache.h
-- Up-to-date: /home/chaofan/model_benchmark/benchmark/openvino/install/runtime/3rdparty/tbb/include/tbb/tbbmalloc_proxy.h
-- Up-to-date: /home/chaofan/model_benchmark/benchmark/openvino/install/runtime/3rdparty/tbb/include/oneapi
-- Up-to-date: /home/chaofan/model_benchmark/benchmark/openvino/install/runtime/3rdparty/tbb/include/oneapi/tbb
-- Up-to-date: /home/chaofan/model_benchmark/benchmark/openvino/install/runtime/3rdparty/tbb/include/oneapi/tbb/profiling.h
-- Up-to-date: /home/chaofan/model_benchmark/benchmark/openvino/install/runtime/3rdparty/tbb/include/oneapi/tbb/info.h
-- Up-to-date: /home/chaofan/model_benchmark/benchmark/openvino/install/runtime/3rdparty/tbb/include/oneapi/tbb/task.h
-- Up-to-date: /home/chaofan/model_benchmark/benchmark/openvino/install/runtime/3rdparty/tbb/include/oneapi/tbb/blocked_rangeNd.h
-- Up-to-date: /home/chaofan/model_benchmark/benchmark/openvino/install/runtime/3rdparty/tbb/include/oneapi/tbb/concurrent_map.h
-- Up-to-date: /home/chaofan/model_benchmark/benchmark/openvino/install/runtime/3rdparty/tbb/include/oneapi/tbb/null_mutex.h
-- Up-to-date: /home/chaofan/model_benchmark/benchmark/openvino/install/runtime/3rdparty/tbb/include/oneapi/tbb/queuing_mutex.h
-- Up-to-date: /home/chaofan/model_benchmark/benchmark/openvino/install/runtime/3rdparty/tbb/include/oneapi/tbb/combinable.h
-- Up-to-date: /home/chaofan/model_benchmark/benchmark/openvino/install/runtime/3rdparty/tbb/include/oneapi/tbb/task_group.h
-- Up-to-date: /home/chaofan/model_benchmark/benchmark/openvino/install/runtime/3rdparty/tbb/include/oneapi/tbb/null_rw_mutex.h
-- Up-to-date: /home/chaofan/model_benchmark/benchmark/openvino/install/runtime/3rdparty/tbb/include/oneapi/tbb/tbb_allocator.h
-- Up-to-date: /home/chaofan/model_benchmark/benchmark/openvino/install/runtime/3rdparty/tbb/include/oneapi/tbb/flow_graph_abstractions.h
-- Up-to-date: /home/chaofan/model_benchmark/benchmark/openvino/install/runtime/3rdparty/tbb/include/oneapi/tbb/tick_count.h
-- Up-to-date: /home/chaofan/model_benchmark/benchmark/openvino/install/runtime/3rdparty/tbb/include/oneapi/tbb/detail
-- Up-to-date: /home/chaofan/model_benchmark/benchmark/openvino/install/runtime/3rdparty/tbb/include/oneapi/tbb/detail/_aggregator.h
-- Up-to-date: /home/chaofan/model_benchmark/benchmark/openvino/install/runtime/3rdparty/tbb/include/oneapi/tbb/detail/_aligned_space.h
-- Up-to-date: /home/chaofan/model_benchmark/benchmark/openvino/install/runtime/3rdparty/tbb/include/oneapi/tbb/detail/_segment_table.h
-- Up-to-date: /home/chaofan/model_benchmark/benchmark/openvino/install/runtime/3rdparty/tbb/include/oneapi/tbb/detail/_concurrent_queue_base.h
-- Up-to-date: /home/chaofan/model_benchmark/benchmark/openvino/install/runtime/3rdparty/tbb/include/oneapi/tbb/detail/_intrusive_list_node.h
-- Up-to-date: /home/chaofan/model_benchmark/benchmark/openvino/install/runtime/3rdparty/tbb/include/oneapi/tbb/detail/_hash_compare.h
-- Up-to-date: /home/chaofan/model_benchmark/benchmark/openvino/install/runtime/3rdparty/tbb/include/oneapi/tbb/detail/_waitable_atomic.h
-- Up-to-date: /home/chaofan/model_benchmark/benchmark/openvino/install/runtime/3rdparty/tbb/include/oneapi/tbb/detail/_flow_graph_impl.h
-- Up-to-date: /home/chaofan/model_benchmark/benchmark/openvino/install/runtime/3rdparty/tbb/include/oneapi/tbb/detail/_rtm_mutex.h
-- Up-to-date: /home/chaofan/model_benchmark/benchmark/openvino/install/runtime/3rdparty/tbb/include/oneapi/tbb/detail/_flow_graph_tagged_buffer_impl.h
-- Up-to-date: /home/chaofan/model_benchmark/benchmark/openvino/install/runtime/3rdparty/tbb/include/oneapi/tbb/detail/_namespace_injection.h
-- Up-to-date: /home/chaofan/model_benchmark/benchmark/openvino/install/runtime/3rdparty/tbb/include/oneapi/tbb/detail/_task_handle.h
-- Up-to-date: /home/chaofan/model_benchmark/benchmark/openvino/install/runtime/3rdparty/tbb/include/oneapi/tbb/detail/_flow_graph_indexer_impl.h
-- Up-to-date: /home/chaofan/model_benchmark/benchmark/openvino/install/runtime/3rdparty/tbb/include/oneapi/tbb/detail/_attach.h
-- Up-to-date: /home/chaofan/model_benchmark/benchmark/openvino/install/runtime/3rdparty/tbb/include/oneapi/tbb/detail/_flow_graph_cache_impl.h
-- Up-to-date: /home/chaofan/model_benchmark/benchmark/openvino/install/runtime/3rdparty/tbb/include/oneapi/tbb/detail/_pipeline_filters.h
-- Up-to-date: /home/chaofan/model_benchmark/benchmark/openvino/install/runtime/3rdparty/tbb/include/oneapi/tbb/detail/_export.h
-- Up-to-date: /home/chaofan/model_benchmark/benchmark/openvino/install/runtime/3rdparty/tbb/include/oneapi/tbb/detail/_string_resource.h
-- Up-to-date: /home/chaofan/model_benchmark/benchmark/openvino/install/runtime/3rdparty/tbb/include/oneapi/tbb/detail/_utils.h
-- Up-to-date: /home/chaofan/model_benchmark/benchmark/openvino/install/runtime/3rdparty/tbb/include/oneapi/tbb/detail/_flow_graph_body_impl.h
-- Up-to-date: /home/chaofan/model_benchmark/benchmark/openvino/install/runtime/3rdparty/tbb/include/oneapi/tbb/detail/_concurrent_unordered_base.h
-- Up-to-date: /home/chaofan/model_benchmark/benchmark/openvino/install/runtime/3rdparty/tbb/include/oneapi/tbb/detail/_flow_graph_node_set_impl.h
-- Up-to-date: /home/chaofan/model_benchmark/benchmark/openvino/install/runtime/3rdparty/tbb/include/oneapi/tbb/detail/_flow_graph_trace_impl.h
-- Up-to-date: /home/chaofan/model_benchmark/benchmark/openvino/install/runtime/3rdparty/tbb/include/oneapi/tbb/detail/_small_object_pool.h
-- Up-to-date: /home/chaofan/model_benchmark/benchmark/openvino/install/runtime/3rdparty/tbb/include/oneapi/tbb/detail/_assert.h
-- Up-to-date: /home/chaofan/model_benchmark/benchmark/openvino/install/runtime/3rdparty/tbb/include/oneapi/tbb/detail/_flow_graph_node_impl.h
-- Up-to-date: /home/chaofan/model_benchmark/benchmark/openvino/install/runtime/3rdparty/tbb/include/oneapi/tbb/detail/_containers_helpers.h
-- Up-to-date: /home/chaofan/model_benchmark/benchmark/openvino/install/runtime/3rdparty/tbb/include/oneapi/tbb/detail/_machine.h
-- Up-to-date: /home/chaofan/model_benchmark/benchmark/openvino/install/runtime/3rdparty/tbb/include/oneapi/tbb/detail/_config.h
-- Up-to-date: /home/chaofan/model_benchmark/benchmark/openvino/install/runtime/3rdparty/tbb/include/oneapi/tbb/detail/_flow_graph_types_impl.h
-- Up-to-date: /home/chaofan/model_benchmark/benchmark/openvino/install/runtime/3rdparty/tbb/include/oneapi/tbb/detail/_exception.h
-- Up-to-date: /home/chaofan/model_benchmark/benchmark/openvino/install/runtime/3rdparty/tbb/include/oneapi/tbb/detail/_mutex_common.h
-- Up-to-date: /home/chaofan/model_benchmark/benchmark/openvino/install/runtime/3rdparty/tbb/include/oneapi/tbb/detail/_flow_graph_nodes_deduction.h
-- Up-to-date: /home/chaofan/model_benchmark/benchmark/openvino/install/runtime/3rdparty/tbb/include/oneapi/tbb/detail/_flow_graph_item_buffer_impl.h
-- Up-to-date: /home/chaofan/model_benchmark/benchmark/openvino/install/runtime/3rdparty/tbb/include/oneapi/tbb/detail/_scoped_lock.h
-- Up-to-date: /home/chaofan/model_benchmark/benchmark/openvino/install/runtime/3rdparty/tbb/include/oneapi/tbb/detail/_flow_graph_join_impl.h
-- Up-to-date: /home/chaofan/model_benchmark/benchmark/openvino/install/runtime/3rdparty/tbb/include/oneapi/tbb/detail/_template_helpers.h
-- Up-to-date: /home/chaofan/model_benchmark/benchmark/openvino/install/runtime/3rdparty/tbb/include/oneapi/tbb/detail/_rtm_rw_mutex.h
-- Up-to-date: /home/chaofan/model_benchmark/benchmark/openvino/install/runtime/3rdparty/tbb/include/oneapi/tbb/detail/_task.h
-- Up-to-date: /home/chaofan/model_benchmark/benchmark/openvino/install/runtime/3rdparty/tbb/include/oneapi/tbb/detail/_pipeline_filters_deduction.h
-- Up-to-date: /home/chaofan/model_benchmark/benchmark/openvino/install/runtime/3rdparty/tbb/include/oneapi/tbb/detail/_concurrent_skip_list.h
-- Up-to-date: /home/chaofan/model_benchmark/benchmark/openvino/install/runtime/3rdparty/tbb/include/oneapi/tbb/detail/_node_handle.h
-- Up-to-date: /home/chaofan/model_benchmark/benchmark/openvino/install/runtime/3rdparty/tbb/include/oneapi/tbb/detail/_allocator_traits.h
-- Up-to-date: /home/chaofan/model_benchmark/benchmark/openvino/install/runtime/3rdparty/tbb/include/oneapi/tbb/detail/_range_common.h
-- Up-to-date: /home/chaofan/model_benchmark/benchmark/openvino/install/runtime/3rdparty/tbb/include/oneapi/tbb/concurrent_hash_map.h
-- Up-to-date: /home/chaofan/model_benchmark/benchmark/openvino/install/runtime/3rdparty/tbb/include/oneapi/tbb/parallel_pipeline.h
-- Up-to-date: /home/chaofan/model_benchmark/benchmark/openvino/install/runtime/3rdparty/tbb/include/oneapi/tbb/enumerable_thread_specific.h
-- Up-to-date: /home/chaofan/model_benchmark/benchmark/openvino/install/runtime/3rdparty/tbb/include/oneapi/tbb/parallel_sort.h
-- Up-to-date: /home/chaofan/model_benchmark/benchmark/openvino/install/runtime/3rdparty/tbb/include/oneapi/tbb/concurrent_queue.h
-- Up-to-date: /home/chaofan/model_benchmark/benchmark/openvino/install/runtime/3rdparty/tbb/include/oneapi/tbb/global_control.h
-- Up-to-date: /home/chaofan/model_benchmark/benchmark/openvino/install/runtime/3rdparty/tbb/include/oneapi/tbb/scalable_allocator.h
-- Up-to-date: /home/chaofan/model_benchmark/benchmark/openvino/install/runtime/3rdparty/tbb/include/oneapi/tbb/parallel_invoke.h
-- Up-to-date: /home/chaofan/model_benchmark/benchmark/openvino/install/runtime/3rdparty/tbb/include/oneapi/tbb/queuing_rw_mutex.h
-- Up-to-date: /home/chaofan/model_benchmark/benchmark/openvino/install/runtime/3rdparty/tbb/include/oneapi/tbb/concurrent_set.h
-- Up-to-date: /home/chaofan/model_benchmark/benchmark/openvino/install/runtime/3rdparty/tbb/include/oneapi/tbb/cache_aligned_allocator.h
-- Up-to-date: /home/chaofan/model_benchmark/benchmark/openvino/install/runtime/3rdparty/tbb/include/oneapi/tbb/concurrent_priority_queue.h
-- Up-to-date: /home/chaofan/model_benchmark/benchmark/openvino/install/runtime/3rdparty/tbb/include/oneapi/tbb/parallel_for_each.h
-- Up-to-date: /home/chaofan/model_benchmark/benchmark/openvino/install/runtime/3rdparty/tbb/include/oneapi/tbb/task_scheduler_observer.h
-- Up-to-date: /home/chaofan/model_benchmark/benchmark/openvino/install/runtime/3rdparty/tbb/include/oneapi/tbb/blocked_range2d.h
-- Up-to-date: /home/chaofan/model_benchmark/benchmark/openvino/install/runtime/3rdparty/tbb/include/oneapi/tbb/memory_pool.h
-- Up-to-date: /home/chaofan/model_benchmark/benchmark/openvino/install/runtime/3rdparty/tbb/include/oneapi/tbb/partitioner.h
-- Up-to-date: /home/chaofan/model_benchmark/benchmark/openvino/install/runtime/3rdparty/tbb/include/oneapi/tbb/parallel_reduce.h
-- Up-to-date: /home/chaofan/model_benchmark/benchmark/openvino/install/runtime/3rdparty/tbb/include/oneapi/tbb/spin_mutex.h
-- Up-to-date: /home/chaofan/model_benchmark/benchmark/openvino/install/runtime/3rdparty/tbb/include/oneapi/tbb/flow_graph.h
-- Up-to-date: /home/chaofan/model_benchmark/benchmark/openvino/install/runtime/3rdparty/tbb/include/oneapi/tbb/mutex.h
-- Up-to-date: /home/chaofan/model_benchmark/benchmark/openvino/install/runtime/3rdparty/tbb/include/oneapi/tbb/concurrent_unordered_set.h
-- Up-to-date: /home/chaofan/model_benchmark/benchmark/openvino/install/runtime/3rdparty/tbb/include/oneapi/tbb/rw_mutex.h
-- Up-to-date: /home/chaofan/model_benchmark/benchmark/openvino/install/runtime/3rdparty/tbb/include/oneapi/tbb/collaborative_call_once.h
-- Up-to-date: /home/chaofan/model_benchmark/benchmark/openvino/install/runtime/3rdparty/tbb/include/oneapi/tbb/concurrent_vector.h
-- Up-to-date: /home/chaofan/model_benchmark/benchmark/openvino/install/runtime/3rdparty/tbb/include/oneapi/tbb/task_arena.h
-- Up-to-date: /home/chaofan/model_benchmark/benchmark/openvino/install/runtime/3rdparty/tbb/include/oneapi/tbb/blocked_range3d.h
-- Up-to-date: /home/chaofan/model_benchmark/benchmark/openvino/install/runtime/3rdparty/tbb/include/oneapi/tbb/blocked_range.h
-- Up-to-date: /home/chaofan/model_benchmark/benchmark/openvino/install/runtime/3rdparty/tbb/include/oneapi/tbb/parallel_scan.h
-- Up-to-date: /home/chaofan/model_benchmark/benchmark/openvino/install/runtime/3rdparty/tbb/include/oneapi/tbb/spin_rw_mutex.h
-- Up-to-date: /home/chaofan/model_benchmark/benchmark/openvino/install/runtime/3rdparty/tbb/include/oneapi/tbb/version.h
-- Up-to-date: /home/chaofan/model_benchmark/benchmark/openvino/install/runtime/3rdparty/tbb/include/oneapi/tbb/concurrent_unordered_map.h
-- Up-to-date: /home/chaofan/model_benchmark/benchmark/openvino/install/runtime/3rdparty/tbb/include/oneapi/tbb/parallel_for.h
-- Up-to-date: /home/chaofan/model_benchmark/benchmark/openvino/install/runtime/3rdparty/tbb/include/oneapi/tbb/concurrent_lru_cache.h
-- Up-to-date: /home/chaofan/model_benchmark/benchmark/openvino/install/runtime/3rdparty/tbb/include/oneapi/tbb/tbbmalloc_proxy.h
-- Up-to-date: /home/chaofan/model_benchmark/benchmark/openvino/install/runtime/3rdparty/tbb/include/oneapi/tbb.h
-- Up-to-date: /home/chaofan/model_benchmark/benchmark/openvino/install/runtime/include
-- Up-to-date: /home/chaofan/model_benchmark/benchmark/openvino/install/runtime/include/openvino
-- Up-to-date: /home/chaofan/model_benchmark/benchmark/openvino/install/runtime/include/openvino/opsets
-- Up-to-date: /home/chaofan/model_benchmark/benchmark/openvino/install/runtime/include/openvino/opsets/opset5.hpp
-- Up-to-date: /home/chaofan/model_benchmark/benchmark/openvino/install/runtime/include/openvino/opsets/opset9_tbl.hpp
-- Up-to-date: /home/chaofan/model_benchmark/benchmark/openvino/install/runtime/include/openvino/opsets/opset12.hpp
-- Up-to-date: /home/chaofan/model_benchmark/benchmark/openvino/install/runtime/include/openvino/opsets/opset2_tbl.hpp
-- Up-to-date: /home/chaofan/model_benchmark/benchmark/openvino/install/runtime/include/openvino/opsets/opset6_tbl.hpp
-- Up-to-date: /home/chaofan/model_benchmark/benchmark/openvino/install/runtime/include/openvino/opsets/opset8_tbl.hpp
-- Up-to-date: /home/chaofan/model_benchmark/benchmark/openvino/install/runtime/include/openvino/opsets/opset13_tbl.hpp
-- Up-to-date: /home/chaofan/model_benchmark/benchmark/openvino/install/runtime/include/openvino/opsets/opset10_tbl.hpp
-- Up-to-date: /home/chaofan/model_benchmark/benchmark/openvino/install/runtime/include/openvino/opsets/opset.hpp
-- Up-to-date: /home/chaofan/model_benchmark/benchmark/openvino/install/runtime/include/openvino/opsets/opset16.hpp
-- Up-to-date: /home/chaofan/model_benchmark/benchmark/openvino/install/runtime/include/openvino/opsets/opset11.hpp
-- Up-to-date: /home/chaofan/model_benchmark/benchmark/openvino/install/runtime/include/openvino/opsets/opset16_tbl.hpp
-- Up-to-date: /home/chaofan/model_benchmark/benchmark/openvino/install/runtime/include/openvino/opsets/opset3_tbl.hpp
-- Up-to-date: /home/chaofan/model_benchmark/benchmark/openvino/install/runtime/include/openvino/opsets/opset3.hpp
-- Up-to-date: /home/chaofan/model_benchmark/benchmark/openvino/install/runtime/include/openvino/opsets/opset14.hpp
-- Up-to-date: /home/chaofan/model_benchmark/benchmark/openvino/install/runtime/include/openvino/opsets/opset11_tbl.hpp
-- Up-to-date: /home/chaofan/model_benchmark/benchmark/openvino/install/runtime/include/openvino/opsets/opset7.hpp
-- Up-to-date: /home/chaofan/model_benchmark/benchmark/openvino/install/runtime/include/openvino/opsets/opset15_tbl.hpp
-- Up-to-date: /home/chaofan/model_benchmark/benchmark/openvino/install/runtime/include/openvino/opsets/opset14_tbl.hpp
-- Up-to-date: /home/chaofan/model_benchmark/benchmark/openvino/install/runtime/include/openvino/opsets/opset4.hpp
-- Up-to-date: /home/chaofan/model_benchmark/benchmark/openvino/install/runtime/include/openvino/opsets/opset7_tbl.hpp
-- Up-to-date: /home/chaofan/model_benchmark/benchmark/openvino/install/runtime/include/openvino/opsets/opset12_tbl.hpp
-- Up-to-date: /home/chaofan/model_benchmark/benchmark/openvino/install/runtime/include/openvino/opsets/opset17_tbl.hpp
-- Up-to-date: /home/chaofan/model_benchmark/benchmark/openvino/install/runtime/include/openvino/opsets/opset13.hpp
-- Up-to-date: /home/chaofan/model_benchmark/benchmark/openvino/install/runtime/include/openvino/opsets/opset8.hpp
-- Up-to-date: /home/chaofan/model_benchmark/benchmark/openvino/install/runtime/include/openvino/opsets/opset6.hpp
-- Up-to-date: /home/chaofan/model_benchmark/benchmark/openvino/install/runtime/include/openvino/opsets/opset17.hpp
-- Up-to-date: /home/chaofan/model_benchmark/benchmark/openvino/install/runtime/include/openvino/opsets/opset1_tbl.hpp
-- Up-to-date: /home/chaofan/model_benchmark/benchmark/openvino/install/runtime/include/openvino/opsets/opset1.hpp
-- Up-to-date: /home/chaofan/model_benchmark/benchmark/openvino/install/runtime/include/openvino/opsets/opset9.hpp
-- Up-to-date: /home/chaofan/model_benchmark/benchmark/openvino/install/runtime/include/openvino/opsets/opset2.hpp
-- Up-to-date: /home/chaofan/model_benchmark/benchmark/openvino/install/runtime/include/openvino/opsets/opset15.hpp
-- Up-to-date: /home/chaofan/model_benchmark/benchmark/openvino/install/runtime/include/openvino/opsets/opset5_tbl.hpp
-- Up-to-date: /home/chaofan/model_benchmark/benchmark/openvino/install/runtime/include/openvino/opsets/opset10.hpp
-- Up-to-date: /home/chaofan/model_benchmark/benchmark/openvino/install/runtime/include/openvino/opsets/opset4_tbl.hpp
-- Up-to-date: /home/chaofan/model_benchmark/benchmark/openvino/install/runtime/include/openvino/pass
-- Up-to-date: /home/chaofan/model_benchmark/benchmark/openvino/install/runtime/include/openvino/pass/backward_graph_rewrite.hpp
-- Up-to-date: /home/chaofan/model_benchmark/benchmark/openvino/install/runtime/include/openvino/pass/low_latency.hpp
-- Up-to-date: /home/chaofan/model_benchmark/benchmark/openvino/install/runtime/include/openvino/pass/serialize.hpp
-- Up-to-date: /home/chaofan/model_benchmark/benchmark/openvino/install/runtime/include/openvino/pass/manager.hpp
-- Up-to-date: /home/chaofan/model_benchmark/benchmark/openvino/install/runtime/include/openvino/pass/pass_config.hpp
-- Up-to-date: /home/chaofan/model_benchmark/benchmark/openvino/install/runtime/include/openvino/pass/pass.hpp
-- Up-to-date: /home/chaofan/model_benchmark/benchmark/openvino/install/runtime/include/openvino/pass/convert_fp32_to_fp16.hpp
-- Up-to-date: /home/chaofan/model_benchmark/benchmark/openvino/install/runtime/include/openvino/pass/graph_rewrite.hpp
-- Up-to-date: /home/chaofan/model_benchmark/benchmark/openvino/install/runtime/include/openvino/pass/visualize_tree.hpp
-- Up-to-date: /home/chaofan/model_benchmark/benchmark/openvino/install/runtime/include/openvino/pass/matcher_pass.hpp
-- Up-to-date: /home/chaofan/model_benchmark/benchmark/openvino/install/runtime/include/openvino/pass/sdpa_to_vlsdpa.hpp
-- Up-to-date: /home/chaofan/model_benchmark/benchmark/openvino/install/runtime/include/openvino/pass/validate.hpp
-- Up-to-date: /home/chaofan/model_benchmark/benchmark/openvino/install/runtime/include/openvino/pass/node_registry.hpp
-- Up-to-date: /home/chaofan/model_benchmark/benchmark/openvino/install/runtime/include/openvino/pass/stateful_to_stateless.hpp
-- Up-to-date: /home/chaofan/model_benchmark/benchmark/openvino/install/runtime/include/openvino/pass/make_stateful.hpp
-- Up-to-date: /home/chaofan/model_benchmark/benchmark/openvino/install/runtime/include/openvino/pass/pattern
-- Up-to-date: /home/chaofan/model_benchmark/benchmark/openvino/install/runtime/include/openvino/pass/pattern/matcher.hpp
-- Up-to-date: /home/chaofan/model_benchmark/benchmark/openvino/install/runtime/include/openvino/pass/pattern/multi_matcher.hpp
-- Up-to-date: /home/chaofan/model_benchmark/benchmark/openvino/install/runtime/include/openvino/pass/pattern/op
-- Up-to-date: /home/chaofan/model_benchmark/benchmark/openvino/install/runtime/include/openvino/pass/pattern/op/op.hpp
-- Up-to-date: /home/chaofan/model_benchmark/benchmark/openvino/install/runtime/include/openvino/pass/pattern/op/predicate.hpp
-- Up-to-date: /home/chaofan/model_benchmark/benchmark/openvino/install/runtime/include/openvino/pass/pattern/op/any.hpp
-- Up-to-date: /home/chaofan/model_benchmark/benchmark/openvino/install/runtime/include/openvino/pass/pattern/op/any_output.hpp
-- Up-to-date: /home/chaofan/model_benchmark/benchmark/openvino/install/runtime/include/openvino/pass/pattern/op/any_of.hpp
-- Up-to-date: /home/chaofan/model_benchmark/benchmark/openvino/install/runtime/include/openvino/pass/pattern/op/or.hpp
-- Up-to-date: /home/chaofan/model_benchmark/benchmark/openvino/install/runtime/include/openvino/pass/pattern/op/label.hpp
-- Up-to-date: /home/chaofan/model_benchmark/benchmark/openvino/install/runtime/include/openvino/pass/pattern/op/block_util.hpp
-- Up-to-date: /home/chaofan/model_benchmark/benchmark/openvino/install/runtime/include/openvino/pass/pattern/op/true.hpp
-- Up-to-date: /home/chaofan/model_benchmark/benchmark/openvino/install/runtime/include/openvino/pass/pattern/op/wrap_type.hpp
-- Up-to-date: /home/chaofan/model_benchmark/benchmark/openvino/install/runtime/include/openvino/pass/pattern/op/block.hpp
-- Up-to-date: /home/chaofan/model_benchmark/benchmark/openvino/install/runtime/include/openvino/pass/pattern/op/pattern.hpp
-- Up-to-date: /home/chaofan/model_benchmark/benchmark/openvino/install/runtime/include/openvino/pass/pattern/op/optional.hpp
-- Up-to-date: /home/chaofan/model_benchmark/benchmark/openvino/install/runtime/include/openvino/pass/pa_kv_reorder_fusion.hpp
-- Up-to-date: /home/chaofan/model_benchmark/benchmark/openvino/install/runtime/include/openvino/pass/constant_folding.hpp
-- Up-to-date: /home/chaofan/model_benchmark/benchmark/openvino/install/runtime/include/openvino/pass/sdpa_to_paged_attention.hpp
-- Up-to-date: /home/chaofan/model_benchmark/benchmark/openvino/install/runtime/include/openvino/op
-- Up-to-date: /home/chaofan/model_benchmark/benchmark/openvino/install/runtime/include/openvino/op/embeddingbag_packedsum.hpp
-- Up-to-date: /home/chaofan/model_benchmark/benchmark/openvino/install/runtime/include/openvino/op/minimum.hpp
-- Up-to-date: /home/chaofan/model_benchmark/benchmark/openvino/install/runtime/include/openvino/op/matrix_nms.hpp
-- Up-to-date: /home/chaofan/model_benchmark/benchmark/openvino/install/runtime/include/openvino/op/experimental_detectron_detection_output.hpp
-- Up-to-date: /home/chaofan/model_benchmark/benchmark/openvino/install/runtime/include/openvino/op/cos.hpp
-- Up-to-date: /home/chaofan/model_benchmark/benchmark/openvino/install/runtime/include/openvino/op/prior_box_clustered.hpp
-- Up-to-date: /home/chaofan/model_benchmark/benchmark/openvino/install/runtime/include/openvino/op/experimental_detectron_generate_proposals.hpp
-- Up-to-date: /home/chaofan/model_benchmark/benchmark/openvino/install/runtime/include/openvino/op/embeddingbag_offsets.hpp
-- Up-to-date: /home/chaofan/model_benchmark/benchmark/openvino/install/runtime/include/openvino/op/softsign.hpp
-- Up-to-date: /home/chaofan/model_benchmark/benchmark/openvino/install/runtime/include/openvino/op/op.hpp
-- Up-to-date: /home/chaofan/model_benchmark/benchmark/openvino/install/runtime/include/openvino/op/logical_not.hpp
-- Up-to-date: /home/chaofan/model_benchmark/benchmark/openvino/install/runtime/include/openvino/op/selu.hpp
-- Up-to-date: /home/chaofan/model_benchmark/benchmark/openvino/install/runtime/include/openvino/op/identity.hpp
-- Up-to-date: /home/chaofan/model_benchmark/benchmark/openvino/install/runtime/include/openvino/op/split.hpp
-- Up-to-date: /home/chaofan/model_benchmark/benchmark/openvino/install/runtime/include/openvino/op/reduce_l2.hpp
-- Up-to-date: /home/chaofan/model_benchmark/benchmark/openvino/install/runtime/include/openvino/op/i420_to_rgb.hpp
-- Up-to-date: /home/chaofan/model_benchmark/benchmark/openvino/install/runtime/include/openvino/op/maximum.hpp
-- Up-to-date: /home/chaofan/model_benchmark/benchmark/openvino/install/runtime/include/openvino/op/atanh.hpp
-- Up-to-date: /home/chaofan/model_benchmark/benchmark/openvino/install/runtime/include/openvino/op/grn.hpp
-- Up-to-date: /home/chaofan/model_benchmark/benchmark/openvino/install/runtime/include/openvino/op/deformable_convolution.hpp
-- Up-to-date: /home/chaofan/model_benchmark/benchmark/openvino/install/runtime/include/openvino/op/roll.hpp
-- Up-to-date: /home/chaofan/model_benchmark/benchmark/openvino/install/runtime/include/openvino/op/reduce_logical_and.hpp
-- Up-to-date: /home/chaofan/model_benchmark/benchmark/openvino/install/runtime/include/openvino/op/convolution.hpp
-- Up-to-date: /home/chaofan/model_benchmark/benchmark/openvino/install/runtime/include/openvino/op/unique.hpp
-- Up-to-date: /home/chaofan/model_benchmark/benchmark/openvino/install/runtime/include/openvino/op/tan.hpp
-- Up-to-date: /home/chaofan/model_benchmark/benchmark/openvino/install/runtime/include/openvino/op/rdft.hpp
-- Up-to-date: /home/chaofan/model_benchmark/benchmark/openvino/install/runtime/include/openvino/op/parameter.hpp
-- Up-to-date: /home/chaofan/model_benchmark/benchmark/openvino/install/runtime/include/openvino/op/cosh.hpp
-- Up-to-date: /home/chaofan/model_benchmark/benchmark/openvino/install/runtime/include/openvino/op/power.hpp
-- Up-to-date: /home/chaofan/model_benchmark/benchmark/openvino/install/runtime/include/openvino/op/loop.hpp
-- Up-to-date: /home/chaofan/model_benchmark/benchmark/openvino/install/runtime/include/openvino/op/experimental_detectron_prior_grid_generator.hpp
-- Up-to-date: /home/chaofan/model_benchmark/benchmark/openvino/install/runtime/include/openvino/op/batch_norm.hpp
-- Up-to-date: /home/chaofan/model_benchmark/benchmark/openvino/install/runtime/include/openvino/op/tile.hpp
-- Up-to-date: /home/chaofan/model_benchmark/benchmark/openvino/install/runtime/include/openvino/op/space_to_depth.hpp
-- Up-to-date: /home/chaofan/model_benchmark/benchmark/openvino/install/runtime/include/openvino/op/gru_cell.hpp
-- Up-to-date: /home/chaofan/model_benchmark/benchmark/openvino/install/runtime/include/openvino/op/ceiling.hpp
-- Up-to-date: /home/chaofan/model_benchmark/benchmark/openvino/install/runtime/include/openvino/op/non_max_suppression.hpp
-- Up-to-date: /home/chaofan/model_benchmark/benchmark/openvino/install/runtime/include/openvino/op/space_to_batch.hpp
-- Up-to-date: /home/chaofan/model_benchmark/benchmark/openvino/install/runtime/include/openvino/op/softplus.hpp
-- Up-to-date: /home/chaofan/model_benchmark/benchmark/openvino/install/runtime/include/openvino/op/reduce_min.hpp
-- Up-to-date: /home/chaofan/model_benchmark/benchmark/openvino/install/runtime/include/openvino/op/squared_difference.hpp
-- Up-to-date: /home/chaofan/model_benchmark/benchmark/openvino/install/runtime/include/openvino/op/sink.hpp
-- Up-to-date: /home/chaofan/model_benchmark/benchmark/openvino/install/runtime/include/openvino/op/ops.hpp
-- Up-to-date: /home/chaofan/model_benchmark/benchmark/openvino/install/runtime/include/openvino/op/idft.hpp
-- Up-to-date: /home/chaofan/model_benchmark/benchmark/openvino/install/runtime/include/openvino/op/reduce_logical_or.hpp
-- Up-to-date: /home/chaofan/model_benchmark/benchmark/openvino/install/runtime/include/openvino/op/logical_or.hpp
-- Up-to-date: /home/chaofan/model_benchmark/benchmark/openvino/install/runtime/include/openvino/op/convert.hpp
-- Up-to-date: /home/chaofan/model_benchmark/benchmark/openvino/install/runtime/include/openvino/op/divide.hpp
-- Up-to-date: /home/chaofan/model_benchmark/benchmark/openvino/install/runtime/include/openvino/op/proposal.hpp
-- Up-to-date: /home/chaofan/model_benchmark/benchmark/openvino/install/runtime/include/openvino/op/segment_max.hpp
-- Up-to-date: /home/chaofan/model_benchmark/benchmark/openvino/install/runtime/include/openvino/op/atan.hpp
-- Up-to-date: /home/chaofan/model_benchmark/benchmark/openvino/install/runtime/include/openvino/op/experimental_detectron_topkrois.hpp
-- Up-to-date: /home/chaofan/model_benchmark/benchmark/openvino/install/runtime/include/openvino/op/dft.hpp
-- Up-to-date: /home/chaofan/model_benchmark/benchmark/openvino/install/runtime/include/openvino/op/irdft.hpp
-- Up-to-date: /home/chaofan/model_benchmark/benchmark/openvino/install/runtime/include/openvino/op/lstm_cell.hpp
-- Up-to-date: /home/chaofan/model_benchmark/benchmark/openvino/install/runtime/include/openvino/op/rnn_sequence.hpp
-- Up-to-date: /home/chaofan/model_benchmark/benchmark/openvino/install/runtime/include/openvino/op/istft.hpp
-- Up-to-date: /home/chaofan/model_benchmark/benchmark/openvino/install/runtime/include/openvino/op/reorg_yolo.hpp
-- Up-to-date: /home/chaofan/model_benchmark/benchmark/openvino/install/runtime/include/openvino/op/is_inf.hpp
-- Up-to-date: /home/chaofan/model_benchmark/benchmark/openvino/install/runtime/include/openvino/op/concat.hpp
-- Up-to-date: /home/chaofan/model_benchmark/benchmark/openvino/install/runtime/include/openvino/op/bitwise_or.hpp
-- Up-to-date: /home/chaofan/model_benchmark/benchmark/openvino/install/runtime/include/openvino/op/util
-- Up-to-date: /home/chaofan/model_benchmark/benchmark/openvino/install/runtime/include/openvino/op/util/recurrent_sequence.hpp
-- Up-to-date: /home/chaofan/model_benchmark/benchmark/openvino/install/runtime/include/openvino/op/util/elementwise_args.hpp
-- Up-to-date: /home/chaofan/model_benchmark/benchmark/openvino/install/runtime/include/openvino/op/util/convert_color_nv12_base.hpp
-- Up-to-date: /home/chaofan/model_benchmark/benchmark/openvino/install/runtime/include/openvino/op/util/variable_context.hpp
-- Up-to-date: /home/chaofan/model_benchmark/benchmark/openvino/install/runtime/include/openvino/op/util/variable_value.hpp
-- Up-to-date: /home/chaofan/model_benchmark/benchmark/openvino/install/runtime/include/openvino/op/util/activation_functions.hpp
-- Up-to-date: /home/chaofan/model_benchmark/benchmark/openvino/install/runtime/include/openvino/op/util/roi_align_base.hpp
-- Up-to-date: /home/chaofan/model_benchmark/benchmark/openvino/install/runtime/include/openvino/op/util/detection_output_base.hpp
-- Up-to-date: /home/chaofan/model_benchmark/benchmark/openvino/install/runtime/include/openvino/op/util/avg_pool_base.hpp
-- Up-to-date: /home/chaofan/model_benchmark/benchmark/openvino/install/runtime/include/openvino/op/util/scatter_nd_base.hpp
-- Up-to-date: /home/chaofan/model_benchmark/benchmark/openvino/install/runtime/include/openvino/op/util/topk_base.hpp
-- Up-to-date: /home/chaofan/model_benchmark/benchmark/openvino/install/runtime/include/openvino/op/util/read_value_base.hpp
-- Up-to-date: /home/chaofan/model_benchmark/benchmark/openvino/install/runtime/include/openvino/op/util/scatter_elements_update_base.hpp
-- Up-to-date: /home/chaofan/model_benchmark/benchmark/openvino/install/runtime/include/openvino/op/util/unary_elementwise_arithmetic.hpp
-- Up-to-date: /home/chaofan/model_benchmark/benchmark/openvino/install/runtime/include/openvino/op/util/convert_color_i420_base.hpp
-- Up-to-date: /home/chaofan/model_benchmark/benchmark/openvino/install/runtime/include/openvino/op/util/deformable_convolution_base.hpp
-- Up-to-date: /home/chaofan/model_benchmark/benchmark/openvino/install/runtime/include/openvino/op/util/binary_elementwise_bitwise.hpp
-- Up-to-date: /home/chaofan/model_benchmark/benchmark/openvino/install/runtime/include/openvino/op/util/logical_reduction_keep_dims.hpp
-- Up-to-date: /home/chaofan/model_benchmark/benchmark/openvino/install/runtime/include/openvino/op/util/binary_elementwise_comparison.hpp
-- Up-to-date: /home/chaofan/model_benchmark/benchmark/openvino/install/runtime/include/openvino/op/util/framework_node.hpp
-- Up-to-date: /home/chaofan/model_benchmark/benchmark/openvino/install/runtime/include/openvino/op/util/embeddingbag_offsets_base.hpp
-- Up-to-date: /home/chaofan/model_benchmark/benchmark/openvino/install/runtime/include/openvino/op/util/squeeze_base.hpp
-- Up-to-date: /home/chaofan/model_benchmark/benchmark/openvino/install/runtime/include/openvino/op/util/scatter_base.hpp
-- Up-to-date: /home/chaofan/model_benchmark/benchmark/openvino/install/runtime/include/openvino/op/util/embeddingbag_packed_base.hpp
-- Up-to-date: /home/chaofan/model_benchmark/benchmark/openvino/install/runtime/include/openvino/op/util/sub_graph_base.hpp
-- Up-to-date: /home/chaofan/model_benchmark/benchmark/openvino/install/runtime/include/openvino/op/util/one_hot_base.hpp
-- Up-to-date: /home/chaofan/model_benchmark/benchmark/openvino/install/runtime/include/openvino/op/util/arithmetic_reduction.hpp
-- Up-to-date: /home/chaofan/model_benchmark/benchmark/openvino/install/runtime/include/openvino/op/util/fft_base.hpp
-- Up-to-date: /home/chaofan/model_benchmark/benchmark/openvino/install/runtime/include/openvino/op/util/binary_elementwise_logical.hpp
-- Up-to-date: /home/chaofan/model_benchmark/benchmark/openvino/install/runtime/include/openvino/op/util/pad_base.hpp
-- Up-to-date: /home/chaofan/model_benchmark/benchmark/openvino/install/runtime/include/openvino/op/util/convolution_backprop_base.hpp
-- Up-to-date: /home/chaofan/model_benchmark/benchmark/openvino/install/runtime/include/openvino/op/util/variable_extension.hpp
-- Up-to-date: /home/chaofan/model_benchmark/benchmark/openvino/install/runtime/include/openvino/op/util/assign_base.hpp
-- Up-to-date: /home/chaofan/model_benchmark/benchmark/openvino/install/runtime/include/openvino/op/util/variable.hpp
-- Up-to-date: /home/chaofan/model_benchmark/benchmark/openvino/install/runtime/include/openvino/op/util/interpolate_base.hpp
-- Up-to-date: /home/chaofan/model_benchmark/benchmark/openvino/install/runtime/include/openvino/op/util/attr_types.hpp
-- Up-to-date: /home/chaofan/model_benchmark/benchmark/openvino/install/runtime/include/openvino/op/util/binary_elementwise_arithmetic.hpp
-- Up-to-date: /home/chaofan/model_benchmark/benchmark/openvino/install/runtime/include/openvino/op/util/gather_base.hpp
-- Up-to-date: /home/chaofan/model_benchmark/benchmark/openvino/install/runtime/include/openvino/op/util/multiclass_nms_base.hpp
-- Up-to-date: /home/chaofan/model_benchmark/benchmark/openvino/install/runtime/include/openvino/op/util/index_reduction.hpp
-- Up-to-date: /home/chaofan/model_benchmark/benchmark/openvino/install/runtime/include/openvino/op/util/logical_reduction.hpp
-- Up-to-date: /home/chaofan/model_benchmark/benchmark/openvino/install/runtime/include/openvino/op/util/symbolic_info.hpp
-- Up-to-date: /home/chaofan/model_benchmark/benchmark/openvino/install/runtime/include/openvino/op/util/max_pool_base.hpp
-- Up-to-date: /home/chaofan/model_benchmark/benchmark/openvino/install/runtime/include/openvino/op/util/op_types.hpp
-- Up-to-date: /home/chaofan/model_benchmark/benchmark/openvino/install/runtime/include/openvino/op/util/reduction_base.hpp
-- Up-to-date: /home/chaofan/model_benchmark/benchmark/openvino/install/runtime/include/openvino/op/util/convolution_base.hpp
-- Up-to-date: /home/chaofan/model_benchmark/benchmark/openvino/install/runtime/include/openvino/op/util/gather_nd_base.hpp
-- Up-to-date: /home/chaofan/model_benchmark/benchmark/openvino/install/runtime/include/openvino/op/util/shape_of_base.hpp
-- Up-to-date: /home/chaofan/model_benchmark/benchmark/openvino/install/runtime/include/openvino/op/util/precision_sensitive_attribute.hpp
-- Up-to-date: /home/chaofan/model_benchmark/benchmark/openvino/install/runtime/include/openvino/op/util/broadcast_base.hpp
-- Up-to-date: /home/chaofan/model_benchmark/benchmark/openvino/install/runtime/include/openvino/op/util/rnn_cell_base.hpp
-- Up-to-date: /home/chaofan/model_benchmark/benchmark/openvino/install/runtime/include/openvino/op/util/multi_subgraph_base.hpp
-- Up-to-date: /home/chaofan/model_benchmark/benchmark/openvino/install/runtime/include/openvino/op/util/arithmetic_reductions_keep_dims.hpp
-- Up-to-date: /home/chaofan/model_benchmark/benchmark/openvino/install/runtime/include/openvino/op/prior_box.hpp
-- Up-to-date: /home/chaofan/model_benchmark/benchmark/openvino/install/runtime/include/openvino/op/fake_quantize.hpp
-- Up-to-date: /home/chaofan/model_benchmark/benchmark/openvino/install/runtime/include/openvino/op/i420_to_bgr.hpp
-- Up-to-date: /home/chaofan/model_benchmark/benchmark/openvino/install/runtime/include/openvino/op/gather_tree.hpp
-- Up-to-date: /home/chaofan/model_benchmark/benchmark/openvino/install/runtime/include/openvino/op/gelu.hpp
-- Up-to-date: /home/chaofan/model_benchmark/benchmark/openvino/install/runtime/include/openvino/op/convert_promote_types.hpp
-- Up-to-date: /home/chaofan/model_benchmark/benchmark/openvino/install/runtime/include/openvino/op/topk.hpp
-- Up-to-date: /home/chaofan/model_benchmark/benchmark/openvino/install/runtime/include/openvino/op/acos.hpp
-- Up-to-date: /home/chaofan/model_benchmark/benchmark/openvino/install/runtime/include/openvino/op/sign.hpp
-- Up-to-date: /home/chaofan/model_benchmark/benchmark/openvino/install/runtime/include/openvino/op/max_pool.hpp
-- Up-to-date: /home/chaofan/model_benchmark/benchmark/openvino/install/runtime/include/openvino/op/sigmoid.hpp
-- Up-to-date: /home/chaofan/model_benchmark/benchmark/openvino/install/runtime/include/openvino/op/greater_eq.hpp
-- Up-to-date: /home/chaofan/model_benchmark/benchmark/openvino/install/runtime/include/openvino/op/bitwise_xor.hpp
-- Up-to-date: /home/chaofan/model_benchmark/benchmark/openvino/install/runtime/include/openvino/op/slice_scatter.hpp
-- Up-to-date: /home/chaofan/model_benchmark/benchmark/openvino/install/runtime/include/openvino/op/bucketize.hpp
-- Up-to-date: /home/chaofan/model_benchmark/benchmark/openvino/install/runtime/include/openvino/op/tensor_iterator.hpp
-- Up-to-date: /home/chaofan/model_benchmark/benchmark/openvino/install/runtime/include/openvino/op/strided_slice.hpp
-- Up-to-date: /home/chaofan/model_benchmark/benchmark/openvino/install/runtime/include/openvino/op/constant.hpp
-- Up-to-date: /home/chaofan/model_benchmark/benchmark/openvino/install/runtime/include/openvino/op/bitwise_right_shift.hpp
-- Up-to-date: /home/chaofan/model_benchmark/benchmark/openvino/install/runtime/include/openvino/op/reduce_prod.hpp
-- Up-to-date: /home/chaofan/model_benchmark/benchmark/openvino/install/runtime/include/openvino/op/gather.hpp
-- Up-to-date: /home/chaofan/model_benchmark/benchmark/openvino/install/runtime/include/openvino/op/string_tensor_pack.hpp
-- Up-to-date: /home/chaofan/model_benchmark/benchmark/openvino/install/runtime/include/openvino/op/interpolate.hpp
-- Up-to-date: /home/chaofan/model_benchmark/benchmark/openvino/install/runtime/include/openvino/op/variadic_split.hpp
-- Up-to-date: /home/chaofan/model_benchmark/benchmark/openvino/install/runtime/include/openvino/op/transpose.hpp
-- Up-to-date: /home/chaofan/model_benchmark/benchmark/openvino/install/runtime/include/openvino/op/einsum.hpp
-- Up-to-date: /home/chaofan/model_benchmark/benchmark/openvino/install/runtime/include/openvino/op/reverse_sequence.hpp
-- Up-to-date: /home/chaofan/model_benchmark/benchmark/openvino/install/runtime/include/openvino/op/erfinv.hpp
-- Up-to-date: /home/chaofan/model_benchmark/benchmark/openvino/install/runtime/include/openvino/op/abs.hpp
-- Up-to-date: /home/chaofan/model_benchmark/benchmark/openvino/install/runtime/include/openvino/op/ctc_greedy_decoder.hpp
-- Up-to-date: /home/chaofan/model_benchmark/benchmark/openvino/install/runtime/include/openvino/op/fake_convert.hpp
-- Up-to-date: /home/chaofan/model_benchmark/benchmark/openvino/install/runtime/include/openvino/op/floor.hpp
-- Up-to-date: /home/chaofan/model_benchmark/benchmark/openvino/install/runtime/include/openvino/op/hswish.hpp
-- Up-to-date: /home/chaofan/model_benchmark/benchmark/openvino/install/runtime/include/openvino/op/acosh.hpp
-- Up-to-date: /home/chaofan/model_benchmark/benchmark/openvino/install/runtime/include/openvino/op/assign.hpp
-- Up-to-date: /home/chaofan/model_benchmark/benchmark/openvino/install/runtime/include/openvino/op/gru_sequence.hpp
-- Up-to-date: /home/chaofan/model_benchmark/benchmark/openvino/install/runtime/include/openvino/op/range.hpp
-- Up-to-date: /home/chaofan/model_benchmark/benchmark/openvino/install/runtime/include/openvino/op/scatter_elements_update.hpp
-- Up-to-date: /home/chaofan/model_benchmark/benchmark/openvino/install/runtime/include/openvino/op/log.hpp
-- Up-to-date: /home/chaofan/model_benchmark/benchmark/openvino/install/runtime/include/openvino/op/generate_proposals.hpp
-- Up-to-date: /home/chaofan/model_benchmark/benchmark/openvino/install/runtime/include/openvino/op/binary_convolution.hpp
-- Up-to-date: /home/chaofan/model_benchmark/benchmark/openvino/install/runtime/include/openvino/op/lrn.hpp
-- Up-to-date: /home/chaofan/model_benchmark/benchmark/openvino/install/runtime/include/openvino/op/logical_and.hpp
-- Up-to-date: /home/chaofan/model_benchmark/benchmark/openvino/install/runtime/include/openvino/op/sqrt.hpp
-- Up-to-date: /home/chaofan/model_benchmark/benchmark/openvino/install/runtime/include/openvino/op/nv12_to_bgr.hpp
-- Up-to-date: /home/chaofan/model_benchmark/benchmark/openvino/install/runtime/include/openvino/op/result.hpp
-- Up-to-date: /home/chaofan/model_benchmark/benchmark/openvino/install/runtime/include/openvino/op/non_zero.hpp
-- Up-to-date: /home/chaofan/model_benchmark/benchmark/openvino/install/runtime/include/openvino/op/roi_pooling.hpp
-- Up-to-date: /home/chaofan/model_benchmark/benchmark/openvino/install/runtime/include/openvino/op/hsigmoid.hpp
-- Up-to-date: /home/chaofan/model_benchmark/benchmark/openvino/install/runtime/include/openvino/op/adaptive_avg_pool.hpp
-- Up-to-date: /home/chaofan/model_benchmark/benchmark/openvino/install/runtime/include/openvino/op/experimental_detectron_roi_feature.hpp
-- Up-to-date: /home/chaofan/model_benchmark/benchmark/openvino/install/runtime/include/openvino/op/batch_to_space.hpp
-- Up-to-date: /home/chaofan/model_benchmark/benchmark/openvino/install/runtime/include/openvino/op/inverse.hpp
-- Up-to-date: /home/chaofan/model_benchmark/benchmark/openvino/install/runtime/include/openvino/op/swish.hpp
-- Up-to-date: /home/chaofan/model_benchmark/benchmark/openvino/install/runtime/include/openvino/op/gather_nd.hpp
-- Up-to-date: /home/chaofan/model_benchmark/benchmark/openvino/install/runtime/include/openvino/op/nms_rotated.hpp
-- Up-to-date: /home/chaofan/model_benchmark/benchmark/openvino/install/runtime/include/openvino/op/rnn_cell.hpp
-- Up-to-date: /home/chaofan/model_benchmark/benchmark/openvino/install/runtime/include/openvino/op/stft.hpp
-- Up-to-date: /home/chaofan/model_benchmark/benchmark/openvino/install/runtime/include/openvino/op/col2im.hpp
-- Up-to-date: /home/chaofan/model_benchmark/benchmark/openvino/install/runtime/include/openvino/op/eye.hpp
-- Up-to-date: /home/chaofan/model_benchmark/benchmark/openvino/install/runtime/include/openvino/op/scatter_update.hpp
-- Up-to-date: /home/chaofan/model_benchmark/benchmark/openvino/install/runtime/include/openvino/op/round.hpp
-- Up-to-date: /home/chaofan/model_benchmark/benchmark/openvino/install/runtime/include/openvino/op/mod.hpp
-- Up-to-date: /home/chaofan/model_benchmark/benchmark/openvino/install/runtime/include/openvino/op/xor.hpp
-- Up-to-date: /home/chaofan/model_benchmark/benchmark/openvino/install/runtime/include/openvino/op/hard_sigmoid.hpp
-- Up-to-date: /home/chaofan/model_benchmark/benchmark/openvino/install/runtime/include/openvino/op/multinomial.hpp
-- Up-to-date: /home/chaofan/model_benchmark/benchmark/openvino/install/runtime/include/openvino/op/floor_mod.hpp
-- Up-to-date: /home/chaofan/model_benchmark/benchmark/openvino/install/runtime/include/openvino/op/gather_elements.hpp
-- Up-to-date: /home/chaofan/model_benchmark/benchmark/openvino/install/runtime/include/openvino/op/deformable_psroi_pooling.hpp
-- Up-to-date: /home/chaofan/model_benchmark/benchmark/openvino/install/runtime/include/openvino/op/embeddingbag_offsets_sum.hpp
-- Up-to-date: /home/chaofan/model_benchmark/benchmark/openvino/install/runtime/include/openvino/op/shuffle_channels.hpp
-- Up-to-date: /home/chaofan/model_benchmark/benchmark/openvino/install/runtime/include/openvino/op/scatter_nd_update.hpp
-- Up-to-date: /home/chaofan/model_benchmark/benchmark/openvino/install/runtime/include/openvino/op/reduce_sum.hpp
-- Up-to-date: /home/chaofan/model_benchmark/benchmark/openvino/install/runtime/include/openvino/op/is_nan.hpp
-- Up-to-date: /home/chaofan/model_benchmark/benchmark/openvino/install/runtime/include/openvino/op/detection_output.hpp
-- Up-to-date: /home/chaofan/model_benchmark/benchmark/openvino/install/runtime/include/openvino/op/is_finite.hpp
-- Up-to-date: /home/chaofan/model_benchmark/benchmark/openvino/install/runtime/include/openvino/op/multiclass_nms.hpp
-- Up-to-date: /home/chaofan/model_benchmark/benchmark/openvino/install/runtime/include/openvino/op/region_yolo.hpp
-- Up-to-date: /home/chaofan/model_benchmark/benchmark/openvino/install/runtime/include/openvino/op/broadcast.hpp
-- Up-to-date: /home/chaofan/model_benchmark/benchmark/openvino/install/runtime/include/openvino/op/less_eq.hpp
-- Up-to-date: /home/chaofan/model_benchmark/benchmark/openvino/install/runtime/include/openvino/op/mish.hpp
-- Up-to-date: /home/chaofan/model_benchmark/benchmark/openvino/install/runtime/include/openvino/op/read_value.hpp
-- Up-to-date: /home/chaofan/model_benchmark/benchmark/openvino/install/runtime/include/openvino/op/sin.hpp
-- Up-to-date: /home/chaofan/model_benchmark/benchmark/openvino/install/runtime/include/openvino/op/matmul.hpp
-- Up-to-date: /home/chaofan/model_benchmark/benchmark/openvino/install/runtime/include/openvino/op/roi_align.hpp
-- Up-to-date: /home/chaofan/model_benchmark/benchmark/openvino/install/runtime/include/openvino/op/prelu.hpp
-- Up-to-date: /home/chaofan/model_benchmark/benchmark/openvino/install/runtime/include/openvino/op/adaptive_max_pool.hpp
-- Up-to-date: /home/chaofan/model_benchmark/benchmark/openvino/install/runtime/include/openvino/op/ctc_greedy_decoder_seq_len.hpp
-- Up-to-date: /home/chaofan/model_benchmark/benchmark/openvino/install/runtime/include/openvino/op/slice.hpp
-- Up-to-date: /home/chaofan/model_benchmark/benchmark/openvino/install/runtime/include/openvino/op/sparse_fill_empty_rows.hpp
-- Up-to-date: /home/chaofan/model_benchmark/benchmark/openvino/install/runtime/include/openvino/op/grouped_matmul.hpp
-- Up-to-date: /home/chaofan/model_benchmark/benchmark/openvino/install/runtime/include/openvino/op/reshape.hpp
-- Up-to-date: /home/chaofan/model_benchmark/benchmark/openvino/install/runtime/include/openvino/op/exp.hpp
-- Up-to-date: /home/chaofan/model_benchmark/benchmark/openvino/install/runtime/include/openvino/op/mvn.hpp
-- Up-to-date: /home/chaofan/model_benchmark/benchmark/openvino/install/runtime/include/openvino/op/random_uniform.hpp
-- Up-to-date: /home/chaofan/model_benchmark/benchmark/openvino/install/runtime/include/openvino/op/psroi_pooling.hpp
-- Up-to-date: /home/chaofan/model_benchmark/benchmark/openvino/install/runtime/include/openvino/op/scaled_dot_product_attention.hpp
-- Up-to-date: /home/chaofan/model_benchmark/benchmark/openvino/install/runtime/include/openvino/op/clamp.hpp
-- Up-to-date: /home/chaofan/model_benchmark/benchmark/openvino/install/runtime/include/openvino/op/select.hpp
-- Up-to-date: /home/chaofan/model_benchmark/benchmark/openvino/install/runtime/include/openvino/op/logical_xor.hpp
-- Up-to-date: /home/chaofan/model_benchmark/benchmark/openvino/install/runtime/include/openvino/op/search_sorted.hpp
-- Up-to-date: /home/chaofan/model_benchmark/benchmark/openvino/install/runtime/include/openvino/op/negative.hpp
-- Up-to-date: /home/chaofan/model_benchmark/benchmark/openvino/install/runtime/include/openvino/op/group_conv.hpp
-- Up-to-date: /home/chaofan/model_benchmark/benchmark/openvino/install/runtime/include/openvino/op/erf.hpp
-- Up-to-date: /home/chaofan/model_benchmark/benchmark/openvino/install/runtime/include/openvino/op/reduce_max.hpp
-- Up-to-date: /home/chaofan/model_benchmark/benchmark/openvino/install/runtime/include/openvino/op/cum_sum.hpp
-- Up-to-date: /home/chaofan/model_benchmark/benchmark/openvino/install/runtime/include/openvino/op/shape_of.hpp
-- Up-to-date: /home/chaofan/model_benchmark/benchmark/openvino/install/runtime/include/openvino/op/depth_to_space.hpp
-- Up-to-date: /home/chaofan/model_benchmark/benchmark/openvino/install/runtime/include/openvino/op/normalize_l2.hpp
-- Up-to-date: /home/chaofan/model_benchmark/benchmark/openvino/install/runtime/include/openvino/op/log_softmax.hpp
-- Up-to-date: /home/chaofan/model_benchmark/benchmark/openvino/install/runtime/include/openvino/op/extractimagepatches.hpp
-- Up-to-date: /home/chaofan/model_benchmark/benchmark/openvino/install/runtime/include/openvino/op/grid_sample.hpp
-- Up-to-date: /home/chaofan/model_benchmark/benchmark/openvino/install/runtime/include/openvino/op/unsqueeze.hpp
-- Up-to-date: /home/chaofan/model_benchmark/benchmark/openvino/install/runtime/include/openvino/op/relu.hpp
-- Up-to-date: /home/chaofan/model_benchmark/benchmark/openvino/install/runtime/include/openvino/op/ctc_loss.hpp
-- Up-to-date: /home/chaofan/model_benchmark/benchmark/openvino/install/runtime/include/openvino/op/less.hpp
-- Up-to-date: /home/chaofan/model_benchmark/benchmark/openvino/install/runtime/include/openvino/op/subtract.hpp
-- Up-to-date: /home/chaofan/model_benchmark/benchmark/openvino/install/runtime/include/openvino/op/convert_like.hpp
-- Up-to-date: /home/chaofan/model_benchmark/benchmark/openvino/install/runtime/include/openvino/op/bitwise_left_shift.hpp
-- Up-to-date: /home/chaofan/model_benchmark/benchmark/openvino/install/runtime/include/openvino/op/if.hpp
-- Up-to-date: /home/chaofan/model_benchmark/benchmark/openvino/install/runtime/include/openvino/op/reduce_l1.hpp
-- Up-to-date: /home/chaofan/model_benchmark/benchmark/openvino/install/runtime/include/openvino/op/embedding_segments_sum.hpp
-- Up-to-date: /home/chaofan/model_benchmark/benchmark/openvino/install/runtime/include/openvino/op/pad.hpp
-- Up-to-date: /home/chaofan/model_benchmark/benchmark/openvino/install/runtime/include/openvino/op/equal.hpp
-- Up-to-date: /home/chaofan/model_benchmark/benchmark/openvino/install/runtime/include/openvino/op/add.hpp
-- Up-to-date: /home/chaofan/model_benchmark/benchmark/openvino/install/runtime/include/openvino/op/avg_pool.hpp
-- Up-to-date: /home/chaofan/model_benchmark/benchmark/openvino/install/runtime/include/openvino/op/elu.hpp
-- Up-to-date: /home/chaofan/model_benchmark/benchmark/openvino/install/runtime/include/openvino/op/greater.hpp
-- Up-to-date: /home/chaofan/model_benchmark/benchmark/openvino/install/runtime/include/openvino/op/one_hot.hpp
-- Up-to-date: /home/chaofan/model_benchmark/benchmark/openvino/install/runtime/include/openvino/op/multiply.hpp
-- Up-to-date: /home/chaofan/model_benchmark/benchmark/openvino/install/runtime/include/openvino/op/sinh.hpp
-- Up-to-date: /home/chaofan/model_benchmark/benchmark/openvino/install/runtime/include/openvino/op/not_equal.hpp
-- Up-to-date: /home/chaofan/model_benchmark/benchmark/openvino/install/runtime/include/openvino/op/group_normalization.hpp
-- Up-to-date: /home/chaofan/model_benchmark/benchmark/openvino/install/runtime/include/openvino/op/asin.hpp
-- Up-to-date: /home/chaofan/model_benchmark/benchmark/openvino/install/runtime/include/openvino/op/bitwise_not.hpp
-- Up-to-date: /home/chaofan/model_benchmark/benchmark/openvino/install/runtime/include/openvino/op/reverse.hpp
-- Up-to-date: /home/chaofan/model_benchmark/benchmark/openvino/install/runtime/include/openvino/op/tanh.hpp
-- Up-to-date: /home/chaofan/model_benchmark/benchmark/openvino/install/runtime/include/openvino/op/roi_align_rotated.hpp
-- Up-to-date: /home/chaofan/model_benchmark/benchmark/openvino/install/runtime/include/openvino/op/asinh.hpp
-- Up-to-date: /home/chaofan/model_benchmark/benchmark/openvino/install/runtime/include/openvino/op/bitwise_and.hpp
-- Up-to-date: /home/chaofan/model_benchmark/benchmark/openvino/install/runtime/include/openvino/op/nv12_to_rgb.hpp
-- Up-to-date: /home/chaofan/model_benchmark/benchmark/openvino/install/runtime/include/openvino/op/reduce_mean.hpp
-- Up-to-date: /home/chaofan/model_benchmark/benchmark/openvino/install/runtime/include/openvino/op/softmax.hpp
-- Up-to-date: /home/chaofan/model_benchmark/benchmark/openvino/install/runtime/include/openvino/op/embeddingbag_packed.hpp
-- Up-to-date: /home/chaofan/model_benchmark/benchmark/openvino/install/runtime/include/openvino/op/string_tensor_unpack.hpp
-- Up-to-date: /home/chaofan/model_benchmark/benchmark/openvino/install/runtime/include/openvino/op/lstm_sequence.hpp
-- Up-to-date: /home/chaofan/model_benchmark/benchmark/openvino/install/runtime/include/openvino/op/squeeze.hpp
-- Up-to-date: /home/chaofan/model_benchmark/benchmark/openvino/install/runtime/include/openvino/runtime
-- Up-to-date: /home/chaofan/model_benchmark/benchmark/openvino/install/runtime/include/openvino/runtime/allocator.hpp
-- Up-to-date: /home/chaofan/model_benchmark/benchmark/openvino/install/runtime/include/openvino/runtime/tensor.hpp
-- Up-to-date: /home/chaofan/model_benchmark/benchmark/openvino/install/runtime/include/openvino/runtime/file_handle.hpp
-- Up-to-date: /home/chaofan/model_benchmark/benchmark/openvino/install/runtime/include/openvino/core
-- Up-to-date: /home/chaofan/model_benchmark/benchmark/openvino/install/runtime/include/openvino/core/axis_set.hpp
-- Up-to-date: /home/chaofan/model_benchmark/benchmark/openvino/install/runtime/include/openvino/core/any.hpp
-- Up-to-date: /home/chaofan/model_benchmark/benchmark/openvino/install/runtime/include/openvino/core/type.hpp
-- Up-to-date: /home/chaofan/model_benchmark/benchmark/openvino/install/runtime/include/openvino/core/version.hpp
-- Up-to-date: /home/chaofan/model_benchmark/benchmark/openvino/install/runtime/include/openvino/core/runtime_attribute.hpp
-- Up-to-date: /home/chaofan/model_benchmark/benchmark/openvino/install/runtime/include/openvino/core/enum_names.hpp
-- Up-to-date: /home/chaofan/model_benchmark/benchmark/openvino/install/runtime/include/openvino/core/attribute_adapter.hpp
-- Up-to-date: /home/chaofan/model_benchmark/benchmark/openvino/install/runtime/include/openvino/core/node_input.hpp
-- Up-to-date: /home/chaofan/model_benchmark/benchmark/openvino/install/runtime/include/openvino/core/core.hpp
-- Up-to-date: /home/chaofan/model_benchmark/benchmark/openvino/install/runtime/include/openvino/core/dimension.hpp
-- Up-to-date: /home/chaofan/model_benchmark/benchmark/openvino/install/runtime/include/openvino/core/strides.hpp
-- Up-to-date: /home/chaofan/model_benchmark/benchmark/openvino/install/runtime/include/openvino/core/coordinate_diff.hpp
-- Up-to-date: /home/chaofan/model_benchmark/benchmark/openvino/install/runtime/include/openvino/core/visibility.hpp
-- Up-to-date: /home/chaofan/model_benchmark/benchmark/openvino/install/runtime/include/openvino/core/interval.hpp
-- Up-to-date: /home/chaofan/model_benchmark/benchmark/openvino/install/runtime/include/openvino/core/extension.hpp
-- Up-to-date: /home/chaofan/model_benchmark/benchmark/openvino/install/runtime/include/openvino/core/layout.hpp
-- Up-to-date: /home/chaofan/model_benchmark/benchmark/openvino/install/runtime/include/openvino/core/rtti.hpp
-- Up-to-date: /home/chaofan/model_benchmark/benchmark/openvino/install/runtime/include/openvino/core/symbol.hpp
-- Up-to-date: /home/chaofan/model_benchmark/benchmark/openvino/install/runtime/include/openvino/core/coordinate.hpp
-- Up-to-date: /home/chaofan/model_benchmark/benchmark/openvino/install/runtime/include/openvino/core/core_visibility.hpp
-- Up-to-date: /home/chaofan/model_benchmark/benchmark/openvino/install/runtime/include/openvino/core/enum_mask.hpp
-- Up-to-date: /home/chaofan/model_benchmark/benchmark/openvino/install/runtime/include/openvino/core/except.hpp
-- Up-to-date: /home/chaofan/model_benchmark/benchmark/openvino/install/runtime/include/openvino/core/log.hpp
-- Up-to-date: /home/chaofan/model_benchmark/benchmark/openvino/install/runtime/include/openvino/core/partial_shape.hpp
-- Up-to-date: /home/chaofan/model_benchmark/benchmark/openvino/install/runtime/include/openvino/core/type
-- Up-to-date: /home/chaofan/model_benchmark/benchmark/openvino/install/runtime/include/openvino/core/type/float4_e2m1.hpp
-- Up-to-date: /home/chaofan/model_benchmark/benchmark/openvino/install/runtime/include/openvino/core/type/float16.hpp
-- Up-to-date: /home/chaofan/model_benchmark/benchmark/openvino/install/runtime/include/openvino/core/type/element_type_traits.hpp
-- Up-to-date: /home/chaofan/model_benchmark/benchmark/openvino/install/runtime/include/openvino/core/type/float8_e4m3.hpp
-- Up-to-date: /home/chaofan/model_benchmark/benchmark/openvino/install/runtime/include/openvino/core/type/float8_e8m0.hpp
-- Up-to-date: /home/chaofan/model_benchmark/benchmark/openvino/install/runtime/include/openvino/core/type/bfloat16.hpp
-- Up-to-date: /home/chaofan/model_benchmark/benchmark/openvino/install/runtime/include/openvino/core/type/element_type.hpp
-- Up-to-date: /home/chaofan/model_benchmark/benchmark/openvino/install/runtime/include/openvino/core/type/float8_e5m2.hpp
-- Up-to-date: /home/chaofan/model_benchmark/benchmark/openvino/install/runtime/include/openvino/core/axis_vector.hpp
-- Up-to-date: /home/chaofan/model_benchmark/benchmark/openvino/install/runtime/include/openvino/core/parallel.hpp
-- Up-to-date: /home/chaofan/model_benchmark/benchmark/openvino/install/runtime/include/openvino/core/graph_util.hpp
-- Up-to-date: /home/chaofan/model_benchmark/benchmark/openvino/install/runtime/include/openvino/core/rt_info.hpp
-- Up-to-date: /home/chaofan/model_benchmark/benchmark/openvino/install/runtime/include/openvino/core/op_extension.hpp
-- Up-to-date: /home/chaofan/model_benchmark/benchmark/openvino/install/runtime/include/openvino/core/model.hpp
-- Up-to-date: /home/chaofan/model_benchmark/benchmark/openvino/install/runtime/include/openvino/core/attribute_visitor.hpp
-- Up-to-date: /home/chaofan/model_benchmark/benchmark/openvino/install/runtime/include/openvino/core/node_output.hpp
-- Up-to-date: /home/chaofan/model_benchmark/benchmark/openvino/install/runtime/include/openvino/core/descriptor
-- Up-to-date: /home/chaofan/model_benchmark/benchmark/openvino/install/runtime/include/openvino/core/descriptor/input.hpp
-- Up-to-date: /home/chaofan/model_benchmark/benchmark/openvino/install/runtime/include/openvino/core/descriptor/output.hpp
-- Up-to-date: /home/chaofan/model_benchmark/benchmark/openvino/install/runtime/include/openvino/core/descriptor/tensor.hpp
-- Up-to-date: /home/chaofan/model_benchmark/benchmark/openvino/install/runtime/include/openvino/core/preprocess
-- Up-to-date: /home/chaofan/model_benchmark/benchmark/openvino/install/runtime/include/openvino/core/preprocess/output_info.hpp
-- Up-to-date: /home/chaofan/model_benchmark/benchmark/openvino/install/runtime/include/openvino/core/preprocess/output_tensor_info.hpp
-- Up-to-date: /home/chaofan/model_benchmark/benchmark/openvino/install/runtime/include/openvino/core/preprocess/input_info.hpp
-- Up-to-date: /home/chaofan/model_benchmark/benchmark/openvino/install/runtime/include/openvino/core/preprocess/output_model_info.hpp
-- Up-to-date: /home/chaofan/model_benchmark/benchmark/openvino/install/runtime/include/openvino/core/preprocess/input_tensor_info.hpp
-- Up-to-date: /home/chaofan/model_benchmark/benchmark/openvino/install/runtime/include/openvino/core/preprocess/pre_post_process.hpp
-- Up-to-date: /home/chaofan/model_benchmark/benchmark/openvino/install/runtime/include/openvino/core/preprocess/resize_algorithm.hpp
-- Up-to-date: /home/chaofan/model_benchmark/benchmark/openvino/install/runtime/include/openvino/core/preprocess/preprocess_steps.hpp
-- Up-to-date: /home/chaofan/model_benchmark/benchmark/openvino/install/runtime/include/openvino/core/preprocess/postprocess_steps.hpp
-- Up-to-date: /home/chaofan/model_benchmark/benchmark/openvino/install/runtime/include/openvino/core/preprocess/input_model_info.hpp
-- Up-to-date: /home/chaofan/model_benchmark/benchmark/openvino/install/runtime/include/openvino/core/preprocess/padding_mode.hpp
-- Up-to-date: /home/chaofan/model_benchmark/benchmark/openvino/install/runtime/include/openvino/core/preprocess/color_format.hpp
-- Up-to-date: /home/chaofan/model_benchmark/benchmark/openvino/install/runtime/include/openvino/core/node_vector.hpp
-- Up-to-date: /home/chaofan/model_benchmark/benchmark/openvino/install/runtime/include/openvino/core/deprecated.hpp
-- Up-to-date: /home/chaofan/model_benchmark/benchmark/openvino/install/runtime/include/openvino/core/shape.hpp
-- Up-to-date: /home/chaofan/model_benchmark/benchmark/openvino/install/runtime/include/openvino/core/rank.hpp
-- Up-to-date: /home/chaofan/model_benchmark/benchmark/openvino/install/runtime/include/openvino/core/node.hpp
-- Up-to-date: /home/chaofan/model_benchmark/benchmark/openvino/install/runtime/include/openvino
-- Up-to-date: /home/chaofan/model_benchmark/benchmark/openvino/install/runtime/include/openvino/frontend
-- Up-to-date: /home/chaofan/model_benchmark/benchmark/openvino/install/runtime/include/openvino/frontend/sequence_at.hpp
-- Up-to-date: /home/chaofan/model_benchmark/benchmark/openvino/install/runtime/include/openvino/frontend/sequence_mark.hpp
-- Up-to-date: /home/chaofan/model_benchmark/benchmark/openvino/install/runtime/include/openvino/frontend/extension
-- Up-to-date: /home/chaofan/model_benchmark/benchmark/openvino/install/runtime/include/openvino/frontend/extension/op.hpp
-- Up-to-date: /home/chaofan/model_benchmark/benchmark/openvino/install/runtime/include/openvino/frontend/extension/conversion.hpp
-- Up-to-date: /home/chaofan/model_benchmark/benchmark/openvino/install/runtime/include/openvino/frontend/extension/telemetry.hpp
-- Up-to-date: /home/chaofan/model_benchmark/benchmark/openvino/install/runtime/include/openvino/frontend/extension/decoder_transformation.hpp
-- Up-to-date: /home/chaofan/model_benchmark/benchmark/openvino/install/runtime/include/openvino/frontend/extension/progress_reporter.hpp
-- Up-to-date: /home/chaofan/model_benchmark/benchmark/openvino/install/runtime/include/openvino/frontend/extension/holder.hpp
-- Up-to-date: /home/chaofan/model_benchmark/benchmark/openvino/install/runtime/include/openvino/frontend/input_model.hpp
-- Up-to-date: /home/chaofan/model_benchmark/benchmark/openvino/install/runtime/include/openvino/frontend/sequence_erase.hpp
-- Up-to-date: /home/chaofan/model_benchmark/benchmark/openvino/install/runtime/include/openvino/frontend/sequence_length.hpp
-- Up-to-date: /home/chaofan/model_benchmark/benchmark/openvino/install/runtime/include/openvino/frontend/manager.hpp
-- Up-to-date: /home/chaofan/model_benchmark/benchmark/openvino/install/runtime/include/openvino/frontend/place.hpp
-- Up-to-date: /home/chaofan/model_benchmark/benchmark/openvino/install/runtime/include/openvino/frontend/complex_type_mark.hpp
-- Up-to-date: /home/chaofan/model_benchmark/benchmark/openvino/install/runtime/include/openvino/frontend/exception.hpp
-- Up-to-date: /home/chaofan/model_benchmark/benchmark/openvino/install/runtime/include/openvino/frontend/visibility.hpp
-- Up-to-date: /home/chaofan/model_benchmark/benchmark/openvino/install/runtime/include/openvino/frontend/extension.hpp
-- Up-to-date: /home/chaofan/model_benchmark/benchmark/openvino/install/runtime/include/openvino/frontend/concat_from_sequence.hpp
-- Up-to-date: /home/chaofan/model_benchmark/benchmark/openvino/install/runtime/include/openvino/frontend/node_context.hpp
-- Up-to-date: /home/chaofan/model_benchmark/benchmark/openvino/install/runtime/include/openvino/frontend/variable.hpp
-- Up-to-date: /home/chaofan/model_benchmark/benchmark/openvino/install/runtime/include/openvino/frontend/graph_iterator.hpp
-- Up-to-date: /home/chaofan/model_benchmark/benchmark/openvino/install/runtime/include/openvino/frontend/sequence_insert.hpp
-- Up-to-date: /home/chaofan/model_benchmark/benchmark/openvino/install/runtime/include/openvino/frontend/frontend.hpp
-- Up-to-date: /home/chaofan/model_benchmark/benchmark/openvino/install/runtime/include/openvino/frontend/decoder.hpp
-- Up-to-date: /home/chaofan/model_benchmark/benchmark/openvino/install/runtime/include/openvino/frontend/hash_table.hpp
-- Up-to-date: /home/chaofan/model_benchmark/benchmark/openvino/install/runtime/lib/intel64/libopenvino_ir_frontend.so.2026.3.0
-- Up-to-date: /home/chaofan/model_benchmark/benchmark/openvino/install/runtime/lib/intel64/libopenvino_ir_frontend.so.2630
-- Up-to-date: /home/chaofan/model_benchmark/benchmark/openvino/install/runtime/lib/intel64/libopenvino_onnx_frontend.so.2026.3.0
-- Up-to-date: /home/chaofan/model_benchmark/benchmark/openvino/install/runtime/lib/intel64/libopenvino_onnx_frontend.so.2630
-- Up-to-date: /home/chaofan/model_benchmark/benchmark/openvino/install/runtime/lib/intel64/libopenvino_onnx_frontend.so
-- Up-to-date: /home/chaofan/model_benchmark/benchmark/openvino/install/runtime/include/openvino
-- Up-to-date: /home/chaofan/model_benchmark/benchmark/openvino/install/runtime/include/openvino/frontend
-- Up-to-date: /home/chaofan/model_benchmark/benchmark/openvino/install/runtime/include/openvino/frontend/onnx
-- Up-to-date: /home/chaofan/model_benchmark/benchmark/openvino/install/runtime/include/openvino/frontend/onnx/extension
-- Up-to-date: /home/chaofan/model_benchmark/benchmark/openvino/install/runtime/include/openvino/frontend/onnx/extension/op.hpp
-- Up-to-date: /home/chaofan/model_benchmark/benchmark/openvino/install/runtime/include/openvino/frontend/onnx/extension/conversion.hpp
-- Up-to-date: /home/chaofan/model_benchmark/benchmark/openvino/install/runtime/include/openvino/frontend/onnx/visibility.hpp
-- Up-to-date: /home/chaofan/model_benchmark/benchmark/openvino/install/runtime/include/openvino/frontend/onnx/node_context.hpp
-- Up-to-date: /home/chaofan/model_benchmark/benchmark/openvino/install/runtime/include/openvino/frontend/onnx/graph_iterator.hpp
-- Up-to-date: /home/chaofan/model_benchmark/benchmark/openvino/install/runtime/include/openvino/frontend/onnx/frontend.hpp
-- Up-to-date: /home/chaofan/model_benchmark/benchmark/openvino/install/runtime/include/openvino/frontend/onnx/decoder.hpp
-- Up-to-date: /home/chaofan/model_benchmark/benchmark/openvino/install/runtime/lib/intel64/libopenvino_pytorch_frontend.so.2026.3.0
-- Up-to-date: /home/chaofan/model_benchmark/benchmark/openvino/install/runtime/lib/intel64/libopenvino_pytorch_frontend.so.2630
-- Up-to-date: /home/chaofan/model_benchmark/benchmark/openvino/install/runtime/lib/intel64/libopenvino_pytorch_frontend.so
-- Up-to-date: /home/chaofan/model_benchmark/benchmark/openvino/install/runtime/include/openvino
-- Up-to-date: /home/chaofan/model_benchmark/benchmark/openvino/install/runtime/include/openvino/frontend
-- Up-to-date: /home/chaofan/model_benchmark/benchmark/openvino/install/runtime/include/openvino/frontend/pytorch
-- Up-to-date: /home/chaofan/model_benchmark/benchmark/openvino/install/runtime/include/openvino/frontend/pytorch/extension
-- Up-to-date: /home/chaofan/model_benchmark/benchmark/openvino/install/runtime/include/openvino/frontend/pytorch/extension/op.hpp
-- Up-to-date: /home/chaofan/model_benchmark/benchmark/openvino/install/runtime/include/openvino/frontend/pytorch/extension/conversion.hpp
-- Up-to-date: /home/chaofan/model_benchmark/benchmark/openvino/install/runtime/include/openvino/frontend/pytorch/visibility.hpp
-- Up-to-date: /home/chaofan/model_benchmark/benchmark/openvino/install/runtime/include/openvino/frontend/pytorch/node_context.hpp
-- Up-to-date: /home/chaofan/model_benchmark/benchmark/openvino/install/runtime/include/openvino/frontend/pytorch/frontend.hpp
-- Up-to-date: /home/chaofan/model_benchmark/benchmark/openvino/install/runtime/include/openvino/frontend/pytorch/decoder.hpp
-- Up-to-date: /home/chaofan/model_benchmark/benchmark/openvino/install/runtime/lib/intel64/libopenvino_tensorflow_frontend.so.2026.3.0
-- Up-to-date: /home/chaofan/model_benchmark/benchmark/openvino/install/runtime/lib/intel64/libopenvino_tensorflow_frontend.so.2630
-- Up-to-date: /home/chaofan/model_benchmark/benchmark/openvino/install/runtime/lib/intel64/libopenvino_tensorflow_frontend.so
-- Up-to-date: /home/chaofan/model_benchmark/benchmark/openvino/install/runtime/include/openvino
-- Up-to-date: /home/chaofan/model_benchmark/benchmark/openvino/install/runtime/include/openvino/frontend
-- Up-to-date: /home/chaofan/model_benchmark/benchmark/openvino/install/runtime/include/openvino/frontend/tensorflow
-- Up-to-date: /home/chaofan/model_benchmark/benchmark/openvino/install/runtime/include/openvino/frontend/tensorflow/extension
-- Up-to-date: /home/chaofan/model_benchmark/benchmark/openvino/install/runtime/include/openvino/frontend/tensorflow/extension/op.hpp
-- Up-to-date: /home/chaofan/model_benchmark/benchmark/openvino/install/runtime/include/openvino/frontend/tensorflow/extension/conversion.hpp
-- Up-to-date: /home/chaofan/model_benchmark/benchmark/openvino/install/runtime/include/openvino/frontend/tensorflow/exception.hpp
-- Up-to-date: /home/chaofan/model_benchmark/benchmark/openvino/install/runtime/include/openvino/frontend/tensorflow/visibility.hpp
-- Up-to-date: /home/chaofan/model_benchmark/benchmark/openvino/install/runtime/include/openvino/frontend/tensorflow/node_context.hpp
-- Up-to-date: /home/chaofan/model_benchmark/benchmark/openvino/install/runtime/include/openvino/frontend/tensorflow/special_types.hpp
-- Up-to-date: /home/chaofan/model_benchmark/benchmark/openvino/install/runtime/include/openvino/frontend/tensorflow/variable.hpp
-- Up-to-date: /home/chaofan/model_benchmark/benchmark/openvino/install/runtime/include/openvino/frontend/tensorflow/graph_iterator.hpp
-- Up-to-date: /home/chaofan/model_benchmark/benchmark/openvino/install/runtime/include/openvino/frontend/tensorflow/frontend.hpp
-- Up-to-date: /home/chaofan/model_benchmark/benchmark/openvino/install/runtime/include/openvino/frontend/tensorflow/variables_map.hpp
-- Up-to-date: /home/chaofan/model_benchmark/benchmark/openvino/install/runtime/include/openvino/frontend/tensorflow/decoder.hpp
-- Up-to-date: /home/chaofan/model_benchmark/benchmark/openvino/install/runtime/include/openvino/frontend/tensorflow/hash_table.hpp
-- Up-to-date: /home/chaofan/model_benchmark/benchmark/openvino/install/runtime/lib/intel64/libopenvino_tensorflow_lite_frontend.so.2026.3.0
-- Up-to-date: /home/chaofan/model_benchmark/benchmark/openvino/install/runtime/lib/intel64/libopenvino_tensorflow_lite_frontend.so.2630
-- Up-to-date: /home/chaofan/model_benchmark/benchmark/openvino/install/runtime/lib/intel64/libopenvino_tensorflow_lite_frontend.so
-- Up-to-date: /home/chaofan/model_benchmark/benchmark/openvino/install/runtime/include/openvino
-- Up-to-date: /home/chaofan/model_benchmark/benchmark/openvino/install/runtime/include/openvino/frontend
-- Up-to-date: /home/chaofan/model_benchmark/benchmark/openvino/install/runtime/include/openvino/frontend/tensorflow_lite
-- Up-to-date: /home/chaofan/model_benchmark/benchmark/openvino/install/runtime/include/openvino/frontend/tensorflow_lite/extension
-- Up-to-date: /home/chaofan/model_benchmark/benchmark/openvino/install/runtime/include/openvino/frontend/tensorflow_lite/extension/op.hpp
-- Up-to-date: /home/chaofan/model_benchmark/benchmark/openvino/install/runtime/include/openvino/frontend/tensorflow_lite/extension/conversion.hpp
-- Up-to-date: /home/chaofan/model_benchmark/benchmark/openvino/install/runtime/include/openvino/frontend/tensorflow_lite/visibility.hpp
-- Up-to-date: /home/chaofan/model_benchmark/benchmark/openvino/install/runtime/include/openvino/frontend/tensorflow_lite/node_context.hpp
-- Up-to-date: /home/chaofan/model_benchmark/benchmark/openvino/install/runtime/include/openvino/frontend/tensorflow_lite/quantization_info.hpp
-- Up-to-date: /home/chaofan/model_benchmark/benchmark/openvino/install/runtime/include/openvino/frontend/tensorflow_lite/graph_iterator.hpp
-- Up-to-date: /home/chaofan/model_benchmark/benchmark/openvino/install/runtime/include/openvino/frontend/tensorflow_lite/frontend.hpp
-- Up-to-date: /home/chaofan/model_benchmark/benchmark/openvino/install/runtime/include/openvino/frontend/tensorflow_lite/sparsity_info.hpp
-- Up-to-date: /home/chaofan/model_benchmark/benchmark/openvino/install/runtime/include/openvino/frontend/tensorflow_lite/decoder.hpp
-- Up-to-date: /home/chaofan/model_benchmark/benchmark/openvino/install/runtime/lib/intel64/libopenvino_paddle_frontend.so.2026.3.0
-- Up-to-date: /home/chaofan/model_benchmark/benchmark/openvino/install/runtime/lib/intel64/libopenvino_paddle_frontend.so.2630
-- Up-to-date: /home/chaofan/model_benchmark/benchmark/openvino/install/runtime/lib/intel64/libopenvino_paddle_frontend.so
-- Up-to-date: /home/chaofan/model_benchmark/benchmark/openvino/install/runtime/include/openvino
-- Up-to-date: /home/chaofan/model_benchmark/benchmark/openvino/install/runtime/include/openvino/frontend
-- Up-to-date: /home/chaofan/model_benchmark/benchmark/openvino/install/runtime/include/openvino/frontend/paddle
-- Up-to-date: /home/chaofan/model_benchmark/benchmark/openvino/install/runtime/include/openvino/frontend/paddle/extension
-- Up-to-date: /home/chaofan/model_benchmark/benchmark/openvino/install/runtime/include/openvino/frontend/paddle/extension/op.hpp
-- Up-to-date: /home/chaofan/model_benchmark/benchmark/openvino/install/runtime/include/openvino/frontend/paddle/extension/conversion.hpp
-- Up-to-date: /home/chaofan/model_benchmark/benchmark/openvino/install/runtime/include/openvino/frontend/paddle/exception.hpp
-- Up-to-date: /home/chaofan/model_benchmark/benchmark/openvino/install/runtime/include/openvino/frontend/paddle/visibility.hpp
-- Up-to-date: /home/chaofan/model_benchmark/benchmark/openvino/install/runtime/include/openvino/frontend/paddle/node_context.hpp
-- Up-to-date: /home/chaofan/model_benchmark/benchmark/openvino/install/runtime/include/openvino/frontend/paddle/frontend.hpp
-- Up-to-date: /home/chaofan/model_benchmark/benchmark/openvino/install/runtime/include/openvino/frontend/paddle/decoder.hpp
-- Up-to-date: /home/chaofan/model_benchmark/benchmark/openvino/install/runtime/lib/intel64/libopenvino_auto_plugin.so
-- Up-to-date: /home/chaofan/model_benchmark/benchmark/openvino/install/runtime/lib/intel64/libopenvino_auto_batch_plugin.so
-- Up-to-date: /home/chaofan/model_benchmark/benchmark/openvino/install/runtime/lib/intel64/libopenvino_hetero_plugin.so
-- Up-to-date: /home/chaofan/model_benchmark/benchmark/openvino/install/runtime/lib/intel64/libopenvino_intel_cpu_plugin.so
-- Up-to-date: /home/chaofan/model_benchmark/benchmark/openvino/install/runtime/lib/intel64/cache.json
-- Installing: /home/chaofan/model_benchmark/benchmark/openvino/install/runtime/lib/intel64/libopenvino_intel_gpu_plugin.so
-- Set non-toolchain portion of runtime path of "/home/chaofan/model_benchmark/benchmark/openvino/install/runtime/lib/intel64/libopenvino_intel_gpu_plugin.so" to ""
-- Up-to-date: /home/chaofan/model_benchmark/benchmark/openvino/install/runtime/lib/intel64/libopenvino_intel_npu_compiler.so
-- Up-to-date: /home/chaofan/model_benchmark/benchmark/openvino/install/runtime/lib/intel64/libopenvino_intel_npu_compiler_loader.so
-- Up-to-date: /home/chaofan/model_benchmark/benchmark/openvino/install/runtime/lib/intel64/libopenvino_intel_npu_vm_runtime.so
-- Up-to-date: /home/chaofan/model_benchmark/benchmark/openvino/install/runtime/lib/intel64/libopenvino_intel_npu_plugin.so
-- Up-to-date: /home/chaofan/model_benchmark/benchmark/openvino/install/tools/compile_tool/compile_tool
-- Up-to-date: /home/chaofan/model_benchmark/benchmark/openvino/install/tools/compile_tool/README.md
-- Up-to-date: /home/chaofan/model_benchmark/benchmark/openvino/install/runtime/include
-- Up-to-date: /home/chaofan/model_benchmark/benchmark/openvino/install/runtime/include/openvino
-- Up-to-date: /home/chaofan/model_benchmark/benchmark/openvino/install/runtime/include/openvino/openvino.hpp
-- Up-to-date: /home/chaofan/model_benchmark/benchmark/openvino/install/runtime/include/openvino/runtime
-- Up-to-date: /home/chaofan/model_benchmark/benchmark/openvino/install/runtime/include/openvino/runtime/intel_cpu
-- Up-to-date: /home/chaofan/model_benchmark/benchmark/openvino/install/runtime/include/openvino/runtime/intel_cpu/properties.hpp
-- Up-to-date: /home/chaofan/model_benchmark/benchmark/openvino/install/runtime/include/openvino/runtime/profiling_info.hpp
-- Up-to-date: /home/chaofan/model_benchmark/benchmark/openvino/install/runtime/include/openvino/runtime/common.hpp
-- Up-to-date: /home/chaofan/model_benchmark/benchmark/openvino/install/runtime/include/openvino/runtime/core.hpp
-- Up-to-date: /home/chaofan/model_benchmark/benchmark/openvino/install/runtime/include/openvino/runtime/exception.hpp
-- Up-to-date: /home/chaofan/model_benchmark/benchmark/openvino/install/runtime/include/openvino/runtime/remote_tensor.hpp
-- Up-to-date: /home/chaofan/model_benchmark/benchmark/openvino/install/runtime/include/openvino/runtime/intel_gpu
-- Up-to-date: /home/chaofan/model_benchmark/benchmark/openvino/install/runtime/include/openvino/runtime/intel_gpu/remote_properties.hpp
-- Up-to-date: /home/chaofan/model_benchmark/benchmark/openvino/install/runtime/include/openvino/runtime/intel_gpu/ocl
-- Up-to-date: /home/chaofan/model_benchmark/benchmark/openvino/install/runtime/include/openvino/runtime/intel_gpu/ocl/dx.hpp
-- Up-to-date: /home/chaofan/model_benchmark/benchmark/openvino/install/runtime/include/openvino/runtime/intel_gpu/ocl/ocl.hpp
-- Up-to-date: /home/chaofan/model_benchmark/benchmark/openvino/install/runtime/include/openvino/runtime/intel_gpu/ocl/ocl_wrapper.hpp
-- Up-to-date: /home/chaofan/model_benchmark/benchmark/openvino/install/runtime/include/openvino/runtime/intel_gpu/ocl/va.hpp
-- Up-to-date: /home/chaofan/model_benchmark/benchmark/openvino/install/runtime/include/openvino/runtime/intel_gpu/properties.hpp
-- Up-to-date: /home/chaofan/model_benchmark/benchmark/openvino/install/runtime/include/openvino/runtime/infer_request.hpp
-- Up-to-date: /home/chaofan/model_benchmark/benchmark/openvino/install/runtime/include/openvino/runtime/variable_state.hpp
-- Up-to-date: /home/chaofan/model_benchmark/benchmark/openvino/install/runtime/include/openvino/runtime/runtime.hpp
-- Up-to-date: /home/chaofan/model_benchmark/benchmark/openvino/install/runtime/include/openvino/runtime/intel_npu
-- Up-to-date: /home/chaofan/model_benchmark/benchmark/openvino/install/runtime/include/openvino/runtime/intel_npu/remote_properties.hpp
-- Up-to-date: /home/chaofan/model_benchmark/benchmark/openvino/install/runtime/include/openvino/runtime/intel_npu/level_zero
-- Up-to-date: /home/chaofan/model_benchmark/benchmark/openvino/install/runtime/include/openvino/runtime/intel_npu/level_zero/level_zero.hpp
-- Up-to-date: /home/chaofan/model_benchmark/benchmark/openvino/install/runtime/include/openvino/runtime/intel_npu/properties.hpp
-- Up-to-date: /home/chaofan/model_benchmark/benchmark/openvino/install/runtime/include/openvino/runtime/compiled_model.hpp
-- Up-to-date: /home/chaofan/model_benchmark/benchmark/openvino/install/runtime/include/openvino/runtime/remote_context.hpp
-- Up-to-date: /home/chaofan/model_benchmark/benchmark/openvino/install/runtime/include/openvino/runtime/properties.hpp
-- Up-to-date: /home/chaofan/model_benchmark/benchmark/openvino/install/runtime/include/openvino/runtime/auto
-- Up-to-date: /home/chaofan/model_benchmark/benchmark/openvino/install/runtime/include/openvino/runtime/auto/properties.hpp
-- Up-to-date: /home/chaofan/model_benchmark/benchmark/openvino/install/runtime/lib/intel64/libopenvino.so.2026.3.0
-- Up-to-date: /home/chaofan/model_benchmark/benchmark/openvino/install/runtime/lib/intel64/libopenvino.so.2630
-- Up-to-date: /home/chaofan/model_benchmark/benchmark/openvino/install/runtime/lib/intel64/libopenvino.so
-- Up-to-date: /home/chaofan/model_benchmark/benchmark/openvino/install/runtime/cmake/OpenVINOTargets.cmake
-- Up-to-date: /home/chaofan/model_benchmark/benchmark/openvino/install/runtime/cmake/OpenVINOTargets-release.cmake
-- Up-to-date: /home/chaofan/model_benchmark/benchmark/openvino/install/runtime/cmake/OpenVINOConfig.cmake
-- Up-to-date: /home/chaofan/model_benchmark/benchmark/openvino/install/runtime/cmake/OpenVINOConfig-version.cmake
-- Up-to-date: /home/chaofan/model_benchmark/benchmark/openvino/install/runtime/lib/intel64/pkgconfig/openvino.pc
-- Up-to-date: /home/chaofan/model_benchmark/benchmark/openvino/install/runtime/lib/intel64/libopenvino_c.so.2026.3.0
-- Up-to-date: /home/chaofan/model_benchmark/benchmark/openvino/install/runtime/lib/intel64/libopenvino_c.so.2630
-- Up-to-date: /home/chaofan/model_benchmark/benchmark/openvino/install/runtime/lib/intel64/libopenvino_c.so
-- Up-to-date: /home/chaofan/model_benchmark/benchmark/openvino/install/runtime/include/openvino
-- Up-to-date: /home/chaofan/model_benchmark/benchmark/openvino/install/runtime/include/openvino/c
-- Up-to-date: /home/chaofan/model_benchmark/benchmark/openvino/install/runtime/include/openvino/c/ov_compiled_model.h
-- Up-to-date: /home/chaofan/model_benchmark/benchmark/openvino/install/runtime/include/openvino/c/ov_common.h
-- Up-to-date: /home/chaofan/model_benchmark/benchmark/openvino/install/runtime/include/openvino/c/ov_util.h
-- Up-to-date: /home/chaofan/model_benchmark/benchmark/openvino/install/runtime/include/openvino/c/ov_property.h
-- Up-to-date: /home/chaofan/model_benchmark/benchmark/openvino/install/runtime/include/openvino/c/ov_core.h
-- Up-to-date: /home/chaofan/model_benchmark/benchmark/openvino/install/runtime/include/openvino/c/ov_prepostprocess.h
-- Up-to-date: /home/chaofan/model_benchmark/benchmark/openvino/install/runtime/include/openvino/c/ov_infer_request.h
-- Up-to-date: /home/chaofan/model_benchmark/benchmark/openvino/install/runtime/include/openvino/c/ov_partial_shape.h
-- Up-to-date: /home/chaofan/model_benchmark/benchmark/openvino/install/runtime/include/openvino/c/ov_shape.h
-- Up-to-date: /home/chaofan/model_benchmark/benchmark/openvino/install/runtime/include/openvino/c/openvino.h
-- Up-to-date: /home/chaofan/model_benchmark/benchmark/openvino/install/runtime/include/openvino/c/ov_tensor.h
-- Up-to-date: /home/chaofan/model_benchmark/benchmark/openvino/install/runtime/include/openvino/c/ov_node.h
-- Up-to-date: /home/chaofan/model_benchmark/benchmark/openvino/install/runtime/include/openvino/c/ov_remote_context.h
-- Up-to-date: /home/chaofan/model_benchmark/benchmark/openvino/install/runtime/include/openvino/c/ov_dimension.h
-- Up-to-date: /home/chaofan/model_benchmark/benchmark/openvino/install/runtime/include/openvino/c/deprecated.h
-- Up-to-date: /home/chaofan/model_benchmark/benchmark/openvino/install/runtime/include/openvino/c/ov_layout.h
-- Up-to-date: /home/chaofan/model_benchmark/benchmark/openvino/install/runtime/include/openvino/c/ov_rank.h
-- Up-to-date: /home/chaofan/model_benchmark/benchmark/openvino/install/runtime/include/openvino/c/ov_model.h
-- Up-to-date: /home/chaofan/model_benchmark/benchmark/openvino/install/runtime/include/openvino/c/gpu
-- Up-to-date: /home/chaofan/model_benchmark/benchmark/openvino/install/runtime/include/openvino/c/gpu/gpu_plugin_properties.h
-- Up-to-date: /home/chaofan/model_benchmark/benchmark/openvino/install/runtime/include/openvino/c/auto
-- Up-to-date: /home/chaofan/model_benchmark/benchmark/openvino/install/runtime/include/openvino/c/auto/properties.h
-- Up-to-date: /home/chaofan/model_benchmark/benchmark/openvino/install/samples/cpp
-- Up-to-date: /home/chaofan/model_benchmark/benchmark/openvino/install/samples/cpp/classification_sample_async
-- Up-to-date: /home/chaofan/model_benchmark/benchmark/openvino/install/samples/cpp/classification_sample_async/classification_sample_async.h
-- Up-to-date: /home/chaofan/model_benchmark/benchmark/openvino/install/samples/cpp/classification_sample_async/main.cpp
-- Up-to-date: /home/chaofan/model_benchmark/benchmark/openvino/install/samples/cpp/classification_sample_async/README.md
-- Up-to-date: /home/chaofan/model_benchmark/benchmark/openvino/install/samples/cpp/classification_sample_async/CMakeLists.txt
-- Up-to-date: /home/chaofan/model_benchmark/benchmark/openvino/install/samples/cpp/hello_classification
-- Up-to-date: /home/chaofan/model_benchmark/benchmark/openvino/install/samples/cpp/hello_classification/main.cpp
-- Up-to-date: /home/chaofan/model_benchmark/benchmark/openvino/install/samples/cpp/hello_classification/README.md
-- Up-to-date: /home/chaofan/model_benchmark/benchmark/openvino/install/samples/cpp/hello_classification/CMakeLists.txt
-- Up-to-date: /home/chaofan/model_benchmark/benchmark/openvino/install/samples/cpp/benchmark_app
-- Up-to-date: /home/chaofan/model_benchmark/benchmark/openvino/install/samples/cpp/benchmark_app/inputs_filling.cpp
-- Up-to-date: /home/chaofan/model_benchmark/benchmark/openvino/install/samples/cpp/benchmark_app/remote_tensors_filling.cpp
-- Up-to-date: /home/chaofan/model_benchmark/benchmark/openvino/install/samples/cpp/benchmark_app/statistics_report.cpp
-- Up-to-date: /home/chaofan/model_benchmark/benchmark/openvino/install/samples/cpp/benchmark_app/utils.hpp
-- Up-to-date: /home/chaofan/model_benchmark/benchmark/openvino/install/samples/cpp/benchmark_app/statistics_report.hpp
-- Up-to-date: /home/chaofan/model_benchmark/benchmark/openvino/install/samples/cpp/benchmark_app/infer_request_wrap.hpp
-- Up-to-date: /home/chaofan/model_benchmark/benchmark/openvino/install/samples/cpp/benchmark_app/main.cpp
-- Up-to-date: /home/chaofan/model_benchmark/benchmark/openvino/install/samples/cpp/benchmark_app/remote_tensors_filling.hpp
-- Up-to-date: /home/chaofan/model_benchmark/benchmark/openvino/install/samples/cpp/benchmark_app/README.md
-- Up-to-date: /home/chaofan/model_benchmark/benchmark/openvino/install/samples/cpp/benchmark_app/inputs_filling.hpp
-- Up-to-date: /home/chaofan/model_benchmark/benchmark/openvino/install/samples/cpp/benchmark_app/utils.cpp
-- Up-to-date: /home/chaofan/model_benchmark/benchmark/openvino/install/samples/cpp/benchmark_app/CMakeLists.txt
-- Up-to-date: /home/chaofan/model_benchmark/benchmark/openvino/install/samples/cpp/benchmark_app/benchmark_app.hpp
-- Up-to-date: /home/chaofan/model_benchmark/benchmark/openvino/install/samples/cpp/hello_nv12_input_classification
-- Up-to-date: /home/chaofan/model_benchmark/benchmark/openvino/install/samples/cpp/hello_nv12_input_classification/main.cpp
-- Up-to-date: /home/chaofan/model_benchmark/benchmark/openvino/install/samples/cpp/hello_nv12_input_classification/README.md
-- Up-to-date: /home/chaofan/model_benchmark/benchmark/openvino/install/samples/cpp/hello_nv12_input_classification/CMakeLists.txt
-- Up-to-date: /home/chaofan/model_benchmark/benchmark/openvino/install/samples/cpp/hello_query_device
-- Up-to-date: /home/chaofan/model_benchmark/benchmark/openvino/install/samples/cpp/hello_query_device/main.cpp
-- Up-to-date: /home/chaofan/model_benchmark/benchmark/openvino/install/samples/cpp/hello_query_device/README.md
-- Up-to-date: /home/chaofan/model_benchmark/benchmark/openvino/install/samples/cpp/hello_query_device/CMakeLists.txt
-- Up-to-date: /home/chaofan/model_benchmark/benchmark/openvino/install/samples/cpp/model_creation_sample
-- Up-to-date: /home/chaofan/model_benchmark/benchmark/openvino/install/samples/cpp/model_creation_sample/lenet.labels
-- Up-to-date: /home/chaofan/model_benchmark/benchmark/openvino/install/samples/cpp/model_creation_sample/lenet.bin
-- Up-to-date: /home/chaofan/model_benchmark/benchmark/openvino/install/samples/cpp/model_creation_sample/main.cpp
-- Up-to-date: /home/chaofan/model_benchmark/benchmark/openvino/install/samples/cpp/model_creation_sample/README.md
-- Up-to-date: /home/chaofan/model_benchmark/benchmark/openvino/install/samples/cpp/model_creation_sample/CMakeLists.txt
-- Up-to-date: /home/chaofan/model_benchmark/benchmark/openvino/install/samples/cpp/model_creation_sample/model_creation_sample.hpp
-- Up-to-date: /home/chaofan/model_benchmark/benchmark/openvino/install/samples/cpp/CMakeLists.txt
-- Up-to-date: /home/chaofan/model_benchmark/benchmark/openvino/install/samples/cpp/common
-- Up-to-date: /home/chaofan/model_benchmark/benchmark/openvino/install/samples/cpp/common/format_reader
-- Up-to-date: /home/chaofan/model_benchmark/benchmark/openvino/install/samples/cpp/common/format_reader/src
-- Up-to-date: /home/chaofan/model_benchmark/benchmark/openvino/install/samples/cpp/common/format_reader/src/register.h
-- Up-to-date: /home/chaofan/model_benchmark/benchmark/openvino/install/samples/cpp/common/format_reader/src/npy.h
-- Up-to-date: /home/chaofan/model_benchmark/benchmark/openvino/install/samples/cpp/common/format_reader/src/opencv_wrapper.cpp
-- Up-to-date: /home/chaofan/model_benchmark/benchmark/openvino/install/samples/cpp/common/format_reader/src/MnistUbyte.cpp
-- Up-to-date: /home/chaofan/model_benchmark/benchmark/openvino/install/samples/cpp/common/format_reader/src/yuv_nv12.h
-- Up-to-date: /home/chaofan/model_benchmark/benchmark/openvino/install/samples/cpp/common/format_reader/src/npy.cpp
-- Up-to-date: /home/chaofan/model_benchmark/benchmark/openvino/install/samples/cpp/common/format_reader/src/bmp.cpp
-- Up-to-date: /home/chaofan/model_benchmark/benchmark/openvino/install/samples/cpp/common/format_reader/src/bmp.h
-- Up-to-date: /home/chaofan/model_benchmark/benchmark/openvino/install/samples/cpp/common/format_reader/src/format_reader.cpp
-- Up-to-date: /home/chaofan/model_benchmark/benchmark/openvino/install/samples/cpp/common/format_reader/src/MnistUbyte.h
-- Up-to-date: /home/chaofan/model_benchmark/benchmark/openvino/install/samples/cpp/common/format_reader/src/opencv_wrapper.h
-- Up-to-date: /home/chaofan/model_benchmark/benchmark/openvino/install/samples/cpp/common/format_reader/src/yuv_nv12.cpp
-- Up-to-date: /home/chaofan/model_benchmark/benchmark/openvino/install/samples/cpp/common/format_reader/CMakeLists.txt
-- Up-to-date: /home/chaofan/model_benchmark/benchmark/openvino/install/samples/cpp/common/format_reader/include
-- Up-to-date: /home/chaofan/model_benchmark/benchmark/openvino/install/samples/cpp/common/format_reader/include/format_reader.h
-- Up-to-date: /home/chaofan/model_benchmark/benchmark/openvino/install/samples/cpp/common/format_reader/include/format_reader_ptr.h
-- Up-to-date: /home/chaofan/model_benchmark/benchmark/openvino/install/samples/cpp/common/utils
-- Up-to-date: /home/chaofan/model_benchmark/benchmark/openvino/install/samples/cpp/common/utils/src
-- Up-to-date: /home/chaofan/model_benchmark/benchmark/openvino/install/samples/cpp/common/utils/src/args_helper.cpp
-- Up-to-date: /home/chaofan/model_benchmark/benchmark/openvino/install/samples/cpp/common/utils/src/slog.cpp
-- Up-to-date: /home/chaofan/model_benchmark/benchmark/openvino/install/samples/cpp/common/utils/src/latency_metrics.cpp
-- Up-to-date: /home/chaofan/model_benchmark/benchmark/openvino/install/samples/cpp/common/utils/CMakeLists.txt
-- Up-to-date: /home/chaofan/model_benchmark/benchmark/openvino/install/samples/cpp/common/utils/include
-- Up-to-date: /home/chaofan/model_benchmark/benchmark/openvino/install/samples/cpp/common/utils/include/samples
-- Up-to-date: /home/chaofan/model_benchmark/benchmark/openvino/install/samples/cpp/common/utils/include/samples/os
-- Up-to-date: /home/chaofan/model_benchmark/benchmark/openvino/install/samples/cpp/common/utils/include/samples/os/windows
-- Up-to-date: /home/chaofan/model_benchmark/benchmark/openvino/install/samples/cpp/common/utils/include/samples/os/windows/w_dirent.h
-- Up-to-date: /home/chaofan/model_benchmark/benchmark/openvino/install/samples/cpp/common/utils/include/samples/common.hpp
-- Up-to-date: /home/chaofan/model_benchmark/benchmark/openvino/install/samples/cpp/common/utils/include/samples/args_helper.hpp
-- Up-to-date: /home/chaofan/model_benchmark/benchmark/openvino/install/samples/cpp/common/utils/include/samples/classification_results.h
-- Up-to-date: /home/chaofan/model_benchmark/benchmark/openvino/install/samples/cpp/common/utils/include/samples/slog.hpp
-- Up-to-date: /home/chaofan/model_benchmark/benchmark/openvino/install/samples/cpp/common/utils/include/samples/console_progress.hpp
-- Up-to-date: /home/chaofan/model_benchmark/benchmark/openvino/install/samples/cpp/common/utils/include/samples/csv_dumper.hpp
-- Up-to-date: /home/chaofan/model_benchmark/benchmark/openvino/install/samples/cpp/common/utils/include/samples/latency_metrics.hpp
-- Up-to-date: /home/chaofan/model_benchmark/benchmark/openvino/install/samples/cpp/common/CMakeLists.txt
-- Up-to-date: /home/chaofan/model_benchmark/benchmark/openvino/install/samples/cpp/hello_reshape_ssd
-- Up-to-date: /home/chaofan/model_benchmark/benchmark/openvino/install/samples/cpp/hello_reshape_ssd/main.cpp
-- Up-to-date: /home/chaofan/model_benchmark/benchmark/openvino/install/samples/cpp/hello_reshape_ssd/README.md
-- Up-to-date: /home/chaofan/model_benchmark/benchmark/openvino/install/samples/cpp/hello_reshape_ssd/CMakeLists.txt
-- Up-to-date: /home/chaofan/model_benchmark/benchmark/openvino/install/samples/cpp/benchmark
-- Up-to-date: /home/chaofan/model_benchmark/benchmark/openvino/install/samples/cpp/benchmark/sync_benchmark
-- Up-to-date: /home/chaofan/model_benchmark/benchmark/openvino/install/samples/cpp/benchmark/sync_benchmark/main.cpp
-- Up-to-date: /home/chaofan/model_benchmark/benchmark/openvino/install/samples/cpp/benchmark/sync_benchmark/README.md
-- Up-to-date: /home/chaofan/model_benchmark/benchmark/openvino/install/samples/cpp/benchmark/sync_benchmark/CMakeLists.txt
-- Up-to-date: /home/chaofan/model_benchmark/benchmark/openvino/install/samples/cpp/benchmark/throughput_benchmark
-- Up-to-date: /home/chaofan/model_benchmark/benchmark/openvino/install/samples/cpp/benchmark/throughput_benchmark/main.cpp
-- Up-to-date: /home/chaofan/model_benchmark/benchmark/openvino/install/samples/cpp/benchmark/throughput_benchmark/README.md
-- Up-to-date: /home/chaofan/model_benchmark/benchmark/openvino/install/samples/cpp/benchmark/throughput_benchmark/CMakeLists.txt
-- Up-to-date: /home/chaofan/model_benchmark/benchmark/openvino/install/samples/cpp/benchmark/CMakeLists.txt
-- Up-to-date: /home/chaofan/model_benchmark/benchmark/openvino/install/samples/cpp/build_samples.sh
-- Up-to-date: /home/chaofan/model_benchmark/benchmark/openvino/install/samples/c/build_samples.sh
-- Up-to-date: /home/chaofan/model_benchmark/benchmark/openvino/install/samples/c
-- Up-to-date: /home/chaofan/model_benchmark/benchmark/openvino/install/samples/c/hello_classification
-- Up-to-date: /home/chaofan/model_benchmark/benchmark/openvino/install/samples/c/hello_classification/infer_result_util.h
-- Up-to-date: /home/chaofan/model_benchmark/benchmark/openvino/install/samples/c/hello_classification/main.c
-- Up-to-date: /home/chaofan/model_benchmark/benchmark/openvino/install/samples/c/hello_classification/infer_result_util.c
-- Up-to-date: /home/chaofan/model_benchmark/benchmark/openvino/install/samples/c/hello_classification/README.md
-- Up-to-date: /home/chaofan/model_benchmark/benchmark/openvino/install/samples/c/hello_classification/CMakeLists.txt
-- Up-to-date: /home/chaofan/model_benchmark/benchmark/openvino/install/samples/c/hello_nv12_input_classification
-- Up-to-date: /home/chaofan/model_benchmark/benchmark/openvino/install/samples/c/hello_nv12_input_classification/main.c
-- Up-to-date: /home/chaofan/model_benchmark/benchmark/openvino/install/samples/c/hello_nv12_input_classification/README.md
-- Up-to-date: /home/chaofan/model_benchmark/benchmark/openvino/install/samples/c/hello_nv12_input_classification/CMakeLists.txt
-- Up-to-date: /home/chaofan/model_benchmark/benchmark/openvino/install/samples/c/common
-- Up-to-date: /home/chaofan/model_benchmark/benchmark/openvino/install/samples/c/common/sample_util
-- Up-to-date: /home/chaofan/model_benchmark/benchmark/openvino/install/samples/c/common/sample_util/src
-- Up-to-date: /home/chaofan/model_benchmark/benchmark/openvino/install/samples/c/common/sample_util/src/path_util.c
-- Up-to-date: /home/chaofan/model_benchmark/benchmark/openvino/install/samples/c/common/sample_util/CMakeLists.txt
-- Up-to-date: /home/chaofan/model_benchmark/benchmark/openvino/install/samples/c/common/sample_util/include
-- Up-to-date: /home/chaofan/model_benchmark/benchmark/openvino/install/samples/c/common/sample_util/include/samples_util
-- Up-to-date: /home/chaofan/model_benchmark/benchmark/openvino/install/samples/c/common/sample_util/include/samples_util/path_util.h
-- Up-to-date: /home/chaofan/model_benchmark/benchmark/openvino/install/samples/c/common/opencv_c_wrapper
-- Up-to-date: /home/chaofan/model_benchmark/benchmark/openvino/install/samples/c/common/opencv_c_wrapper/src
-- Up-to-date: /home/chaofan/model_benchmark/benchmark/openvino/install/samples/c/common/opencv_c_wrapper/src/bmp_reader.c
-- Up-to-date: /home/chaofan/model_benchmark/benchmark/openvino/install/samples/c/common/opencv_c_wrapper/src/opencv_c_wrapper.cpp
-- Up-to-date: /home/chaofan/model_benchmark/benchmark/openvino/install/samples/c/common/opencv_c_wrapper/src/bmp_reader.h
-- Up-to-date: /home/chaofan/model_benchmark/benchmark/openvino/install/samples/c/common/opencv_c_wrapper/CMakeLists.txt
-- Up-to-date: /home/chaofan/model_benchmark/benchmark/openvino/install/samples/c/common/opencv_c_wrapper/include
-- Up-to-date: /home/chaofan/model_benchmark/benchmark/openvino/install/samples/c/common/opencv_c_wrapper/include/opencv_c_wrapper.h
-- Up-to-date: /home/chaofan/model_benchmark/benchmark/openvino/install/samples/c/common/CMakeLists.txt
-- Up-to-date: /home/chaofan/model_benchmark/benchmark/openvino/install/samples/c/CMakeLists.txt
-- Up-to-date: /home/chaofan/model_benchmark/benchmark/openvino/install/samples/python
-- Up-to-date: /home/chaofan/model_benchmark/benchmark/openvino/install/samples/python/classification_sample_async
-- Up-to-date: /home/chaofan/model_benchmark/benchmark/openvino/install/samples/python/classification_sample_async/classification_sample_async.py
-- Up-to-date: /home/chaofan/model_benchmark/benchmark/openvino/install/samples/python/classification_sample_async/requirements.txt
-- Up-to-date: /home/chaofan/model_benchmark/benchmark/openvino/install/samples/python/classification_sample_async/README.md
-- Up-to-date: /home/chaofan/model_benchmark/benchmark/openvino/install/samples/python/hello_classification
-- Up-to-date: /home/chaofan/model_benchmark/benchmark/openvino/install/samples/python/hello_classification/hello_classification.py
-- Up-to-date: /home/chaofan/model_benchmark/benchmark/openvino/install/samples/python/hello_classification/requirements.txt
-- Up-to-date: /home/chaofan/model_benchmark/benchmark/openvino/install/samples/python/hello_classification/README.md
-- Up-to-date: /home/chaofan/model_benchmark/benchmark/openvino/install/samples/python/setup.cfg
-- Up-to-date: /home/chaofan/model_benchmark/benchmark/openvino/install/samples/python/hello_query_device
-- Up-to-date: /home/chaofan/model_benchmark/benchmark/openvino/install/samples/python/hello_query_device/README.md
-- Up-to-date: /home/chaofan/model_benchmark/benchmark/openvino/install/samples/python/hello_query_device/hello_query_device.py
-- Up-to-date: /home/chaofan/model_benchmark/benchmark/openvino/install/samples/python/model_creation_sample
-- Up-to-date: /home/chaofan/model_benchmark/benchmark/openvino/install/samples/python/model_creation_sample/lenet.bin
-- Up-to-date: /home/chaofan/model_benchmark/benchmark/openvino/install/samples/python/model_creation_sample/model_creation_sample.py
-- Up-to-date: /home/chaofan/model_benchmark/benchmark/openvino/install/samples/python/model_creation_sample/data.py
-- Up-to-date: /home/chaofan/model_benchmark/benchmark/openvino/install/samples/python/model_creation_sample/README.md
-- Up-to-date: /home/chaofan/model_benchmark/benchmark/openvino/install/samples/python/hello_reshape_ssd
-- Up-to-date: /home/chaofan/model_benchmark/benchmark/openvino/install/samples/python/hello_reshape_ssd/requirements.txt
-- Up-to-date: /home/chaofan/model_benchmark/benchmark/openvino/install/samples/python/hello_reshape_ssd/README.md
-- Up-to-date: /home/chaofan/model_benchmark/benchmark/openvino/install/samples/python/hello_reshape_ssd/hello_reshape_ssd.py
-- Up-to-date: /home/chaofan/model_benchmark/benchmark/openvino/install/samples/python/benchmark
-- Up-to-date: /home/chaofan/model_benchmark/benchmark/openvino/install/samples/python/benchmark/sync_benchmark
-- Up-to-date: /home/chaofan/model_benchmark/benchmark/openvino/install/samples/python/benchmark/sync_benchmark/README.md
-- Up-to-date: /home/chaofan/model_benchmark/benchmark/openvino/install/samples/python/benchmark/sync_benchmark/sync_benchmark.py
-- Up-to-date: /home/chaofan/model_benchmark/benchmark/openvino/install/samples/python/benchmark/throughput_benchmark
-- Up-to-date: /home/chaofan/model_benchmark/benchmark/openvino/install/samples/python/benchmark/throughput_benchmark/throughput_benchmark.py
-- Up-to-date: /home/chaofan/model_benchmark/benchmark/openvino/install/samples/python/benchmark/throughput_benchmark/README.md
-- Up-to-date: /home/chaofan/model_benchmark/benchmark/openvino/install/samples/python/benchmark/bert_benchmark
-- Up-to-date: /home/chaofan/model_benchmark/benchmark/openvino/install/samples/python/benchmark/bert_benchmark/bert_benchmark.py
-- Up-to-date: /home/chaofan/model_benchmark/benchmark/openvino/install/samples/python/benchmark/bert_benchmark/requirements.txt
-- Up-to-date: /home/chaofan/model_benchmark/benchmark/openvino/install/samples/python/benchmark/bert_benchmark/README.md
-- Up-to-date: /home/chaofan/model_benchmark/benchmark/openvino/install/./setupvars.sh
-- Up-to-date: /home/chaofan/model_benchmark/benchmark/openvino/install/install_dependencies/install_openvino_dependencies.sh
-- Up-to-date: /home/chaofan/model_benchmark/benchmark/openvino/install/licenses
-- Up-to-date: /home/chaofan/model_benchmark/benchmark/openvino/install/licenses/onetbb_third-party-programs.txt
-- Up-to-date: /home/chaofan/model_benchmark/benchmark/openvino/install/licenses/runtime-third-party-programs.txt
-- Up-to-date: /home/chaofan/model_benchmark/benchmark/openvino/install/licenses/onednn_third-party-programs.txt
97258d6cbb066cafbd636906fecde05ed59ef8d5cf0a9238e712d89f09d0c7cb  /home/chaofan/model_benchmark/benchmark/openvino/qwen3.5_patch/results_1k512_highround_rerun_20260824/plugins/pa_opt3.so
=== opt3_opt4 ===
[  0%] Generating /home/chaofan/model_benchmark/benchmark/openvino/build/src/plugins/intel_gpu/src/graph/impls/ocl_v2/codegen/cache/gpu_ocl_kernel_sources.inc ...
[  0%] Updating file if the file changed (/home/chaofan/model_benchmark/benchmark/openvino/build/src/plugins/intel_gpu/src/graph/impls/cm/codegen/include/gpu_cm_kernel_sources.inc) ...
[  0%] Built target onednn_gpu_build
[  0%] Built target _ov_plugins_hpp
[  0%] Built target openvino_shutdown
[  0%] Built target pugixml-static
[  0%] Built target ittnotify
[  0%] Built target openvino_shape_inference
[  0%] Built target run_cm_codegen
[  0%] Built target openvino_intel_gpu_common_obj
[  0%] Built target openvino_util
.
----------------------------------------------------------------------
Ran 1 test in 0.011s

OK
processing test_kernel.cl
[  0%] Built target openvino_intel_gpu_onednn_obj
[  2%] Built target openvino_intel_gpu_cpu_obj
[  2%] Built target openvino_intel_gpu_cm_obj
[  2%] Built target run_codegen_test
[  2%] Built target openvino_itt
[  2%] Built target openvino_proxy_plugin_obj
[  2%] Built target openvino_frontend_common_obj
[  5%] Built target openvino_runtime_obj
[  8%] Built target openvino_reference
[  8%] Built target openvino_core_obj_version
[ 13%] Built target openvino_intel_gpu_ocl_obj
[ 19%] Built target openvino_lp_transformations_obj
[ 36%] Built target openvino_transformations_obj
[ 55%] Built target openvino_core_obj
[ 55%] Built target openvino
processing col2im.cl
processing ctc_loss.cl
processing expert_gemm_common.cl
processing expert_gemm_compute.cl
processing gated_delta_net_ref.cl
processing gather_matmul.cl
processing gather_matmul_batched.cl
processing gathermatmul_gather.cl
processing gathermatmul_scatter.cl
processing gathermatmul_sort.cl
processing group_normalization_bfyx_opt.cl
processing group_normalization_fsv16.cl
processing group_normalization_ref.cl
processing lora_horizontal_fused.cl
processing lora_opt.cl
processing lora_ref.cl
processing moe_3gemm_swiglu_fuse.cl
processing moe_3gemm_swiglu_mlp.cl
processing moe_gather_ref.cl
processing moe_gemm.cl
processing moe_mask_gen.cl
processing moe_router_fused.cl
processing moe_scatter_reduction_opt.cl
processing moe_scatter_reduction_ref.cl
processing pa_adaptive_rkv_diversity_ref.cl
processing pa_kv_cache_reorder_ref.cl
processing pa_kv_cache_rotate_ref.cl
processing pa_kv_cache_update_ref.cl
processing paged_attention_opt.cl
processing paged_causal_conv1d_ref.cl
processing paged_gated_delta_net_opt.cl
processing paged_gated_delta_net_ref.cl
processing rope_opt.cl
processing scatter_nd_update_copy.cl
processing scatter_nd_update_opt.cl
processing scatter_nd_update_ref.cl
processing sdpa_micro.cl
processing sdpa_opt.cl
processing sdpa_ref.cl
processing segment_max_opt.cl
processing segment_max_ref.cl
processing slice_scatter_opt.cl
processing slice_scatter_ref.cl
[ 55%] Built target openvino_intel_gpu_runtime
[ 55%] Updating file if the file changed (/home/chaofan/model_benchmark/benchmark/openvino/build/src/plugins/intel_gpu/src/graph/impls/ocl_v2/codegen/include/gpu_ocl_kernel_sources.inc) ...
[ 55%] Built target run_ocl_codegen
[ 55%] Building CXX object src/plugins/intel_gpu/src/graph/impls/ocl_v2/CMakeFiles/openvino_intel_gpu_ocl_v2_obj.dir/utils/kernels_db.cpp.o
[ 55%] Building CXX object src/plugins/intel_gpu/src/graph/impls/ocl_v2/CMakeFiles/openvino_intel_gpu_ocl_v2_obj.dir/paged_causal_conv1d_ref.cpp.o
[ 75%] Built target openvino_intel_gpu_kernels
[ 77%] Built target openvino_intel_gpu_ocl_v2_obj
[ 77%] Linking CXX static library /home/chaofan/model_benchmark/benchmark/openvino/bin/intel64/Release/libopenvino_intel_gpu_graph.a
[ 88%] Built target openvino_intel_gpu_graph
[ 88%] Built target openvino_intel_gpu_plugin_version
[ 88%] Linking CXX shared module /home/chaofan/model_benchmark/benchmark/openvino/bin/intel64/Release/libopenvino_intel_gpu_plugin.so
[100%] Built target openvino_intel_gpu_plugin
-- Install configuration: "Release"
-- Up-to-date: /home/chaofan/model_benchmark/benchmark/openvino/install/samples/cpp/thirdparty/gflags
-- Up-to-date: /home/chaofan/model_benchmark/benchmark/openvino/install/samples/cpp/thirdparty/gflags/gflags
-- Up-to-date: /home/chaofan/model_benchmark/benchmark/openvino/install/samples/cpp/thirdparty/gflags/gflags/cmake
-- Up-to-date: /home/chaofan/model_benchmark/benchmark/openvino/install/samples/cpp/thirdparty/gflags/gflags/cmake/package.pc.in
-- Up-to-date: /home/chaofan/model_benchmark/benchmark/openvino/install/samples/cpp/thirdparty/gflags/gflags/cmake/README_runtime.txt
-- Up-to-date: /home/chaofan/model_benchmark/benchmark/openvino/install/samples/cpp/thirdparty/gflags/gflags/cmake/config.cmake.in
-- Up-to-date: /home/chaofan/model_benchmark/benchmark/openvino/install/samples/cpp/thirdparty/gflags/gflags/cmake/package.cmake.in
-- Up-to-date: /home/chaofan/model_benchmark/benchmark/openvino/install/samples/cpp/thirdparty/gflags/gflags/cmake/version.cmake.in
-- Up-to-date: /home/chaofan/model_benchmark/benchmark/openvino/install/samples/cpp/thirdparty/gflags/gflags/cmake/cmake_uninstall.cmake.in
-- Up-to-date: /home/chaofan/model_benchmark/benchmark/openvino/install/samples/cpp/thirdparty/gflags/gflags/cmake/utils.cmake
-- Up-to-date: /home/chaofan/model_benchmark/benchmark/openvino/install/samples/cpp/thirdparty/gflags/gflags/cmake/execute_test.cmake
-- Up-to-date: /home/chaofan/model_benchmark/benchmark/openvino/install/samples/cpp/thirdparty/gflags/gflags/src
-- Up-to-date: /home/chaofan/model_benchmark/benchmark/openvino/install/samples/cpp/thirdparty/gflags/gflags/src/gflags_reporting.cc
-- Up-to-date: /home/chaofan/model_benchmark/benchmark/openvino/install/samples/cpp/thirdparty/gflags/gflags/src/config.h
-- Up-to-date: /home/chaofan/model_benchmark/benchmark/openvino/install/samples/cpp/thirdparty/gflags/gflags/src/gflags.cc
-- Up-to-date: /home/chaofan/model_benchmark/benchmark/openvino/install/samples/cpp/thirdparty/gflags/gflags/src/gflags_completions.h.in
-- Up-to-date: /home/chaofan/model_benchmark/benchmark/openvino/install/samples/cpp/thirdparty/gflags/gflags/src/gflags_completions.cc
-- Up-to-date: /home/chaofan/model_benchmark/benchmark/openvino/install/samples/cpp/thirdparty/gflags/gflags/src/defines.h.in
-- Up-to-date: /home/chaofan/model_benchmark/benchmark/openvino/install/samples/cpp/thirdparty/gflags/gflags/src/gflags_declare.h.in
-- Up-to-date: /home/chaofan/model_benchmark/benchmark/openvino/install/samples/cpp/thirdparty/gflags/gflags/src/gflags.h.in
-- Up-to-date: /home/chaofan/model_benchmark/benchmark/openvino/install/samples/cpp/thirdparty/gflags/gflags/src/gflags_ns.h.in
-- Up-to-date: /home/chaofan/model_benchmark/benchmark/openvino/install/samples/cpp/thirdparty/gflags/gflags/src/mutex.h
-- Up-to-date: /home/chaofan/model_benchmark/benchmark/openvino/install/samples/cpp/thirdparty/gflags/gflags/src/windows_port.h
-- Up-to-date: /home/chaofan/model_benchmark/benchmark/openvino/install/samples/cpp/thirdparty/gflags/gflags/src/windows_port.cc
-- Up-to-date: /home/chaofan/model_benchmark/benchmark/openvino/install/samples/cpp/thirdparty/gflags/gflags/src/util.h
-- Up-to-date: /home/chaofan/model_benchmark/benchmark/openvino/install/samples/cpp/thirdparty/gflags/gflags/CMakeLists.txt
-- Up-to-date: /home/chaofan/model_benchmark/benchmark/openvino/install/samples/cpp/thirdparty/gflags/gflags/COPYING.txt
-- Up-to-date: /home/chaofan/model_benchmark/benchmark/openvino/install/samples/cpp/thirdparty/gflags/CMakeLists.txt
-- Up-to-date: /home/chaofan/model_benchmark/benchmark/openvino/install/samples/cpp/thirdparty/nlohmann_json
-- Up-to-date: /home/chaofan/model_benchmark/benchmark/openvino/install/samples/cpp/thirdparty/nlohmann_json/LICENSE.MIT
-- Up-to-date: /home/chaofan/model_benchmark/benchmark/openvino/install/samples/cpp/thirdparty/nlohmann_json/single_include
-- Up-to-date: /home/chaofan/model_benchmark/benchmark/openvino/install/samples/cpp/thirdparty/nlohmann_json/single_include/nlohmann
-- Up-to-date: /home/chaofan/model_benchmark/benchmark/openvino/install/samples/cpp/thirdparty/nlohmann_json/single_include/nlohmann/json_fwd.hpp
-- Up-to-date: /home/chaofan/model_benchmark/benchmark/openvino/install/samples/cpp/thirdparty/nlohmann_json/single_include/nlohmann/json.hpp
-- Up-to-date: /home/chaofan/model_benchmark/benchmark/openvino/install/samples/cpp/thirdparty/nlohmann_json/cmake
-- Up-to-date: /home/chaofan/model_benchmark/benchmark/openvino/install/samples/cpp/thirdparty/nlohmann_json/cmake/pkg-config.pc.in
-- Up-to-date: /home/chaofan/model_benchmark/benchmark/openvino/install/samples/cpp/thirdparty/nlohmann_json/cmake/config.cmake.in
-- Up-to-date: /home/chaofan/model_benchmark/benchmark/openvino/install/samples/cpp/thirdparty/nlohmann_json/cmake/nlohmann_jsonConfigVersion.cmake.in
-- Up-to-date: /home/chaofan/model_benchmark/benchmark/openvino/install/samples/cpp/thirdparty/nlohmann_json/cmake/test.cmake
-- Up-to-date: /home/chaofan/model_benchmark/benchmark/openvino/install/samples/cpp/thirdparty/nlohmann_json/cmake/download_test_data.cmake
-- Up-to-date: /home/chaofan/model_benchmark/benchmark/openvino/install/samples/cpp/thirdparty/nlohmann_json/cmake/scripts
-- Up-to-date: /home/chaofan/model_benchmark/benchmark/openvino/install/samples/cpp/thirdparty/nlohmann_json/cmake/scripts/gen_bazel_build_file.cmake
-- Up-to-date: /home/chaofan/model_benchmark/benchmark/openvino/install/samples/cpp/thirdparty/nlohmann_json/cmake/ci.cmake
-- Up-to-date: /home/chaofan/model_benchmark/benchmark/openvino/install/samples/cpp/thirdparty/nlohmann_json/LICENSES
-- Up-to-date: /home/chaofan/model_benchmark/benchmark/openvino/install/samples/cpp/thirdparty/nlohmann_json/LICENSES/BSD-3-Clause.txt
-- Up-to-date: /home/chaofan/model_benchmark/benchmark/openvino/install/samples/cpp/thirdparty/nlohmann_json/LICENSES/MIT.txt
-- Up-to-date: /home/chaofan/model_benchmark/benchmark/openvino/install/samples/cpp/thirdparty/nlohmann_json/LICENSES/GPL-3.0-only.txt
-- Up-to-date: /home/chaofan/model_benchmark/benchmark/openvino/install/samples/cpp/thirdparty/nlohmann_json/LICENSES/Apache-2.0.txt
-- Up-to-date: /home/chaofan/model_benchmark/benchmark/openvino/install/samples/cpp/thirdparty/nlohmann_json/nlohmann_json.natvis
-- Up-to-date: /home/chaofan/model_benchmark/benchmark/openvino/install/samples/cpp/thirdparty/nlohmann_json/CMakeLists.txt
-- Up-to-date: /home/chaofan/model_benchmark/benchmark/openvino/install/samples/cpp/thirdparty/nlohmann_json/include
-- Up-to-date: /home/chaofan/model_benchmark/benchmark/openvino/install/samples/cpp/thirdparty/nlohmann_json/include/nlohmann
-- Up-to-date: /home/chaofan/model_benchmark/benchmark/openvino/install/samples/cpp/thirdparty/nlohmann_json/include/nlohmann/ordered_map.hpp
-- Up-to-date: /home/chaofan/model_benchmark/benchmark/openvino/install/samples/cpp/thirdparty/nlohmann_json/include/nlohmann/adl_serializer.hpp
-- Up-to-date: /home/chaofan/model_benchmark/benchmark/openvino/install/samples/cpp/thirdparty/nlohmann_json/include/nlohmann/thirdparty
-- Up-to-date: /home/chaofan/model_benchmark/benchmark/openvino/install/samples/cpp/thirdparty/nlohmann_json/include/nlohmann/thirdparty/hedley
-- Up-to-date: /home/chaofan/model_benchmark/benchmark/openvino/install/samples/cpp/thirdparty/nlohmann_json/include/nlohmann/thirdparty/hedley/hedley.hpp
-- Up-to-date: /home/chaofan/model_benchmark/benchmark/openvino/install/samples/cpp/thirdparty/nlohmann_json/include/nlohmann/thirdparty/hedley/hedley_undef.hpp
-- Up-to-date: /home/chaofan/model_benchmark/benchmark/openvino/install/samples/cpp/thirdparty/nlohmann_json/include/nlohmann/json_fwd.hpp
-- Up-to-date: /home/chaofan/model_benchmark/benchmark/openvino/install/samples/cpp/thirdparty/nlohmann_json/include/nlohmann/detail
-- Up-to-date: /home/chaofan/model_benchmark/benchmark/openvino/install/samples/cpp/thirdparty/nlohmann_json/include/nlohmann/detail/json_custom_base_class.hpp
-- Up-to-date: /home/chaofan/model_benchmark/benchmark/openvino/install/samples/cpp/thirdparty/nlohmann_json/include/nlohmann/detail/string_concat.hpp
-- Up-to-date: /home/chaofan/model_benchmark/benchmark/openvino/install/samples/cpp/thirdparty/nlohmann_json/include/nlohmann/detail/exceptions.hpp
-- Up-to-date: /home/chaofan/model_benchmark/benchmark/openvino/install/samples/cpp/thirdparty/nlohmann_json/include/nlohmann/detail/json_pointer.hpp
-- Up-to-date: /home/chaofan/model_benchmark/benchmark/openvino/install/samples/cpp/thirdparty/nlohmann_json/include/nlohmann/detail/hash.hpp
-- Up-to-date: /home/chaofan/model_benchmark/benchmark/openvino/install/samples/cpp/thirdparty/nlohmann_json/include/nlohmann/detail/conversions
-- Up-to-date: /home/chaofan/model_benchmark/benchmark/openvino/install/samples/cpp/thirdparty/nlohmann_json/include/nlohmann/detail/conversions/to_chars.hpp
-- Up-to-date: /home/chaofan/model_benchmark/benchmark/openvino/install/samples/cpp/thirdparty/nlohmann_json/include/nlohmann/detail/conversions/to_json.hpp
-- Up-to-date: /home/chaofan/model_benchmark/benchmark/openvino/install/samples/cpp/thirdparty/nlohmann_json/include/nlohmann/detail/conversions/from_json.hpp
-- Up-to-date: /home/chaofan/model_benchmark/benchmark/openvino/install/samples/cpp/thirdparty/nlohmann_json/include/nlohmann/detail/iterators
-- Up-to-date: /home/chaofan/model_benchmark/benchmark/openvino/install/samples/cpp/thirdparty/nlohmann_json/include/nlohmann/detail/iterators/json_reverse_iterator.hpp
-- Up-to-date: /home/chaofan/model_benchmark/benchmark/openvino/install/samples/cpp/thirdparty/nlohmann_json/include/nlohmann/detail/iterators/iteration_proxy.hpp
-- Up-to-date: /home/chaofan/model_benchmark/benchmark/openvino/install/samples/cpp/thirdparty/nlohmann_json/include/nlohmann/detail/iterators/internal_iterator.hpp
-- Up-to-date: /home/chaofan/model_benchmark/benchmark/openvino/install/samples/cpp/thirdparty/nlohmann_json/include/nlohmann/detail/iterators/iterator_traits.hpp
-- Up-to-date: /home/chaofan/model_benchmark/benchmark/openvino/install/samples/cpp/thirdparty/nlohmann_json/include/nlohmann/detail/iterators/primitive_iterator.hpp
-- Up-to-date: /home/chaofan/model_benchmark/benchmark/openvino/install/samples/cpp/thirdparty/nlohmann_json/include/nlohmann/detail/iterators/iter_impl.hpp
-- Up-to-date: /home/chaofan/model_benchmark/benchmark/openvino/install/samples/cpp/thirdparty/nlohmann_json/include/nlohmann/detail/abi_macros.hpp
-- Up-to-date: /home/chaofan/model_benchmark/benchmark/openvino/install/samples/cpp/thirdparty/nlohmann_json/include/nlohmann/detail/output
-- Up-to-date: /home/chaofan/model_benchmark/benchmark/openvino/install/samples/cpp/thirdparty/nlohmann_json/include/nlohmann/detail/output/serializer.hpp
-- Up-to-date: /home/chaofan/model_benchmark/benchmark/openvino/install/samples/cpp/thirdparty/nlohmann_json/include/nlohmann/detail/output/binary_writer.hpp
-- Up-to-date: /home/chaofan/model_benchmark/benchmark/openvino/install/samples/cpp/thirdparty/nlohmann_json/include/nlohmann/detail/output/output_adapters.hpp
-- Up-to-date: /home/chaofan/model_benchmark/benchmark/openvino/install/samples/cpp/thirdparty/nlohmann_json/include/nlohmann/detail/input
-- Up-to-date: /home/chaofan/model_benchmark/benchmark/openvino/install/samples/cpp/thirdparty/nlohmann_json/include/nlohmann/detail/input/parser.hpp
-- Up-to-date: /home/chaofan/model_benchmark/benchmark/openvino/install/samples/cpp/thirdparty/nlohmann_json/include/nlohmann/detail/input/lexer.hpp
-- Up-to-date: /home/chaofan/model_benchmark/benchmark/openvino/install/samples/cpp/thirdparty/nlohmann_json/include/nlohmann/detail/input/input_adapters.hpp
-- Up-to-date: /home/chaofan/model_benchmark/benchmark/openvino/install/samples/cpp/thirdparty/nlohmann_json/include/nlohmann/detail/input/binary_reader.hpp
-- Up-to-date: /home/chaofan/model_benchmark/benchmark/openvino/install/samples/cpp/thirdparty/nlohmann_json/include/nlohmann/detail/input/json_sax.hpp
-- Up-to-date: /home/chaofan/model_benchmark/benchmark/openvino/install/samples/cpp/thirdparty/nlohmann_json/include/nlohmann/detail/input/position_t.hpp
-- Up-to-date: /home/chaofan/model_benchmark/benchmark/openvino/install/samples/cpp/thirdparty/nlohmann_json/include/nlohmann/detail/json_ref.hpp
-- Up-to-date: /home/chaofan/model_benchmark/benchmark/openvino/install/samples/cpp/thirdparty/nlohmann_json/include/nlohmann/detail/meta
-- Up-to-date: /home/chaofan/model_benchmark/benchmark/openvino/install/samples/cpp/thirdparty/nlohmann_json/include/nlohmann/detail/meta/std_fs.hpp
-- Up-to-date: /home/chaofan/model_benchmark/benchmark/openvino/install/samples/cpp/thirdparty/nlohmann_json/include/nlohmann/detail/meta/void_t.hpp
-- Up-to-date: /home/chaofan/model_benchmark/benchmark/openvino/install/samples/cpp/thirdparty/nlohmann_json/include/nlohmann/detail/meta/detected.hpp
-- Up-to-date: /home/chaofan/model_benchmark/benchmark/openvino/install/samples/cpp/thirdparty/nlohmann_json/include/nlohmann/detail/meta/cpp_future.hpp
-- Up-to-date: /home/chaofan/model_benchmark/benchmark/openvino/install/samples/cpp/thirdparty/nlohmann_json/include/nlohmann/detail/meta/is_sax.hpp
-- Up-to-date: /home/chaofan/model_benchmark/benchmark/openvino/install/samples/cpp/thirdparty/nlohmann_json/include/nlohmann/detail/meta/call_std
-- Up-to-date: /home/chaofan/model_benchmark/benchmark/openvino/install/samples/cpp/thirdparty/nlohmann_json/include/nlohmann/detail/meta/call_std/begin.hpp
-- Up-to-date: /home/chaofan/model_benchmark/benchmark/openvino/install/samples/cpp/thirdparty/nlohmann_json/include/nlohmann/detail/meta/call_std/end.hpp
-- Up-to-date: /home/chaofan/model_benchmark/benchmark/openvino/install/samples/cpp/thirdparty/nlohmann_json/include/nlohmann/detail/meta/identity_tag.hpp
-- Up-to-date: /home/chaofan/model_benchmark/benchmark/openvino/install/samples/cpp/thirdparty/nlohmann_json/include/nlohmann/detail/meta/type_traits.hpp
-- Up-to-date: /home/chaofan/model_benchmark/benchmark/openvino/install/samples/cpp/thirdparty/nlohmann_json/include/nlohmann/detail/string_escape.hpp
-- Up-to-date: /home/chaofan/model_benchmark/benchmark/openvino/install/samples/cpp/thirdparty/nlohmann_json/include/nlohmann/detail/macro_unscope.hpp
-- Up-to-date: /home/chaofan/model_benchmark/benchmark/openvino/install/samples/cpp/thirdparty/nlohmann_json/include/nlohmann/detail/macro_scope.hpp
-- Up-to-date: /home/chaofan/model_benchmark/benchmark/openvino/install/samples/cpp/thirdparty/nlohmann_json/include/nlohmann/detail/value_t.hpp
-- Up-to-date: /home/chaofan/model_benchmark/benchmark/openvino/install/samples/cpp/thirdparty/nlohmann_json/include/nlohmann/json.hpp
-- Up-to-date: /home/chaofan/model_benchmark/benchmark/openvino/install/samples/cpp/thirdparty/nlohmann_json/include/nlohmann/byte_container_with_subtype.hpp
-- Up-to-date: /home/chaofan/model_benchmark/benchmark/openvino/install/runtime/3rdparty/tbb/lib
-- Up-to-date: /home/chaofan/model_benchmark/benchmark/openvino/install/runtime/3rdparty/tbb/lib/libtbbbind_2_5.so.3
-- Up-to-date: /home/chaofan/model_benchmark/benchmark/openvino/install/runtime/3rdparty/tbb/lib/libhwloc.so
-- Up-to-date: /home/chaofan/model_benchmark/benchmark/openvino/install/runtime/3rdparty/tbb/lib/libtbbmalloc.so
-- Up-to-date: /home/chaofan/model_benchmark/benchmark/openvino/install/runtime/3rdparty/tbb/lib/libtbbmalloc_proxy.so.2
-- Up-to-date: /home/chaofan/model_benchmark/benchmark/openvino/install/runtime/3rdparty/tbb/lib/libtbbbind_2_5.so
-- Up-to-date: /home/chaofan/model_benchmark/benchmark/openvino/install/runtime/3rdparty/tbb/lib/libtbbbind_2_5.so.3.13
-- Up-to-date: /home/chaofan/model_benchmark/benchmark/openvino/install/runtime/3rdparty/tbb/lib/libtbb.so.12.13
-- Up-to-date: /home/chaofan/model_benchmark/benchmark/openvino/install/runtime/3rdparty/tbb/lib/libtbb.so
-- Up-to-date: /home/chaofan/model_benchmark/benchmark/openvino/install/runtime/3rdparty/tbb/lib/libhwloc.so.15
-- Up-to-date: /home/chaofan/model_benchmark/benchmark/openvino/install/runtime/3rdparty/tbb/lib/libhwloc.so.15.6.4
-- Up-to-date: /home/chaofan/model_benchmark/benchmark/openvino/install/runtime/3rdparty/tbb/lib/pkgconfig
-- Up-to-date: /home/chaofan/model_benchmark/benchmark/openvino/install/runtime/3rdparty/tbb/lib/pkgconfig/tbb.pc
-- Up-to-date: /home/chaofan/model_benchmark/benchmark/openvino/install/runtime/3rdparty/tbb/lib/libtbbmalloc_proxy.so.2.13
-- Up-to-date: /home/chaofan/model_benchmark/benchmark/openvino/install/runtime/3rdparty/tbb/lib/libtbbmalloc.so.2
-- Up-to-date: /home/chaofan/model_benchmark/benchmark/openvino/install/runtime/3rdparty/tbb/lib/libtbbmalloc_proxy.so
-- Up-to-date: /home/chaofan/model_benchmark/benchmark/openvino/install/runtime/3rdparty/tbb/lib/libtbb.so.12
-- Up-to-date: /home/chaofan/model_benchmark/benchmark/openvino/install/runtime/3rdparty/tbb/lib/libtbbmalloc.so.2.13
-- Up-to-date: /home/chaofan/model_benchmark/benchmark/openvino/install/runtime/3rdparty/tbb/TBB-LICENSE
-- Up-to-date: /home/chaofan/model_benchmark/benchmark/openvino/install/runtime/3rdparty/tbb/lib/cmake
-- Up-to-date: /home/chaofan/model_benchmark/benchmark/openvino/install/runtime/3rdparty/tbb/lib/cmake/TBB
-- Up-to-date: /home/chaofan/model_benchmark/benchmark/openvino/install/runtime/3rdparty/tbb/lib/cmake/TBB/TBBTargets.cmake
-- Up-to-date: /home/chaofan/model_benchmark/benchmark/openvino/install/runtime/3rdparty/tbb/lib/cmake/TBB/TBBTargets-release.cmake
-- Up-to-date: /home/chaofan/model_benchmark/benchmark/openvino/install/runtime/3rdparty/tbb/lib/cmake/TBB/TBBConfigVersion.cmake
-- Up-to-date: /home/chaofan/model_benchmark/benchmark/openvino/install/runtime/3rdparty/tbb/lib/cmake/TBB/TBBConfig.cmake
-- Up-to-date: /home/chaofan/model_benchmark/benchmark/openvino/install/runtime/3rdparty/tbb/include
-- Up-to-date: /home/chaofan/model_benchmark/benchmark/openvino/install/runtime/3rdparty/tbb/include/tbb
-- Up-to-date: /home/chaofan/model_benchmark/benchmark/openvino/install/runtime/3rdparty/tbb/include/tbb/profiling.h
-- Up-to-date: /home/chaofan/model_benchmark/benchmark/openvino/install/runtime/3rdparty/tbb/include/tbb/info.h
-- Up-to-date: /home/chaofan/model_benchmark/benchmark/openvino/install/runtime/3rdparty/tbb/include/tbb/task.h
-- Up-to-date: /home/chaofan/model_benchmark/benchmark/openvino/install/runtime/3rdparty/tbb/include/tbb/blocked_rangeNd.h
-- Up-to-date: /home/chaofan/model_benchmark/benchmark/openvino/install/runtime/3rdparty/tbb/include/tbb/concurrent_map.h
-- Up-to-date: /home/chaofan/model_benchmark/benchmark/openvino/install/runtime/3rdparty/tbb/include/tbb/null_mutex.h
-- Up-to-date: /home/chaofan/model_benchmark/benchmark/openvino/install/runtime/3rdparty/tbb/include/tbb/queuing_mutex.h
-- Up-to-date: /home/chaofan/model_benchmark/benchmark/openvino/install/runtime/3rdparty/tbb/include/tbb/combinable.h
-- Up-to-date: /home/chaofan/model_benchmark/benchmark/openvino/install/runtime/3rdparty/tbb/include/tbb/task_group.h
-- Up-to-date: /home/chaofan/model_benchmark/benchmark/openvino/install/runtime/3rdparty/tbb/include/tbb/null_rw_mutex.h
-- Up-to-date: /home/chaofan/model_benchmark/benchmark/openvino/install/runtime/3rdparty/tbb/include/tbb/tbb_allocator.h
-- Up-to-date: /home/chaofan/model_benchmark/benchmark/openvino/install/runtime/3rdparty/tbb/include/tbb/flow_graph_abstractions.h
-- Up-to-date: /home/chaofan/model_benchmark/benchmark/openvino/install/runtime/3rdparty/tbb/include/tbb/tick_count.h
-- Up-to-date: /home/chaofan/model_benchmark/benchmark/openvino/install/runtime/3rdparty/tbb/include/tbb/concurrent_hash_map.h
-- Up-to-date: /home/chaofan/model_benchmark/benchmark/openvino/install/runtime/3rdparty/tbb/include/tbb/parallel_pipeline.h
-- Up-to-date: /home/chaofan/model_benchmark/benchmark/openvino/install/runtime/3rdparty/tbb/include/tbb/enumerable_thread_specific.h
-- Up-to-date: /home/chaofan/model_benchmark/benchmark/openvino/install/runtime/3rdparty/tbb/include/tbb/parallel_sort.h
-- Up-to-date: /home/chaofan/model_benchmark/benchmark/openvino/install/runtime/3rdparty/tbb/include/tbb/concurrent_queue.h
-- Up-to-date: /home/chaofan/model_benchmark/benchmark/openvino/install/runtime/3rdparty/tbb/include/tbb/global_control.h
-- Up-to-date: /home/chaofan/model_benchmark/benchmark/openvino/install/runtime/3rdparty/tbb/include/tbb/scalable_allocator.h
-- Up-to-date: /home/chaofan/model_benchmark/benchmark/openvino/install/runtime/3rdparty/tbb/include/tbb/parallel_invoke.h
-- Up-to-date: /home/chaofan/model_benchmark/benchmark/openvino/install/runtime/3rdparty/tbb/include/tbb/queuing_rw_mutex.h
-- Up-to-date: /home/chaofan/model_benchmark/benchmark/openvino/install/runtime/3rdparty/tbb/include/tbb/concurrent_set.h
-- Up-to-date: /home/chaofan/model_benchmark/benchmark/openvino/install/runtime/3rdparty/tbb/include/tbb/cache_aligned_allocator.h
-- Up-to-date: /home/chaofan/model_benchmark/benchmark/openvino/install/runtime/3rdparty/tbb/include/tbb/concurrent_priority_queue.h
-- Up-to-date: /home/chaofan/model_benchmark/benchmark/openvino/install/runtime/3rdparty/tbb/include/tbb/parallel_for_each.h
-- Up-to-date: /home/chaofan/model_benchmark/benchmark/openvino/install/runtime/3rdparty/tbb/include/tbb/task_scheduler_observer.h
-- Up-to-date: /home/chaofan/model_benchmark/benchmark/openvino/install/runtime/3rdparty/tbb/include/tbb/tbb.h
-- Up-to-date: /home/chaofan/model_benchmark/benchmark/openvino/install/runtime/3rdparty/tbb/include/tbb/blocked_range2d.h
-- Up-to-date: /home/chaofan/model_benchmark/benchmark/openvino/install/runtime/3rdparty/tbb/include/tbb/memory_pool.h
-- Up-to-date: /home/chaofan/model_benchmark/benchmark/openvino/install/runtime/3rdparty/tbb/include/tbb/partitioner.h
-- Up-to-date: /home/chaofan/model_benchmark/benchmark/openvino/install/runtime/3rdparty/tbb/include/tbb/parallel_reduce.h
-- Up-to-date: /home/chaofan/model_benchmark/benchmark/openvino/install/runtime/3rdparty/tbb/include/tbb/spin_mutex.h
-- Up-to-date: /home/chaofan/model_benchmark/benchmark/openvino/install/runtime/3rdparty/tbb/include/tbb/flow_graph.h
-- Up-to-date: /home/chaofan/model_benchmark/benchmark/openvino/install/runtime/3rdparty/tbb/include/tbb/mutex.h
-- Up-to-date: /home/chaofan/model_benchmark/benchmark/openvino/install/runtime/3rdparty/tbb/include/tbb/concurrent_unordered_set.h
-- Up-to-date: /home/chaofan/model_benchmark/benchmark/openvino/install/runtime/3rdparty/tbb/include/tbb/rw_mutex.h
-- Up-to-date: /home/chaofan/model_benchmark/benchmark/openvino/install/runtime/3rdparty/tbb/include/tbb/collaborative_call_once.h
-- Up-to-date: /home/chaofan/model_benchmark/benchmark/openvino/install/runtime/3rdparty/tbb/include/tbb/concurrent_vector.h
-- Up-to-date: /home/chaofan/model_benchmark/benchmark/openvino/install/runtime/3rdparty/tbb/include/tbb/task_arena.h
-- Up-to-date: /home/chaofan/model_benchmark/benchmark/openvino/install/runtime/3rdparty/tbb/include/tbb/blocked_range3d.h
-- Up-to-date: /home/chaofan/model_benchmark/benchmark/openvino/install/runtime/3rdparty/tbb/include/tbb/blocked_range.h
-- Up-to-date: /home/chaofan/model_benchmark/benchmark/openvino/install/runtime/3rdparty/tbb/include/tbb/parallel_scan.h
-- Up-to-date: /home/chaofan/model_benchmark/benchmark/openvino/install/runtime/3rdparty/tbb/include/tbb/spin_rw_mutex.h
-- Up-to-date: /home/chaofan/model_benchmark/benchmark/openvino/install/runtime/3rdparty/tbb/include/tbb/version.h
-- Up-to-date: /home/chaofan/model_benchmark/benchmark/openvino/install/runtime/3rdparty/tbb/include/tbb/concurrent_unordered_map.h
-- Up-to-date: /home/chaofan/model_benchmark/benchmark/openvino/install/runtime/3rdparty/tbb/include/tbb/parallel_for.h
-- Up-to-date: /home/chaofan/model_benchmark/benchmark/openvino/install/runtime/3rdparty/tbb/include/tbb/concurrent_lru_cache.h
-- Up-to-date: /home/chaofan/model_benchmark/benchmark/openvino/install/runtime/3rdparty/tbb/include/tbb/tbbmalloc_proxy.h
-- Up-to-date: /home/chaofan/model_benchmark/benchmark/openvino/install/runtime/3rdparty/tbb/include/oneapi
-- Up-to-date: /home/chaofan/model_benchmark/benchmark/openvino/install/runtime/3rdparty/tbb/include/oneapi/tbb
-- Up-to-date: /home/chaofan/model_benchmark/benchmark/openvino/install/runtime/3rdparty/tbb/include/oneapi/tbb/profiling.h
-- Up-to-date: /home/chaofan/model_benchmark/benchmark/openvino/install/runtime/3rdparty/tbb/include/oneapi/tbb/info.h
-- Up-to-date: /home/chaofan/model_benchmark/benchmark/openvino/install/runtime/3rdparty/tbb/include/oneapi/tbb/task.h
-- Up-to-date: /home/chaofan/model_benchmark/benchmark/openvino/install/runtime/3rdparty/tbb/include/oneapi/tbb/blocked_rangeNd.h
-- Up-to-date: /home/chaofan/model_benchmark/benchmark/openvino/install/runtime/3rdparty/tbb/include/oneapi/tbb/concurrent_map.h
-- Up-to-date: /home/chaofan/model_benchmark/benchmark/openvino/install/runtime/3rdparty/tbb/include/oneapi/tbb/null_mutex.h
-- Up-to-date: /home/chaofan/model_benchmark/benchmark/openvino/install/runtime/3rdparty/tbb/include/oneapi/tbb/queuing_mutex.h
-- Up-to-date: /home/chaofan/model_benchmark/benchmark/openvino/install/runtime/3rdparty/tbb/include/oneapi/tbb/combinable.h
-- Up-to-date: /home/chaofan/model_benchmark/benchmark/openvino/install/runtime/3rdparty/tbb/include/oneapi/tbb/task_group.h
-- Up-to-date: /home/chaofan/model_benchmark/benchmark/openvino/install/runtime/3rdparty/tbb/include/oneapi/tbb/null_rw_mutex.h
-- Up-to-date: /home/chaofan/model_benchmark/benchmark/openvino/install/runtime/3rdparty/tbb/include/oneapi/tbb/tbb_allocator.h
-- Up-to-date: /home/chaofan/model_benchmark/benchmark/openvino/install/runtime/3rdparty/tbb/include/oneapi/tbb/flow_graph_abstractions.h
-- Up-to-date: /home/chaofan/model_benchmark/benchmark/openvino/install/runtime/3rdparty/tbb/include/oneapi/tbb/tick_count.h
-- Up-to-date: /home/chaofan/model_benchmark/benchmark/openvino/install/runtime/3rdparty/tbb/include/oneapi/tbb/detail
-- Up-to-date: /home/chaofan/model_benchmark/benchmark/openvino/install/runtime/3rdparty/tbb/include/oneapi/tbb/detail/_aggregator.h
-- Up-to-date: /home/chaofan/model_benchmark/benchmark/openvino/install/runtime/3rdparty/tbb/include/oneapi/tbb/detail/_aligned_space.h
-- Up-to-date: /home/chaofan/model_benchmark/benchmark/openvino/install/runtime/3rdparty/tbb/include/oneapi/tbb/detail/_segment_table.h
-- Up-to-date: /home/chaofan/model_benchmark/benchmark/openvino/install/runtime/3rdparty/tbb/include/oneapi/tbb/detail/_concurrent_queue_base.h
-- Up-to-date: /home/chaofan/model_benchmark/benchmark/openvino/install/runtime/3rdparty/tbb/include/oneapi/tbb/detail/_intrusive_list_node.h
-- Up-to-date: /home/chaofan/model_benchmark/benchmark/openvino/install/runtime/3rdparty/tbb/include/oneapi/tbb/detail/_hash_compare.h
-- Up-to-date: /home/chaofan/model_benchmark/benchmark/openvino/install/runtime/3rdparty/tbb/include/oneapi/tbb/detail/_waitable_atomic.h
-- Up-to-date: /home/chaofan/model_benchmark/benchmark/openvino/install/runtime/3rdparty/tbb/include/oneapi/tbb/detail/_flow_graph_impl.h
-- Up-to-date: /home/chaofan/model_benchmark/benchmark/openvino/install/runtime/3rdparty/tbb/include/oneapi/tbb/detail/_rtm_mutex.h
-- Up-to-date: /home/chaofan/model_benchmark/benchmark/openvino/install/runtime/3rdparty/tbb/include/oneapi/tbb/detail/_flow_graph_tagged_buffer_impl.h
-- Up-to-date: /home/chaofan/model_benchmark/benchmark/openvino/install/runtime/3rdparty/tbb/include/oneapi/tbb/detail/_namespace_injection.h
-- Up-to-date: /home/chaofan/model_benchmark/benchmark/openvino/install/runtime/3rdparty/tbb/include/oneapi/tbb/detail/_task_handle.h
-- Up-to-date: /home/chaofan/model_benchmark/benchmark/openvino/install/runtime/3rdparty/tbb/include/oneapi/tbb/detail/_flow_graph_indexer_impl.h
-- Up-to-date: /home/chaofan/model_benchmark/benchmark/openvino/install/runtime/3rdparty/tbb/include/oneapi/tbb/detail/_attach.h
-- Up-to-date: /home/chaofan/model_benchmark/benchmark/openvino/install/runtime/3rdparty/tbb/include/oneapi/tbb/detail/_flow_graph_cache_impl.h
-- Up-to-date: /home/chaofan/model_benchmark/benchmark/openvino/install/runtime/3rdparty/tbb/include/oneapi/tbb/detail/_pipeline_filters.h
-- Up-to-date: /home/chaofan/model_benchmark/benchmark/openvino/install/runtime/3rdparty/tbb/include/oneapi/tbb/detail/_export.h
-- Up-to-date: /home/chaofan/model_benchmark/benchmark/openvino/install/runtime/3rdparty/tbb/include/oneapi/tbb/detail/_string_resource.h
-- Up-to-date: /home/chaofan/model_benchmark/benchmark/openvino/install/runtime/3rdparty/tbb/include/oneapi/tbb/detail/_utils.h
-- Up-to-date: /home/chaofan/model_benchmark/benchmark/openvino/install/runtime/3rdparty/tbb/include/oneapi/tbb/detail/_flow_graph_body_impl.h
-- Up-to-date: /home/chaofan/model_benchmark/benchmark/openvino/install/runtime/3rdparty/tbb/include/oneapi/tbb/detail/_concurrent_unordered_base.h
-- Up-to-date: /home/chaofan/model_benchmark/benchmark/openvino/install/runtime/3rdparty/tbb/include/oneapi/tbb/detail/_flow_graph_node_set_impl.h
-- Up-to-date: /home/chaofan/model_benchmark/benchmark/openvino/install/runtime/3rdparty/tbb/include/oneapi/tbb/detail/_flow_graph_trace_impl.h
-- Up-to-date: /home/chaofan/model_benchmark/benchmark/openvino/install/runtime/3rdparty/tbb/include/oneapi/tbb/detail/_small_object_pool.h
-- Up-to-date: /home/chaofan/model_benchmark/benchmark/openvino/install/runtime/3rdparty/tbb/include/oneapi/tbb/detail/_assert.h
-- Up-to-date: /home/chaofan/model_benchmark/benchmark/openvino/install/runtime/3rdparty/tbb/include/oneapi/tbb/detail/_flow_graph_node_impl.h
-- Up-to-date: /home/chaofan/model_benchmark/benchmark/openvino/install/runtime/3rdparty/tbb/include/oneapi/tbb/detail/_containers_helpers.h
-- Up-to-date: /home/chaofan/model_benchmark/benchmark/openvino/install/runtime/3rdparty/tbb/include/oneapi/tbb/detail/_machine.h
-- Up-to-date: /home/chaofan/model_benchmark/benchmark/openvino/install/runtime/3rdparty/tbb/include/oneapi/tbb/detail/_config.h
-- Up-to-date: /home/chaofan/model_benchmark/benchmark/openvino/install/runtime/3rdparty/tbb/include/oneapi/tbb/detail/_flow_graph_types_impl.h
-- Up-to-date: /home/chaofan/model_benchmark/benchmark/openvino/install/runtime/3rdparty/tbb/include/oneapi/tbb/detail/_exception.h
-- Up-to-date: /home/chaofan/model_benchmark/benchmark/openvino/install/runtime/3rdparty/tbb/include/oneapi/tbb/detail/_mutex_common.h
-- Up-to-date: /home/chaofan/model_benchmark/benchmark/openvino/install/runtime/3rdparty/tbb/include/oneapi/tbb/detail/_flow_graph_nodes_deduction.h
-- Up-to-date: /home/chaofan/model_benchmark/benchmark/openvino/install/runtime/3rdparty/tbb/include/oneapi/tbb/detail/_flow_graph_item_buffer_impl.h
-- Up-to-date: /home/chaofan/model_benchmark/benchmark/openvino/install/runtime/3rdparty/tbb/include/oneapi/tbb/detail/_scoped_lock.h
-- Up-to-date: /home/chaofan/model_benchmark/benchmark/openvino/install/runtime/3rdparty/tbb/include/oneapi/tbb/detail/_flow_graph_join_impl.h
-- Up-to-date: /home/chaofan/model_benchmark/benchmark/openvino/install/runtime/3rdparty/tbb/include/oneapi/tbb/detail/_template_helpers.h
-- Up-to-date: /home/chaofan/model_benchmark/benchmark/openvino/install/runtime/3rdparty/tbb/include/oneapi/tbb/detail/_rtm_rw_mutex.h
-- Up-to-date: /home/chaofan/model_benchmark/benchmark/openvino/install/runtime/3rdparty/tbb/include/oneapi/tbb/detail/_task.h
-- Up-to-date: /home/chaofan/model_benchmark/benchmark/openvino/install/runtime/3rdparty/tbb/include/oneapi/tbb/detail/_pipeline_filters_deduction.h
-- Up-to-date: /home/chaofan/model_benchmark/benchmark/openvino/install/runtime/3rdparty/tbb/include/oneapi/tbb/detail/_concurrent_skip_list.h
-- Up-to-date: /home/chaofan/model_benchmark/benchmark/openvino/install/runtime/3rdparty/tbb/include/oneapi/tbb/detail/_node_handle.h
-- Up-to-date: /home/chaofan/model_benchmark/benchmark/openvino/install/runtime/3rdparty/tbb/include/oneapi/tbb/detail/_allocator_traits.h
-- Up-to-date: /home/chaofan/model_benchmark/benchmark/openvino/install/runtime/3rdparty/tbb/include/oneapi/tbb/detail/_range_common.h
-- Up-to-date: /home/chaofan/model_benchmark/benchmark/openvino/install/runtime/3rdparty/tbb/include/oneapi/tbb/concurrent_hash_map.h
-- Up-to-date: /home/chaofan/model_benchmark/benchmark/openvino/install/runtime/3rdparty/tbb/include/oneapi/tbb/parallel_pipeline.h
-- Up-to-date: /home/chaofan/model_benchmark/benchmark/openvino/install/runtime/3rdparty/tbb/include/oneapi/tbb/enumerable_thread_specific.h
-- Up-to-date: /home/chaofan/model_benchmark/benchmark/openvino/install/runtime/3rdparty/tbb/include/oneapi/tbb/parallel_sort.h
-- Up-to-date: /home/chaofan/model_benchmark/benchmark/openvino/install/runtime/3rdparty/tbb/include/oneapi/tbb/concurrent_queue.h
-- Up-to-date: /home/chaofan/model_benchmark/benchmark/openvino/install/runtime/3rdparty/tbb/include/oneapi/tbb/global_control.h
-- Up-to-date: /home/chaofan/model_benchmark/benchmark/openvino/install/runtime/3rdparty/tbb/include/oneapi/tbb/scalable_allocator.h
-- Up-to-date: /home/chaofan/model_benchmark/benchmark/openvino/install/runtime/3rdparty/tbb/include/oneapi/tbb/parallel_invoke.h
-- Up-to-date: /home/chaofan/model_benchmark/benchmark/openvino/install/runtime/3rdparty/tbb/include/oneapi/tbb/queuing_rw_mutex.h
-- Up-to-date: /home/chaofan/model_benchmark/benchmark/openvino/install/runtime/3rdparty/tbb/include/oneapi/tbb/concurrent_set.h
-- Up-to-date: /home/chaofan/model_benchmark/benchmark/openvino/install/runtime/3rdparty/tbb/include/oneapi/tbb/cache_aligned_allocator.h
-- Up-to-date: /home/chaofan/model_benchmark/benchmark/openvino/install/runtime/3rdparty/tbb/include/oneapi/tbb/concurrent_priority_queue.h
-- Up-to-date: /home/chaofan/model_benchmark/benchmark/openvino/install/runtime/3rdparty/tbb/include/oneapi/tbb/parallel_for_each.h
-- Up-to-date: /home/chaofan/model_benchmark/benchmark/openvino/install/runtime/3rdparty/tbb/include/oneapi/tbb/task_scheduler_observer.h
-- Up-to-date: /home/chaofan/model_benchmark/benchmark/openvino/install/runtime/3rdparty/tbb/include/oneapi/tbb/blocked_range2d.h
-- Up-to-date: /home/chaofan/model_benchmark/benchmark/openvino/install/runtime/3rdparty/tbb/include/oneapi/tbb/memory_pool.h
-- Up-to-date: /home/chaofan/model_benchmark/benchmark/openvino/install/runtime/3rdparty/tbb/include/oneapi/tbb/partitioner.h
-- Up-to-date: /home/chaofan/model_benchmark/benchmark/openvino/install/runtime/3rdparty/tbb/include/oneapi/tbb/parallel_reduce.h
-- Up-to-date: /home/chaofan/model_benchmark/benchmark/openvino/install/runtime/3rdparty/tbb/include/oneapi/tbb/spin_mutex.h
-- Up-to-date: /home/chaofan/model_benchmark/benchmark/openvino/install/runtime/3rdparty/tbb/include/oneapi/tbb/flow_graph.h
-- Up-to-date: /home/chaofan/model_benchmark/benchmark/openvino/install/runtime/3rdparty/tbb/include/oneapi/tbb/mutex.h
-- Up-to-date: /home/chaofan/model_benchmark/benchmark/openvino/install/runtime/3rdparty/tbb/include/oneapi/tbb/concurrent_unordered_set.h
-- Up-to-date: /home/chaofan/model_benchmark/benchmark/openvino/install/runtime/3rdparty/tbb/include/oneapi/tbb/rw_mutex.h
-- Up-to-date: /home/chaofan/model_benchmark/benchmark/openvino/install/runtime/3rdparty/tbb/include/oneapi/tbb/collaborative_call_once.h
-- Up-to-date: /home/chaofan/model_benchmark/benchmark/openvino/install/runtime/3rdparty/tbb/include/oneapi/tbb/concurrent_vector.h
-- Up-to-date: /home/chaofan/model_benchmark/benchmark/openvino/install/runtime/3rdparty/tbb/include/oneapi/tbb/task_arena.h
-- Up-to-date: /home/chaofan/model_benchmark/benchmark/openvino/install/runtime/3rdparty/tbb/include/oneapi/tbb/blocked_range3d.h
-- Up-to-date: /home/chaofan/model_benchmark/benchmark/openvino/install/runtime/3rdparty/tbb/include/oneapi/tbb/blocked_range.h
-- Up-to-date: /home/chaofan/model_benchmark/benchmark/openvino/install/runtime/3rdparty/tbb/include/oneapi/tbb/parallel_scan.h
-- Up-to-date: /home/chaofan/model_benchmark/benchmark/openvino/install/runtime/3rdparty/tbb/include/oneapi/tbb/spin_rw_mutex.h
-- Up-to-date: /home/chaofan/model_benchmark/benchmark/openvino/install/runtime/3rdparty/tbb/include/oneapi/tbb/version.h
-- Up-to-date: /home/chaofan/model_benchmark/benchmark/openvino/install/runtime/3rdparty/tbb/include/oneapi/tbb/concurrent_unordered_map.h
-- Up-to-date: /home/chaofan/model_benchmark/benchmark/openvino/install/runtime/3rdparty/tbb/include/oneapi/tbb/parallel_for.h
-- Up-to-date: /home/chaofan/model_benchmark/benchmark/openvino/install/runtime/3rdparty/tbb/include/oneapi/tbb/concurrent_lru_cache.h
-- Up-to-date: /home/chaofan/model_benchmark/benchmark/openvino/install/runtime/3rdparty/tbb/include/oneapi/tbb/tbbmalloc_proxy.h
-- Up-to-date: /home/chaofan/model_benchmark/benchmark/openvino/install/runtime/3rdparty/tbb/include/oneapi/tbb.h
-- Up-to-date: /home/chaofan/model_benchmark/benchmark/openvino/install/runtime/include
-- Up-to-date: /home/chaofan/model_benchmark/benchmark/openvino/install/runtime/include/openvino
-- Up-to-date: /home/chaofan/model_benchmark/benchmark/openvino/install/runtime/include/openvino/opsets
-- Up-to-date: /home/chaofan/model_benchmark/benchmark/openvino/install/runtime/include/openvino/opsets/opset5.hpp
-- Up-to-date: /home/chaofan/model_benchmark/benchmark/openvino/install/runtime/include/openvino/opsets/opset9_tbl.hpp
-- Up-to-date: /home/chaofan/model_benchmark/benchmark/openvino/install/runtime/include/openvino/opsets/opset12.hpp
-- Up-to-date: /home/chaofan/model_benchmark/benchmark/openvino/install/runtime/include/openvino/opsets/opset2_tbl.hpp
-- Up-to-date: /home/chaofan/model_benchmark/benchmark/openvino/install/runtime/include/openvino/opsets/opset6_tbl.hpp
-- Up-to-date: /home/chaofan/model_benchmark/benchmark/openvino/install/runtime/include/openvino/opsets/opset8_tbl.hpp
-- Up-to-date: /home/chaofan/model_benchmark/benchmark/openvino/install/runtime/include/openvino/opsets/opset13_tbl.hpp
-- Up-to-date: /home/chaofan/model_benchmark/benchmark/openvino/install/runtime/include/openvino/opsets/opset10_tbl.hpp
-- Up-to-date: /home/chaofan/model_benchmark/benchmark/openvino/install/runtime/include/openvino/opsets/opset.hpp
-- Up-to-date: /home/chaofan/model_benchmark/benchmark/openvino/install/runtime/include/openvino/opsets/opset16.hpp
-- Up-to-date: /home/chaofan/model_benchmark/benchmark/openvino/install/runtime/include/openvino/opsets/opset11.hpp
-- Up-to-date: /home/chaofan/model_benchmark/benchmark/openvino/install/runtime/include/openvino/opsets/opset16_tbl.hpp
-- Up-to-date: /home/chaofan/model_benchmark/benchmark/openvino/install/runtime/include/openvino/opsets/opset3_tbl.hpp
-- Up-to-date: /home/chaofan/model_benchmark/benchmark/openvino/install/runtime/include/openvino/opsets/opset3.hpp
-- Up-to-date: /home/chaofan/model_benchmark/benchmark/openvino/install/runtime/include/openvino/opsets/opset14.hpp
-- Up-to-date: /home/chaofan/model_benchmark/benchmark/openvino/install/runtime/include/openvino/opsets/opset11_tbl.hpp
-- Up-to-date: /home/chaofan/model_benchmark/benchmark/openvino/install/runtime/include/openvino/opsets/opset7.hpp
-- Up-to-date: /home/chaofan/model_benchmark/benchmark/openvino/install/runtime/include/openvino/opsets/opset15_tbl.hpp
-- Up-to-date: /home/chaofan/model_benchmark/benchmark/openvino/install/runtime/include/openvino/opsets/opset14_tbl.hpp
-- Up-to-date: /home/chaofan/model_benchmark/benchmark/openvino/install/runtime/include/openvino/opsets/opset4.hpp
-- Up-to-date: /home/chaofan/model_benchmark/benchmark/openvino/install/runtime/include/openvino/opsets/opset7_tbl.hpp
-- Up-to-date: /home/chaofan/model_benchmark/benchmark/openvino/install/runtime/include/openvino/opsets/opset12_tbl.hpp
-- Up-to-date: /home/chaofan/model_benchmark/benchmark/openvino/install/runtime/include/openvino/opsets/opset17_tbl.hpp
-- Up-to-date: /home/chaofan/model_benchmark/benchmark/openvino/install/runtime/include/openvino/opsets/opset13.hpp
-- Up-to-date: /home/chaofan/model_benchmark/benchmark/openvino/install/runtime/include/openvino/opsets/opset8.hpp
-- Up-to-date: /home/chaofan/model_benchmark/benchmark/openvino/install/runtime/include/openvino/opsets/opset6.hpp
-- Up-to-date: /home/chaofan/model_benchmark/benchmark/openvino/install/runtime/include/openvino/opsets/opset17.hpp
-- Up-to-date: /home/chaofan/model_benchmark/benchmark/openvino/install/runtime/include/openvino/opsets/opset1_tbl.hpp
-- Up-to-date: /home/chaofan/model_benchmark/benchmark/openvino/install/runtime/include/openvino/opsets/opset1.hpp
-- Up-to-date: /home/chaofan/model_benchmark/benchmark/openvino/install/runtime/include/openvino/opsets/opset9.hpp
-- Up-to-date: /home/chaofan/model_benchmark/benchmark/openvino/install/runtime/include/openvino/opsets/opset2.hpp
-- Up-to-date: /home/chaofan/model_benchmark/benchmark/openvino/install/runtime/include/openvino/opsets/opset15.hpp
-- Up-to-date: /home/chaofan/model_benchmark/benchmark/openvino/install/runtime/include/openvino/opsets/opset5_tbl.hpp
-- Up-to-date: /home/chaofan/model_benchmark/benchmark/openvino/install/runtime/include/openvino/opsets/opset10.hpp
-- Up-to-date: /home/chaofan/model_benchmark/benchmark/openvino/install/runtime/include/openvino/opsets/opset4_tbl.hpp
-- Up-to-date: /home/chaofan/model_benchmark/benchmark/openvino/install/runtime/include/openvino/pass
-- Up-to-date: /home/chaofan/model_benchmark/benchmark/openvino/install/runtime/include/openvino/pass/backward_graph_rewrite.hpp
-- Up-to-date: /home/chaofan/model_benchmark/benchmark/openvino/install/runtime/include/openvino/pass/low_latency.hpp
-- Up-to-date: /home/chaofan/model_benchmark/benchmark/openvino/install/runtime/include/openvino/pass/serialize.hpp
-- Up-to-date: /home/chaofan/model_benchmark/benchmark/openvino/install/runtime/include/openvino/pass/manager.hpp
-- Up-to-date: /home/chaofan/model_benchmark/benchmark/openvino/install/runtime/include/openvino/pass/pass_config.hpp
-- Up-to-date: /home/chaofan/model_benchmark/benchmark/openvino/install/runtime/include/openvino/pass/pass.hpp
-- Up-to-date: /home/chaofan/model_benchmark/benchmark/openvino/install/runtime/include/openvino/pass/convert_fp32_to_fp16.hpp
-- Up-to-date: /home/chaofan/model_benchmark/benchmark/openvino/install/runtime/include/openvino/pass/graph_rewrite.hpp
-- Up-to-date: /home/chaofan/model_benchmark/benchmark/openvino/install/runtime/include/openvino/pass/visualize_tree.hpp
-- Up-to-date: /home/chaofan/model_benchmark/benchmark/openvino/install/runtime/include/openvino/pass/matcher_pass.hpp
-- Up-to-date: /home/chaofan/model_benchmark/benchmark/openvino/install/runtime/include/openvino/pass/sdpa_to_vlsdpa.hpp
-- Up-to-date: /home/chaofan/model_benchmark/benchmark/openvino/install/runtime/include/openvino/pass/validate.hpp
-- Up-to-date: /home/chaofan/model_benchmark/benchmark/openvino/install/runtime/include/openvino/pass/node_registry.hpp
-- Up-to-date: /home/chaofan/model_benchmark/benchmark/openvino/install/runtime/include/openvino/pass/stateful_to_stateless.hpp
-- Up-to-date: /home/chaofan/model_benchmark/benchmark/openvino/install/runtime/include/openvino/pass/make_stateful.hpp
-- Up-to-date: /home/chaofan/model_benchmark/benchmark/openvino/install/runtime/include/openvino/pass/pattern
-- Up-to-date: /home/chaofan/model_benchmark/benchmark/openvino/install/runtime/include/openvino/pass/pattern/matcher.hpp
-- Up-to-date: /home/chaofan/model_benchmark/benchmark/openvino/install/runtime/include/openvino/pass/pattern/multi_matcher.hpp
-- Up-to-date: /home/chaofan/model_benchmark/benchmark/openvino/install/runtime/include/openvino/pass/pattern/op
-- Up-to-date: /home/chaofan/model_benchmark/benchmark/openvino/install/runtime/include/openvino/pass/pattern/op/op.hpp
-- Up-to-date: /home/chaofan/model_benchmark/benchmark/openvino/install/runtime/include/openvino/pass/pattern/op/predicate.hpp
-- Up-to-date: /home/chaofan/model_benchmark/benchmark/openvino/install/runtime/include/openvino/pass/pattern/op/any.hpp
-- Up-to-date: /home/chaofan/model_benchmark/benchmark/openvino/install/runtime/include/openvino/pass/pattern/op/any_output.hpp
-- Up-to-date: /home/chaofan/model_benchmark/benchmark/openvino/install/runtime/include/openvino/pass/pattern/op/any_of.hpp
-- Up-to-date: /home/chaofan/model_benchmark/benchmark/openvino/install/runtime/include/openvino/pass/pattern/op/or.hpp
-- Up-to-date: /home/chaofan/model_benchmark/benchmark/openvino/install/runtime/include/openvino/pass/pattern/op/label.hpp
-- Up-to-date: /home/chaofan/model_benchmark/benchmark/openvino/install/runtime/include/openvino/pass/pattern/op/block_util.hpp
-- Up-to-date: /home/chaofan/model_benchmark/benchmark/openvino/install/runtime/include/openvino/pass/pattern/op/true.hpp
-- Up-to-date: /home/chaofan/model_benchmark/benchmark/openvino/install/runtime/include/openvino/pass/pattern/op/wrap_type.hpp
-- Up-to-date: /home/chaofan/model_benchmark/benchmark/openvino/install/runtime/include/openvino/pass/pattern/op/block.hpp
-- Up-to-date: /home/chaofan/model_benchmark/benchmark/openvino/install/runtime/include/openvino/pass/pattern/op/pattern.hpp
-- Up-to-date: /home/chaofan/model_benchmark/benchmark/openvino/install/runtime/include/openvino/pass/pattern/op/optional.hpp
-- Up-to-date: /home/chaofan/model_benchmark/benchmark/openvino/install/runtime/include/openvino/pass/pa_kv_reorder_fusion.hpp
-- Up-to-date: /home/chaofan/model_benchmark/benchmark/openvino/install/runtime/include/openvino/pass/constant_folding.hpp
-- Up-to-date: /home/chaofan/model_benchmark/benchmark/openvino/install/runtime/include/openvino/pass/sdpa_to_paged_attention.hpp
-- Up-to-date: /home/chaofan/model_benchmark/benchmark/openvino/install/runtime/include/openvino/op
-- Up-to-date: /home/chaofan/model_benchmark/benchmark/openvino/install/runtime/include/openvino/op/embeddingbag_packedsum.hpp
-- Up-to-date: /home/chaofan/model_benchmark/benchmark/openvino/install/runtime/include/openvino/op/minimum.hpp
-- Up-to-date: /home/chaofan/model_benchmark/benchmark/openvino/install/runtime/include/openvino/op/matrix_nms.hpp
-- Up-to-date: /home/chaofan/model_benchmark/benchmark/openvino/install/runtime/include/openvino/op/experimental_detectron_detection_output.hpp
-- Up-to-date: /home/chaofan/model_benchmark/benchmark/openvino/install/runtime/include/openvino/op/cos.hpp
-- Up-to-date: /home/chaofan/model_benchmark/benchmark/openvino/install/runtime/include/openvino/op/prior_box_clustered.hpp
-- Up-to-date: /home/chaofan/model_benchmark/benchmark/openvino/install/runtime/include/openvino/op/experimental_detectron_generate_proposals.hpp
-- Up-to-date: /home/chaofan/model_benchmark/benchmark/openvino/install/runtime/include/openvino/op/embeddingbag_offsets.hpp
-- Up-to-date: /home/chaofan/model_benchmark/benchmark/openvino/install/runtime/include/openvino/op/softsign.hpp
-- Up-to-date: /home/chaofan/model_benchmark/benchmark/openvino/install/runtime/include/openvino/op/op.hpp
-- Up-to-date: /home/chaofan/model_benchmark/benchmark/openvino/install/runtime/include/openvino/op/logical_not.hpp
-- Up-to-date: /home/chaofan/model_benchmark/benchmark/openvino/install/runtime/include/openvino/op/selu.hpp
-- Up-to-date: /home/chaofan/model_benchmark/benchmark/openvino/install/runtime/include/openvino/op/identity.hpp
-- Up-to-date: /home/chaofan/model_benchmark/benchmark/openvino/install/runtime/include/openvino/op/split.hpp
-- Up-to-date: /home/chaofan/model_benchmark/benchmark/openvino/install/runtime/include/openvino/op/reduce_l2.hpp
-- Up-to-date: /home/chaofan/model_benchmark/benchmark/openvino/install/runtime/include/openvino/op/i420_to_rgb.hpp
-- Up-to-date: /home/chaofan/model_benchmark/benchmark/openvino/install/runtime/include/openvino/op/maximum.hpp
-- Up-to-date: /home/chaofan/model_benchmark/benchmark/openvino/install/runtime/include/openvino/op/atanh.hpp
-- Up-to-date: /home/chaofan/model_benchmark/benchmark/openvino/install/runtime/include/openvino/op/grn.hpp
-- Up-to-date: /home/chaofan/model_benchmark/benchmark/openvino/install/runtime/include/openvino/op/deformable_convolution.hpp
-- Up-to-date: /home/chaofan/model_benchmark/benchmark/openvino/install/runtime/include/openvino/op/roll.hpp
-- Up-to-date: /home/chaofan/model_benchmark/benchmark/openvino/install/runtime/include/openvino/op/reduce_logical_and.hpp
-- Up-to-date: /home/chaofan/model_benchmark/benchmark/openvino/install/runtime/include/openvino/op/convolution.hpp
-- Up-to-date: /home/chaofan/model_benchmark/benchmark/openvino/install/runtime/include/openvino/op/unique.hpp
-- Up-to-date: /home/chaofan/model_benchmark/benchmark/openvino/install/runtime/include/openvino/op/tan.hpp
-- Up-to-date: /home/chaofan/model_benchmark/benchmark/openvino/install/runtime/include/openvino/op/rdft.hpp
-- Up-to-date: /home/chaofan/model_benchmark/benchmark/openvino/install/runtime/include/openvino/op/parameter.hpp
-- Up-to-date: /home/chaofan/model_benchmark/benchmark/openvino/install/runtime/include/openvino/op/cosh.hpp
-- Up-to-date: /home/chaofan/model_benchmark/benchmark/openvino/install/runtime/include/openvino/op/power.hpp
-- Up-to-date: /home/chaofan/model_benchmark/benchmark/openvino/install/runtime/include/openvino/op/loop.hpp
-- Up-to-date: /home/chaofan/model_benchmark/benchmark/openvino/install/runtime/include/openvino/op/experimental_detectron_prior_grid_generator.hpp
-- Up-to-date: /home/chaofan/model_benchmark/benchmark/openvino/install/runtime/include/openvino/op/batch_norm.hpp
-- Up-to-date: /home/chaofan/model_benchmark/benchmark/openvino/install/runtime/include/openvino/op/tile.hpp
-- Up-to-date: /home/chaofan/model_benchmark/benchmark/openvino/install/runtime/include/openvino/op/space_to_depth.hpp
-- Up-to-date: /home/chaofan/model_benchmark/benchmark/openvino/install/runtime/include/openvino/op/gru_cell.hpp
-- Up-to-date: /home/chaofan/model_benchmark/benchmark/openvino/install/runtime/include/openvino/op/ceiling.hpp
-- Up-to-date: /home/chaofan/model_benchmark/benchmark/openvino/install/runtime/include/openvino/op/non_max_suppression.hpp
-- Up-to-date: /home/chaofan/model_benchmark/benchmark/openvino/install/runtime/include/openvino/op/space_to_batch.hpp
-- Up-to-date: /home/chaofan/model_benchmark/benchmark/openvino/install/runtime/include/openvino/op/softplus.hpp
-- Up-to-date: /home/chaofan/model_benchmark/benchmark/openvino/install/runtime/include/openvino/op/reduce_min.hpp
-- Up-to-date: /home/chaofan/model_benchmark/benchmark/openvino/install/runtime/include/openvino/op/squared_difference.hpp
-- Up-to-date: /home/chaofan/model_benchmark/benchmark/openvino/install/runtime/include/openvino/op/sink.hpp
-- Up-to-date: /home/chaofan/model_benchmark/benchmark/openvino/install/runtime/include/openvino/op/ops.hpp
-- Up-to-date: /home/chaofan/model_benchmark/benchmark/openvino/install/runtime/include/openvino/op/idft.hpp
-- Up-to-date: /home/chaofan/model_benchmark/benchmark/openvino/install/runtime/include/openvino/op/reduce_logical_or.hpp
-- Up-to-date: /home/chaofan/model_benchmark/benchmark/openvino/install/runtime/include/openvino/op/logical_or.hpp
-- Up-to-date: /home/chaofan/model_benchmark/benchmark/openvino/install/runtime/include/openvino/op/convert.hpp
-- Up-to-date: /home/chaofan/model_benchmark/benchmark/openvino/install/runtime/include/openvino/op/divide.hpp
-- Up-to-date: /home/chaofan/model_benchmark/benchmark/openvino/install/runtime/include/openvino/op/proposal.hpp
-- Up-to-date: /home/chaofan/model_benchmark/benchmark/openvino/install/runtime/include/openvino/op/segment_max.hpp
-- Up-to-date: /home/chaofan/model_benchmark/benchmark/openvino/install/runtime/include/openvino/op/atan.hpp
-- Up-to-date: /home/chaofan/model_benchmark/benchmark/openvino/install/runtime/include/openvino/op/experimental_detectron_topkrois.hpp
-- Up-to-date: /home/chaofan/model_benchmark/benchmark/openvino/install/runtime/include/openvino/op/dft.hpp
-- Up-to-date: /home/chaofan/model_benchmark/benchmark/openvino/install/runtime/include/openvino/op/irdft.hpp
-- Up-to-date: /home/chaofan/model_benchmark/benchmark/openvino/install/runtime/include/openvino/op/lstm_cell.hpp
-- Up-to-date: /home/chaofan/model_benchmark/benchmark/openvino/install/runtime/include/openvino/op/rnn_sequence.hpp
-- Up-to-date: /home/chaofan/model_benchmark/benchmark/openvino/install/runtime/include/openvino/op/istft.hpp
-- Up-to-date: /home/chaofan/model_benchmark/benchmark/openvino/install/runtime/include/openvino/op/reorg_yolo.hpp
-- Up-to-date: /home/chaofan/model_benchmark/benchmark/openvino/install/runtime/include/openvino/op/is_inf.hpp
-- Up-to-date: /home/chaofan/model_benchmark/benchmark/openvino/install/runtime/include/openvino/op/concat.hpp
-- Up-to-date: /home/chaofan/model_benchmark/benchmark/openvino/install/runtime/include/openvino/op/bitwise_or.hpp
-- Up-to-date: /home/chaofan/model_benchmark/benchmark/openvino/install/runtime/include/openvino/op/util
-- Up-to-date: /home/chaofan/model_benchmark/benchmark/openvino/install/runtime/include/openvino/op/util/recurrent_sequence.hpp
-- Up-to-date: /home/chaofan/model_benchmark/benchmark/openvino/install/runtime/include/openvino/op/util/elementwise_args.hpp
-- Up-to-date: /home/chaofan/model_benchmark/benchmark/openvino/install/runtime/include/openvino/op/util/convert_color_nv12_base.hpp
-- Up-to-date: /home/chaofan/model_benchmark/benchmark/openvino/install/runtime/include/openvino/op/util/variable_context.hpp
-- Up-to-date: /home/chaofan/model_benchmark/benchmark/openvino/install/runtime/include/openvino/op/util/variable_value.hpp
-- Up-to-date: /home/chaofan/model_benchmark/benchmark/openvino/install/runtime/include/openvino/op/util/activation_functions.hpp
-- Up-to-date: /home/chaofan/model_benchmark/benchmark/openvino/install/runtime/include/openvino/op/util/roi_align_base.hpp
-- Up-to-date: /home/chaofan/model_benchmark/benchmark/openvino/install/runtime/include/openvino/op/util/detection_output_base.hpp
-- Up-to-date: /home/chaofan/model_benchmark/benchmark/openvino/install/runtime/include/openvino/op/util/avg_pool_base.hpp
-- Up-to-date: /home/chaofan/model_benchmark/benchmark/openvino/install/runtime/include/openvino/op/util/scatter_nd_base.hpp
-- Up-to-date: /home/chaofan/model_benchmark/benchmark/openvino/install/runtime/include/openvino/op/util/topk_base.hpp
-- Up-to-date: /home/chaofan/model_benchmark/benchmark/openvino/install/runtime/include/openvino/op/util/read_value_base.hpp
-- Up-to-date: /home/chaofan/model_benchmark/benchmark/openvino/install/runtime/include/openvino/op/util/scatter_elements_update_base.hpp
-- Up-to-date: /home/chaofan/model_benchmark/benchmark/openvino/install/runtime/include/openvino/op/util/unary_elementwise_arithmetic.hpp
-- Up-to-date: /home/chaofan/model_benchmark/benchmark/openvino/install/runtime/include/openvino/op/util/convert_color_i420_base.hpp
-- Up-to-date: /home/chaofan/model_benchmark/benchmark/openvino/install/runtime/include/openvino/op/util/deformable_convolution_base.hpp
-- Up-to-date: /home/chaofan/model_benchmark/benchmark/openvino/install/runtime/include/openvino/op/util/binary_elementwise_bitwise.hpp
-- Up-to-date: /home/chaofan/model_benchmark/benchmark/openvino/install/runtime/include/openvino/op/util/logical_reduction_keep_dims.hpp
-- Up-to-date: /home/chaofan/model_benchmark/benchmark/openvino/install/runtime/include/openvino/op/util/binary_elementwise_comparison.hpp
-- Up-to-date: /home/chaofan/model_benchmark/benchmark/openvino/install/runtime/include/openvino/op/util/framework_node.hpp
-- Up-to-date: /home/chaofan/model_benchmark/benchmark/openvino/install/runtime/include/openvino/op/util/embeddingbag_offsets_base.hpp
-- Up-to-date: /home/chaofan/model_benchmark/benchmark/openvino/install/runtime/include/openvino/op/util/squeeze_base.hpp
-- Up-to-date: /home/chaofan/model_benchmark/benchmark/openvino/install/runtime/include/openvino/op/util/scatter_base.hpp
-- Up-to-date: /home/chaofan/model_benchmark/benchmark/openvino/install/runtime/include/openvino/op/util/embeddingbag_packed_base.hpp
-- Up-to-date: /home/chaofan/model_benchmark/benchmark/openvino/install/runtime/include/openvino/op/util/sub_graph_base.hpp
-- Up-to-date: /home/chaofan/model_benchmark/benchmark/openvino/install/runtime/include/openvino/op/util/one_hot_base.hpp
-- Up-to-date: /home/chaofan/model_benchmark/benchmark/openvino/install/runtime/include/openvino/op/util/arithmetic_reduction.hpp
-- Up-to-date: /home/chaofan/model_benchmark/benchmark/openvino/install/runtime/include/openvino/op/util/fft_base.hpp
-- Up-to-date: /home/chaofan/model_benchmark/benchmark/openvino/install/runtime/include/openvino/op/util/binary_elementwise_logical.hpp
-- Up-to-date: /home/chaofan/model_benchmark/benchmark/openvino/install/runtime/include/openvino/op/util/pad_base.hpp
-- Up-to-date: /home/chaofan/model_benchmark/benchmark/openvino/install/runtime/include/openvino/op/util/convolution_backprop_base.hpp
-- Up-to-date: /home/chaofan/model_benchmark/benchmark/openvino/install/runtime/include/openvino/op/util/variable_extension.hpp
-- Up-to-date: /home/chaofan/model_benchmark/benchmark/openvino/install/runtime/include/openvino/op/util/assign_base.hpp
-- Up-to-date: /home/chaofan/model_benchmark/benchmark/openvino/install/runtime/include/openvino/op/util/variable.hpp
-- Up-to-date: /home/chaofan/model_benchmark/benchmark/openvino/install/runtime/include/openvino/op/util/interpolate_base.hpp
-- Up-to-date: /home/chaofan/model_benchmark/benchmark/openvino/install/runtime/include/openvino/op/util/attr_types.hpp
-- Up-to-date: /home/chaofan/model_benchmark/benchmark/openvino/install/runtime/include/openvino/op/util/binary_elementwise_arithmetic.hpp
-- Up-to-date: /home/chaofan/model_benchmark/benchmark/openvino/install/runtime/include/openvino/op/util/gather_base.hpp
-- Up-to-date: /home/chaofan/model_benchmark/benchmark/openvino/install/runtime/include/openvino/op/util/multiclass_nms_base.hpp
-- Up-to-date: /home/chaofan/model_benchmark/benchmark/openvino/install/runtime/include/openvino/op/util/index_reduction.hpp
-- Up-to-date: /home/chaofan/model_benchmark/benchmark/openvino/install/runtime/include/openvino/op/util/logical_reduction.hpp
-- Up-to-date: /home/chaofan/model_benchmark/benchmark/openvino/install/runtime/include/openvino/op/util/symbolic_info.hpp
-- Up-to-date: /home/chaofan/model_benchmark/benchmark/openvino/install/runtime/include/openvino/op/util/max_pool_base.hpp
-- Up-to-date: /home/chaofan/model_benchmark/benchmark/openvino/install/runtime/include/openvino/op/util/op_types.hpp
-- Up-to-date: /home/chaofan/model_benchmark/benchmark/openvino/install/runtime/include/openvino/op/util/reduction_base.hpp
-- Up-to-date: /home/chaofan/model_benchmark/benchmark/openvino/install/runtime/include/openvino/op/util/convolution_base.hpp
-- Up-to-date: /home/chaofan/model_benchmark/benchmark/openvino/install/runtime/include/openvino/op/util/gather_nd_base.hpp
-- Up-to-date: /home/chaofan/model_benchmark/benchmark/openvino/install/runtime/include/openvino/op/util/shape_of_base.hpp
-- Up-to-date: /home/chaofan/model_benchmark/benchmark/openvino/install/runtime/include/openvino/op/util/precision_sensitive_attribute.hpp
-- Up-to-date: /home/chaofan/model_benchmark/benchmark/openvino/install/runtime/include/openvino/op/util/broadcast_base.hpp
-- Up-to-date: /home/chaofan/model_benchmark/benchmark/openvino/install/runtime/include/openvino/op/util/rnn_cell_base.hpp
-- Up-to-date: /home/chaofan/model_benchmark/benchmark/openvino/install/runtime/include/openvino/op/util/multi_subgraph_base.hpp
-- Up-to-date: /home/chaofan/model_benchmark/benchmark/openvino/install/runtime/include/openvino/op/util/arithmetic_reductions_keep_dims.hpp
-- Up-to-date: /home/chaofan/model_benchmark/benchmark/openvino/install/runtime/include/openvino/op/prior_box.hpp
-- Up-to-date: /home/chaofan/model_benchmark/benchmark/openvino/install/runtime/include/openvino/op/fake_quantize.hpp
-- Up-to-date: /home/chaofan/model_benchmark/benchmark/openvino/install/runtime/include/openvino/op/i420_to_bgr.hpp
-- Up-to-date: /home/chaofan/model_benchmark/benchmark/openvino/install/runtime/include/openvino/op/gather_tree.hpp
-- Up-to-date: /home/chaofan/model_benchmark/benchmark/openvino/install/runtime/include/openvino/op/gelu.hpp
-- Up-to-date: /home/chaofan/model_benchmark/benchmark/openvino/install/runtime/include/openvino/op/convert_promote_types.hpp
-- Up-to-date: /home/chaofan/model_benchmark/benchmark/openvino/install/runtime/include/openvino/op/topk.hpp
-- Up-to-date: /home/chaofan/model_benchmark/benchmark/openvino/install/runtime/include/openvino/op/acos.hpp
-- Up-to-date: /home/chaofan/model_benchmark/benchmark/openvino/install/runtime/include/openvino/op/sign.hpp
-- Up-to-date: /home/chaofan/model_benchmark/benchmark/openvino/install/runtime/include/openvino/op/max_pool.hpp
-- Up-to-date: /home/chaofan/model_benchmark/benchmark/openvino/install/runtime/include/openvino/op/sigmoid.hpp
-- Up-to-date: /home/chaofan/model_benchmark/benchmark/openvino/install/runtime/include/openvino/op/greater_eq.hpp
-- Up-to-date: /home/chaofan/model_benchmark/benchmark/openvino/install/runtime/include/openvino/op/bitwise_xor.hpp
-- Up-to-date: /home/chaofan/model_benchmark/benchmark/openvino/install/runtime/include/openvino/op/slice_scatter.hpp
-- Up-to-date: /home/chaofan/model_benchmark/benchmark/openvino/install/runtime/include/openvino/op/bucketize.hpp
-- Up-to-date: /home/chaofan/model_benchmark/benchmark/openvino/install/runtime/include/openvino/op/tensor_iterator.hpp
-- Up-to-date: /home/chaofan/model_benchmark/benchmark/openvino/install/runtime/include/openvino/op/strided_slice.hpp
-- Up-to-date: /home/chaofan/model_benchmark/benchmark/openvino/install/runtime/include/openvino/op/constant.hpp
-- Up-to-date: /home/chaofan/model_benchmark/benchmark/openvino/install/runtime/include/openvino/op/bitwise_right_shift.hpp
-- Up-to-date: /home/chaofan/model_benchmark/benchmark/openvino/install/runtime/include/openvino/op/reduce_prod.hpp
-- Up-to-date: /home/chaofan/model_benchmark/benchmark/openvino/install/runtime/include/openvino/op/gather.hpp
-- Up-to-date: /home/chaofan/model_benchmark/benchmark/openvino/install/runtime/include/openvino/op/string_tensor_pack.hpp
-- Up-to-date: /home/chaofan/model_benchmark/benchmark/openvino/install/runtime/include/openvino/op/interpolate.hpp
-- Up-to-date: /home/chaofan/model_benchmark/benchmark/openvino/install/runtime/include/openvino/op/variadic_split.hpp
-- Up-to-date: /home/chaofan/model_benchmark/benchmark/openvino/install/runtime/include/openvino/op/transpose.hpp
-- Up-to-date: /home/chaofan/model_benchmark/benchmark/openvino/install/runtime/include/openvino/op/einsum.hpp
-- Up-to-date: /home/chaofan/model_benchmark/benchmark/openvino/install/runtime/include/openvino/op/reverse_sequence.hpp
-- Up-to-date: /home/chaofan/model_benchmark/benchmark/openvino/install/runtime/include/openvino/op/erfinv.hpp
-- Up-to-date: /home/chaofan/model_benchmark/benchmark/openvino/install/runtime/include/openvino/op/abs.hpp
-- Up-to-date: /home/chaofan/model_benchmark/benchmark/openvino/install/runtime/include/openvino/op/ctc_greedy_decoder.hpp
-- Up-to-date: /home/chaofan/model_benchmark/benchmark/openvino/install/runtime/include/openvino/op/fake_convert.hpp
-- Up-to-date: /home/chaofan/model_benchmark/benchmark/openvino/install/runtime/include/openvino/op/floor.hpp
-- Up-to-date: /home/chaofan/model_benchmark/benchmark/openvino/install/runtime/include/openvino/op/hswish.hpp
-- Up-to-date: /home/chaofan/model_benchmark/benchmark/openvino/install/runtime/include/openvino/op/acosh.hpp
-- Up-to-date: /home/chaofan/model_benchmark/benchmark/openvino/install/runtime/include/openvino/op/assign.hpp
-- Up-to-date: /home/chaofan/model_benchmark/benchmark/openvino/install/runtime/include/openvino/op/gru_sequence.hpp
-- Up-to-date: /home/chaofan/model_benchmark/benchmark/openvino/install/runtime/include/openvino/op/range.hpp
-- Up-to-date: /home/chaofan/model_benchmark/benchmark/openvino/install/runtime/include/openvino/op/scatter_elements_update.hpp
-- Up-to-date: /home/chaofan/model_benchmark/benchmark/openvino/install/runtime/include/openvino/op/log.hpp
-- Up-to-date: /home/chaofan/model_benchmark/benchmark/openvino/install/runtime/include/openvino/op/generate_proposals.hpp
-- Up-to-date: /home/chaofan/model_benchmark/benchmark/openvino/install/runtime/include/openvino/op/binary_convolution.hpp
-- Up-to-date: /home/chaofan/model_benchmark/benchmark/openvino/install/runtime/include/openvino/op/lrn.hpp
-- Up-to-date: /home/chaofan/model_benchmark/benchmark/openvino/install/runtime/include/openvino/op/logical_and.hpp
-- Up-to-date: /home/chaofan/model_benchmark/benchmark/openvino/install/runtime/include/openvino/op/sqrt.hpp
-- Up-to-date: /home/chaofan/model_benchmark/benchmark/openvino/install/runtime/include/openvino/op/nv12_to_bgr.hpp
-- Up-to-date: /home/chaofan/model_benchmark/benchmark/openvino/install/runtime/include/openvino/op/result.hpp
-- Up-to-date: /home/chaofan/model_benchmark/benchmark/openvino/install/runtime/include/openvino/op/non_zero.hpp
-- Up-to-date: /home/chaofan/model_benchmark/benchmark/openvino/install/runtime/include/openvino/op/roi_pooling.hpp
-- Up-to-date: /home/chaofan/model_benchmark/benchmark/openvino/install/runtime/include/openvino/op/hsigmoid.hpp
-- Up-to-date: /home/chaofan/model_benchmark/benchmark/openvino/install/runtime/include/openvino/op/adaptive_avg_pool.hpp
-- Up-to-date: /home/chaofan/model_benchmark/benchmark/openvino/install/runtime/include/openvino/op/experimental_detectron_roi_feature.hpp
-- Up-to-date: /home/chaofan/model_benchmark/benchmark/openvino/install/runtime/include/openvino/op/batch_to_space.hpp
-- Up-to-date: /home/chaofan/model_benchmark/benchmark/openvino/install/runtime/include/openvino/op/inverse.hpp
-- Up-to-date: /home/chaofan/model_benchmark/benchmark/openvino/install/runtime/include/openvino/op/swish.hpp
-- Up-to-date: /home/chaofan/model_benchmark/benchmark/openvino/install/runtime/include/openvino/op/gather_nd.hpp
-- Up-to-date: /home/chaofan/model_benchmark/benchmark/openvino/install/runtime/include/openvino/op/nms_rotated.hpp
-- Up-to-date: /home/chaofan/model_benchmark/benchmark/openvino/install/runtime/include/openvino/op/rnn_cell.hpp
-- Up-to-date: /home/chaofan/model_benchmark/benchmark/openvino/install/runtime/include/openvino/op/stft.hpp
-- Up-to-date: /home/chaofan/model_benchmark/benchmark/openvino/install/runtime/include/openvino/op/col2im.hpp
-- Up-to-date: /home/chaofan/model_benchmark/benchmark/openvino/install/runtime/include/openvino/op/eye.hpp
-- Up-to-date: /home/chaofan/model_benchmark/benchmark/openvino/install/runtime/include/openvino/op/scatter_update.hpp
-- Up-to-date: /home/chaofan/model_benchmark/benchmark/openvino/install/runtime/include/openvino/op/round.hpp
-- Up-to-date: /home/chaofan/model_benchmark/benchmark/openvino/install/runtime/include/openvino/op/mod.hpp
-- Up-to-date: /home/chaofan/model_benchmark/benchmark/openvino/install/runtime/include/openvino/op/xor.hpp
-- Up-to-date: /home/chaofan/model_benchmark/benchmark/openvino/install/runtime/include/openvino/op/hard_sigmoid.hpp
-- Up-to-date: /home/chaofan/model_benchmark/benchmark/openvino/install/runtime/include/openvino/op/multinomial.hpp
-- Up-to-date: /home/chaofan/model_benchmark/benchmark/openvino/install/runtime/include/openvino/op/floor_mod.hpp
-- Up-to-date: /home/chaofan/model_benchmark/benchmark/openvino/install/runtime/include/openvino/op/gather_elements.hpp
-- Up-to-date: /home/chaofan/model_benchmark/benchmark/openvino/install/runtime/include/openvino/op/deformable_psroi_pooling.hpp
-- Up-to-date: /home/chaofan/model_benchmark/benchmark/openvino/install/runtime/include/openvino/op/embeddingbag_offsets_sum.hpp
-- Up-to-date: /home/chaofan/model_benchmark/benchmark/openvino/install/runtime/include/openvino/op/shuffle_channels.hpp
-- Up-to-date: /home/chaofan/model_benchmark/benchmark/openvino/install/runtime/include/openvino/op/scatter_nd_update.hpp
-- Up-to-date: /home/chaofan/model_benchmark/benchmark/openvino/install/runtime/include/openvino/op/reduce_sum.hpp
-- Up-to-date: /home/chaofan/model_benchmark/benchmark/openvino/install/runtime/include/openvino/op/is_nan.hpp
-- Up-to-date: /home/chaofan/model_benchmark/benchmark/openvino/install/runtime/include/openvino/op/detection_output.hpp
-- Up-to-date: /home/chaofan/model_benchmark/benchmark/openvino/install/runtime/include/openvino/op/is_finite.hpp
-- Up-to-date: /home/chaofan/model_benchmark/benchmark/openvino/install/runtime/include/openvino/op/multiclass_nms.hpp
-- Up-to-date: /home/chaofan/model_benchmark/benchmark/openvino/install/runtime/include/openvino/op/region_yolo.hpp
-- Up-to-date: /home/chaofan/model_benchmark/benchmark/openvino/install/runtime/include/openvino/op/broadcast.hpp
-- Up-to-date: /home/chaofan/model_benchmark/benchmark/openvino/install/runtime/include/openvino/op/less_eq.hpp
-- Up-to-date: /home/chaofan/model_benchmark/benchmark/openvino/install/runtime/include/openvino/op/mish.hpp
-- Up-to-date: /home/chaofan/model_benchmark/benchmark/openvino/install/runtime/include/openvino/op/read_value.hpp
-- Up-to-date: /home/chaofan/model_benchmark/benchmark/openvino/install/runtime/include/openvino/op/sin.hpp
-- Up-to-date: /home/chaofan/model_benchmark/benchmark/openvino/install/runtime/include/openvino/op/matmul.hpp
-- Up-to-date: /home/chaofan/model_benchmark/benchmark/openvino/install/runtime/include/openvino/op/roi_align.hpp
-- Up-to-date: /home/chaofan/model_benchmark/benchmark/openvino/install/runtime/include/openvino/op/prelu.hpp
-- Up-to-date: /home/chaofan/model_benchmark/benchmark/openvino/install/runtime/include/openvino/op/adaptive_max_pool.hpp
-- Up-to-date: /home/chaofan/model_benchmark/benchmark/openvino/install/runtime/include/openvino/op/ctc_greedy_decoder_seq_len.hpp
-- Up-to-date: /home/chaofan/model_benchmark/benchmark/openvino/install/runtime/include/openvino/op/slice.hpp
-- Up-to-date: /home/chaofan/model_benchmark/benchmark/openvino/install/runtime/include/openvino/op/sparse_fill_empty_rows.hpp
-- Up-to-date: /home/chaofan/model_benchmark/benchmark/openvino/install/runtime/include/openvino/op/grouped_matmul.hpp
-- Up-to-date: /home/chaofan/model_benchmark/benchmark/openvino/install/runtime/include/openvino/op/reshape.hpp
-- Up-to-date: /home/chaofan/model_benchmark/benchmark/openvino/install/runtime/include/openvino/op/exp.hpp
-- Up-to-date: /home/chaofan/model_benchmark/benchmark/openvino/install/runtime/include/openvino/op/mvn.hpp
-- Up-to-date: /home/chaofan/model_benchmark/benchmark/openvino/install/runtime/include/openvino/op/random_uniform.hpp
-- Up-to-date: /home/chaofan/model_benchmark/benchmark/openvino/install/runtime/include/openvino/op/psroi_pooling.hpp
-- Up-to-date: /home/chaofan/model_benchmark/benchmark/openvino/install/runtime/include/openvino/op/scaled_dot_product_attention.hpp
-- Up-to-date: /home/chaofan/model_benchmark/benchmark/openvino/install/runtime/include/openvino/op/clamp.hpp
-- Up-to-date: /home/chaofan/model_benchmark/benchmark/openvino/install/runtime/include/openvino/op/select.hpp
-- Up-to-date: /home/chaofan/model_benchmark/benchmark/openvino/install/runtime/include/openvino/op/logical_xor.hpp
-- Up-to-date: /home/chaofan/model_benchmark/benchmark/openvino/install/runtime/include/openvino/op/search_sorted.hpp
-- Up-to-date: /home/chaofan/model_benchmark/benchmark/openvino/install/runtime/include/openvino/op/negative.hpp
-- Up-to-date: /home/chaofan/model_benchmark/benchmark/openvino/install/runtime/include/openvino/op/group_conv.hpp
-- Up-to-date: /home/chaofan/model_benchmark/benchmark/openvino/install/runtime/include/openvino/op/erf.hpp
-- Up-to-date: /home/chaofan/model_benchmark/benchmark/openvino/install/runtime/include/openvino/op/reduce_max.hpp
-- Up-to-date: /home/chaofan/model_benchmark/benchmark/openvino/install/runtime/include/openvino/op/cum_sum.hpp
-- Up-to-date: /home/chaofan/model_benchmark/benchmark/openvino/install/runtime/include/openvino/op/shape_of.hpp
-- Up-to-date: /home/chaofan/model_benchmark/benchmark/openvino/install/runtime/include/openvino/op/depth_to_space.hpp
-- Up-to-date: /home/chaofan/model_benchmark/benchmark/openvino/install/runtime/include/openvino/op/normalize_l2.hpp
-- Up-to-date: /home/chaofan/model_benchmark/benchmark/openvino/install/runtime/include/openvino/op/log_softmax.hpp
-- Up-to-date: /home/chaofan/model_benchmark/benchmark/openvino/install/runtime/include/openvino/op/extractimagepatches.hpp
-- Up-to-date: /home/chaofan/model_benchmark/benchmark/openvino/install/runtime/include/openvino/op/grid_sample.hpp
-- Up-to-date: /home/chaofan/model_benchmark/benchmark/openvino/install/runtime/include/openvino/op/unsqueeze.hpp
-- Up-to-date: /home/chaofan/model_benchmark/benchmark/openvino/install/runtime/include/openvino/op/relu.hpp
-- Up-to-date: /home/chaofan/model_benchmark/benchmark/openvino/install/runtime/include/openvino/op/ctc_loss.hpp
-- Up-to-date: /home/chaofan/model_benchmark/benchmark/openvino/install/runtime/include/openvino/op/less.hpp
-- Up-to-date: /home/chaofan/model_benchmark/benchmark/openvino/install/runtime/include/openvino/op/subtract.hpp
-- Up-to-date: /home/chaofan/model_benchmark/benchmark/openvino/install/runtime/include/openvino/op/convert_like.hpp
-- Up-to-date: /home/chaofan/model_benchmark/benchmark/openvino/install/runtime/include/openvino/op/bitwise_left_shift.hpp
-- Up-to-date: /home/chaofan/model_benchmark/benchmark/openvino/install/runtime/include/openvino/op/if.hpp
-- Up-to-date: /home/chaofan/model_benchmark/benchmark/openvino/install/runtime/include/openvino/op/reduce_l1.hpp
-- Up-to-date: /home/chaofan/model_benchmark/benchmark/openvino/install/runtime/include/openvino/op/embedding_segments_sum.hpp
-- Up-to-date: /home/chaofan/model_benchmark/benchmark/openvino/install/runtime/include/openvino/op/pad.hpp
-- Up-to-date: /home/chaofan/model_benchmark/benchmark/openvino/install/runtime/include/openvino/op/equal.hpp
-- Up-to-date: /home/chaofan/model_benchmark/benchmark/openvino/install/runtime/include/openvino/op/add.hpp
-- Up-to-date: /home/chaofan/model_benchmark/benchmark/openvino/install/runtime/include/openvino/op/avg_pool.hpp
-- Up-to-date: /home/chaofan/model_benchmark/benchmark/openvino/install/runtime/include/openvino/op/elu.hpp
-- Up-to-date: /home/chaofan/model_benchmark/benchmark/openvino/install/runtime/include/openvino/op/greater.hpp
-- Up-to-date: /home/chaofan/model_benchmark/benchmark/openvino/install/runtime/include/openvino/op/one_hot.hpp
-- Up-to-date: /home/chaofan/model_benchmark/benchmark/openvino/install/runtime/include/openvino/op/multiply.hpp
-- Up-to-date: /home/chaofan/model_benchmark/benchmark/openvino/install/runtime/include/openvino/op/sinh.hpp
-- Up-to-date: /home/chaofan/model_benchmark/benchmark/openvino/install/runtime/include/openvino/op/not_equal.hpp
-- Up-to-date: /home/chaofan/model_benchmark/benchmark/openvino/install/runtime/include/openvino/op/group_normalization.hpp
-- Up-to-date: /home/chaofan/model_benchmark/benchmark/openvino/install/runtime/include/openvino/op/asin.hpp
-- Up-to-date: /home/chaofan/model_benchmark/benchmark/openvino/install/runtime/include/openvino/op/bitwise_not.hpp
-- Up-to-date: /home/chaofan/model_benchmark/benchmark/openvino/install/runtime/include/openvino/op/reverse.hpp
-- Up-to-date: /home/chaofan/model_benchmark/benchmark/openvino/install/runtime/include/openvino/op/tanh.hpp
-- Up-to-date: /home/chaofan/model_benchmark/benchmark/openvino/install/runtime/include/openvino/op/roi_align_rotated.hpp
-- Up-to-date: /home/chaofan/model_benchmark/benchmark/openvino/install/runtime/include/openvino/op/asinh.hpp
-- Up-to-date: /home/chaofan/model_benchmark/benchmark/openvino/install/runtime/include/openvino/op/bitwise_and.hpp
-- Up-to-date: /home/chaofan/model_benchmark/benchmark/openvino/install/runtime/include/openvino/op/nv12_to_rgb.hpp
-- Up-to-date: /home/chaofan/model_benchmark/benchmark/openvino/install/runtime/include/openvino/op/reduce_mean.hpp
-- Up-to-date: /home/chaofan/model_benchmark/benchmark/openvino/install/runtime/include/openvino/op/softmax.hpp
-- Up-to-date: /home/chaofan/model_benchmark/benchmark/openvino/install/runtime/include/openvino/op/embeddingbag_packed.hpp
-- Up-to-date: /home/chaofan/model_benchmark/benchmark/openvino/install/runtime/include/openvino/op/string_tensor_unpack.hpp
-- Up-to-date: /home/chaofan/model_benchmark/benchmark/openvino/install/runtime/include/openvino/op/lstm_sequence.hpp
-- Up-to-date: /home/chaofan/model_benchmark/benchmark/openvino/install/runtime/include/openvino/op/squeeze.hpp
-- Up-to-date: /home/chaofan/model_benchmark/benchmark/openvino/install/runtime/include/openvino/runtime
-- Up-to-date: /home/chaofan/model_benchmark/benchmark/openvino/install/runtime/include/openvino/runtime/allocator.hpp
-- Up-to-date: /home/chaofan/model_benchmark/benchmark/openvino/install/runtime/include/openvino/runtime/tensor.hpp
-- Up-to-date: /home/chaofan/model_benchmark/benchmark/openvino/install/runtime/include/openvino/runtime/file_handle.hpp
-- Up-to-date: /home/chaofan/model_benchmark/benchmark/openvino/install/runtime/include/openvino/core
-- Up-to-date: /home/chaofan/model_benchmark/benchmark/openvino/install/runtime/include/openvino/core/axis_set.hpp
-- Up-to-date: /home/chaofan/model_benchmark/benchmark/openvino/install/runtime/include/openvino/core/any.hpp
-- Up-to-date: /home/chaofan/model_benchmark/benchmark/openvino/install/runtime/include/openvino/core/type.hpp
-- Up-to-date: /home/chaofan/model_benchmark/benchmark/openvino/install/runtime/include/openvino/core/version.hpp
-- Up-to-date: /home/chaofan/model_benchmark/benchmark/openvino/install/runtime/include/openvino/core/runtime_attribute.hpp
-- Up-to-date: /home/chaofan/model_benchmark/benchmark/openvino/install/runtime/include/openvino/core/enum_names.hpp
-- Up-to-date: /home/chaofan/model_benchmark/benchmark/openvino/install/runtime/include/openvino/core/attribute_adapter.hpp
-- Up-to-date: /home/chaofan/model_benchmark/benchmark/openvino/install/runtime/include/openvino/core/node_input.hpp
-- Up-to-date: /home/chaofan/model_benchmark/benchmark/openvino/install/runtime/include/openvino/core/core.hpp
-- Up-to-date: /home/chaofan/model_benchmark/benchmark/openvino/install/runtime/include/openvino/core/dimension.hpp
-- Up-to-date: /home/chaofan/model_benchmark/benchmark/openvino/install/runtime/include/openvino/core/strides.hpp
-- Up-to-date: /home/chaofan/model_benchmark/benchmark/openvino/install/runtime/include/openvino/core/coordinate_diff.hpp
-- Up-to-date: /home/chaofan/model_benchmark/benchmark/openvino/install/runtime/include/openvino/core/visibility.hpp
-- Up-to-date: /home/chaofan/model_benchmark/benchmark/openvino/install/runtime/include/openvino/core/interval.hpp
-- Up-to-date: /home/chaofan/model_benchmark/benchmark/openvino/install/runtime/include/openvino/core/extension.hpp
-- Up-to-date: /home/chaofan/model_benchmark/benchmark/openvino/install/runtime/include/openvino/core/layout.hpp
-- Up-to-date: /home/chaofan/model_benchmark/benchmark/openvino/install/runtime/include/openvino/core/rtti.hpp
-- Up-to-date: /home/chaofan/model_benchmark/benchmark/openvino/install/runtime/include/openvino/core/symbol.hpp
-- Up-to-date: /home/chaofan/model_benchmark/benchmark/openvino/install/runtime/include/openvino/core/coordinate.hpp
-- Up-to-date: /home/chaofan/model_benchmark/benchmark/openvino/install/runtime/include/openvino/core/core_visibility.hpp
-- Up-to-date: /home/chaofan/model_benchmark/benchmark/openvino/install/runtime/include/openvino/core/enum_mask.hpp
-- Up-to-date: /home/chaofan/model_benchmark/benchmark/openvino/install/runtime/include/openvino/core/except.hpp
-- Up-to-date: /home/chaofan/model_benchmark/benchmark/openvino/install/runtime/include/openvino/core/log.hpp
-- Up-to-date: /home/chaofan/model_benchmark/benchmark/openvino/install/runtime/include/openvino/core/partial_shape.hpp
-- Up-to-date: /home/chaofan/model_benchmark/benchmark/openvino/install/runtime/include/openvino/core/type
-- Up-to-date: /home/chaofan/model_benchmark/benchmark/openvino/install/runtime/include/openvino/core/type/float4_e2m1.hpp
-- Up-to-date: /home/chaofan/model_benchmark/benchmark/openvino/install/runtime/include/openvino/core/type/float16.hpp
-- Up-to-date: /home/chaofan/model_benchmark/benchmark/openvino/install/runtime/include/openvino/core/type/element_type_traits.hpp
-- Up-to-date: /home/chaofan/model_benchmark/benchmark/openvino/install/runtime/include/openvino/core/type/float8_e4m3.hpp
-- Up-to-date: /home/chaofan/model_benchmark/benchmark/openvino/install/runtime/include/openvino/core/type/float8_e8m0.hpp
-- Up-to-date: /home/chaofan/model_benchmark/benchmark/openvino/install/runtime/include/openvino/core/type/bfloat16.hpp
-- Up-to-date: /home/chaofan/model_benchmark/benchmark/openvino/install/runtime/include/openvino/core/type/element_type.hpp
-- Up-to-date: /home/chaofan/model_benchmark/benchmark/openvino/install/runtime/include/openvino/core/type/float8_e5m2.hpp
-- Up-to-date: /home/chaofan/model_benchmark/benchmark/openvino/install/runtime/include/openvino/core/axis_vector.hpp
-- Up-to-date: /home/chaofan/model_benchmark/benchmark/openvino/install/runtime/include/openvino/core/parallel.hpp
-- Up-to-date: /home/chaofan/model_benchmark/benchmark/openvino/install/runtime/include/openvino/core/graph_util.hpp
-- Up-to-date: /home/chaofan/model_benchmark/benchmark/openvino/install/runtime/include/openvino/core/rt_info.hpp
-- Up-to-date: /home/chaofan/model_benchmark/benchmark/openvino/install/runtime/include/openvino/core/op_extension.hpp
-- Up-to-date: /home/chaofan/model_benchmark/benchmark/openvino/install/runtime/include/openvino/core/model.hpp
-- Up-to-date: /home/chaofan/model_benchmark/benchmark/openvino/install/runtime/include/openvino/core/attribute_visitor.hpp
-- Up-to-date: /home/chaofan/model_benchmark/benchmark/openvino/install/runtime/include/openvino/core/node_output.hpp
-- Up-to-date: /home/chaofan/model_benchmark/benchmark/openvino/install/runtime/include/openvino/core/descriptor
-- Up-to-date: /home/chaofan/model_benchmark/benchmark/openvino/install/runtime/include/openvino/core/descriptor/input.hpp
-- Up-to-date: /home/chaofan/model_benchmark/benchmark/openvino/install/runtime/include/openvino/core/descriptor/output.hpp
-- Up-to-date: /home/chaofan/model_benchmark/benchmark/openvino/install/runtime/include/openvino/core/descriptor/tensor.hpp
-- Up-to-date: /home/chaofan/model_benchmark/benchmark/openvino/install/runtime/include/openvino/core/preprocess
-- Up-to-date: /home/chaofan/model_benchmark/benchmark/openvino/install/runtime/include/openvino/core/preprocess/output_info.hpp
-- Up-to-date: /home/chaofan/model_benchmark/benchmark/openvino/install/runtime/include/openvino/core/preprocess/output_tensor_info.hpp
-- Up-to-date: /home/chaofan/model_benchmark/benchmark/openvino/install/runtime/include/openvino/core/preprocess/input_info.hpp
-- Up-to-date: /home/chaofan/model_benchmark/benchmark/openvino/install/runtime/include/openvino/core/preprocess/output_model_info.hpp
-- Up-to-date: /home/chaofan/model_benchmark/benchmark/openvino/install/runtime/include/openvino/core/preprocess/input_tensor_info.hpp
-- Up-to-date: /home/chaofan/model_benchmark/benchmark/openvino/install/runtime/include/openvino/core/preprocess/pre_post_process.hpp
-- Up-to-date: /home/chaofan/model_benchmark/benchmark/openvino/install/runtime/include/openvino/core/preprocess/resize_algorithm.hpp
-- Up-to-date: /home/chaofan/model_benchmark/benchmark/openvino/install/runtime/include/openvino/core/preprocess/preprocess_steps.hpp
-- Up-to-date: /home/chaofan/model_benchmark/benchmark/openvino/install/runtime/include/openvino/core/preprocess/postprocess_steps.hpp
-- Up-to-date: /home/chaofan/model_benchmark/benchmark/openvino/install/runtime/include/openvino/core/preprocess/input_model_info.hpp
-- Up-to-date: /home/chaofan/model_benchmark/benchmark/openvino/install/runtime/include/openvino/core/preprocess/padding_mode.hpp
-- Up-to-date: /home/chaofan/model_benchmark/benchmark/openvino/install/runtime/include/openvino/core/preprocess/color_format.hpp
-- Up-to-date: /home/chaofan/model_benchmark/benchmark/openvino/install/runtime/include/openvino/core/node_vector.hpp
-- Up-to-date: /home/chaofan/model_benchmark/benchmark/openvino/install/runtime/include/openvino/core/deprecated.hpp
-- Up-to-date: /home/chaofan/model_benchmark/benchmark/openvino/install/runtime/include/openvino/core/shape.hpp
-- Up-to-date: /home/chaofan/model_benchmark/benchmark/openvino/install/runtime/include/openvino/core/rank.hpp
-- Up-to-date: /home/chaofan/model_benchmark/benchmark/openvino/install/runtime/include/openvino/core/node.hpp
-- Up-to-date: /home/chaofan/model_benchmark/benchmark/openvino/install/runtime/include/openvino
-- Up-to-date: /home/chaofan/model_benchmark/benchmark/openvino/install/runtime/include/openvino/frontend
-- Up-to-date: /home/chaofan/model_benchmark/benchmark/openvino/install/runtime/include/openvino/frontend/sequence_at.hpp
-- Up-to-date: /home/chaofan/model_benchmark/benchmark/openvino/install/runtime/include/openvino/frontend/sequence_mark.hpp
-- Up-to-date: /home/chaofan/model_benchmark/benchmark/openvino/install/runtime/include/openvino/frontend/extension
-- Up-to-date: /home/chaofan/model_benchmark/benchmark/openvino/install/runtime/include/openvino/frontend/extension/op.hpp
-- Up-to-date: /home/chaofan/model_benchmark/benchmark/openvino/install/runtime/include/openvino/frontend/extension/conversion.hpp
-- Up-to-date: /home/chaofan/model_benchmark/benchmark/openvino/install/runtime/include/openvino/frontend/extension/telemetry.hpp
-- Up-to-date: /home/chaofan/model_benchmark/benchmark/openvino/install/runtime/include/openvino/frontend/extension/decoder_transformation.hpp
-- Up-to-date: /home/chaofan/model_benchmark/benchmark/openvino/install/runtime/include/openvino/frontend/extension/progress_reporter.hpp
-- Up-to-date: /home/chaofan/model_benchmark/benchmark/openvino/install/runtime/include/openvino/frontend/extension/holder.hpp
-- Up-to-date: /home/chaofan/model_benchmark/benchmark/openvino/install/runtime/include/openvino/frontend/input_model.hpp
-- Up-to-date: /home/chaofan/model_benchmark/benchmark/openvino/install/runtime/include/openvino/frontend/sequence_erase.hpp
-- Up-to-date: /home/chaofan/model_benchmark/benchmark/openvino/install/runtime/include/openvino/frontend/sequence_length.hpp
-- Up-to-date: /home/chaofan/model_benchmark/benchmark/openvino/install/runtime/include/openvino/frontend/manager.hpp
-- Up-to-date: /home/chaofan/model_benchmark/benchmark/openvino/install/runtime/include/openvino/frontend/place.hpp
-- Up-to-date: /home/chaofan/model_benchmark/benchmark/openvino/install/runtime/include/openvino/frontend/complex_type_mark.hpp
-- Up-to-date: /home/chaofan/model_benchmark/benchmark/openvino/install/runtime/include/openvino/frontend/exception.hpp
-- Up-to-date: /home/chaofan/model_benchmark/benchmark/openvino/install/runtime/include/openvino/frontend/visibility.hpp
-- Up-to-date: /home/chaofan/model_benchmark/benchmark/openvino/install/runtime/include/openvino/frontend/extension.hpp
-- Up-to-date: /home/chaofan/model_benchmark/benchmark/openvino/install/runtime/include/openvino/frontend/concat_from_sequence.hpp
-- Up-to-date: /home/chaofan/model_benchmark/benchmark/openvino/install/runtime/include/openvino/frontend/node_context.hpp
-- Up-to-date: /home/chaofan/model_benchmark/benchmark/openvino/install/runtime/include/openvino/frontend/variable.hpp
-- Up-to-date: /home/chaofan/model_benchmark/benchmark/openvino/install/runtime/include/openvino/frontend/graph_iterator.hpp
-- Up-to-date: /home/chaofan/model_benchmark/benchmark/openvino/install/runtime/include/openvino/frontend/sequence_insert.hpp
-- Up-to-date: /home/chaofan/model_benchmark/benchmark/openvino/install/runtime/include/openvino/frontend/frontend.hpp
-- Up-to-date: /home/chaofan/model_benchmark/benchmark/openvino/install/runtime/include/openvino/frontend/decoder.hpp
-- Up-to-date: /home/chaofan/model_benchmark/benchmark/openvino/install/runtime/include/openvino/frontend/hash_table.hpp
-- Up-to-date: /home/chaofan/model_benchmark/benchmark/openvino/install/runtime/lib/intel64/libopenvino_ir_frontend.so.2026.3.0
-- Up-to-date: /home/chaofan/model_benchmark/benchmark/openvino/install/runtime/lib/intel64/libopenvino_ir_frontend.so.2630
-- Up-to-date: /home/chaofan/model_benchmark/benchmark/openvino/install/runtime/lib/intel64/libopenvino_onnx_frontend.so.2026.3.0
-- Up-to-date: /home/chaofan/model_benchmark/benchmark/openvino/install/runtime/lib/intel64/libopenvino_onnx_frontend.so.2630
-- Up-to-date: /home/chaofan/model_benchmark/benchmark/openvino/install/runtime/lib/intel64/libopenvino_onnx_frontend.so
-- Up-to-date: /home/chaofan/model_benchmark/benchmark/openvino/install/runtime/include/openvino
-- Up-to-date: /home/chaofan/model_benchmark/benchmark/openvino/install/runtime/include/openvino/frontend
-- Up-to-date: /home/chaofan/model_benchmark/benchmark/openvino/install/runtime/include/openvino/frontend/onnx
-- Up-to-date: /home/chaofan/model_benchmark/benchmark/openvino/install/runtime/include/openvino/frontend/onnx/extension
-- Up-to-date: /home/chaofan/model_benchmark/benchmark/openvino/install/runtime/include/openvino/frontend/onnx/extension/op.hpp
-- Up-to-date: /home/chaofan/model_benchmark/benchmark/openvino/install/runtime/include/openvino/frontend/onnx/extension/conversion.hpp
-- Up-to-date: /home/chaofan/model_benchmark/benchmark/openvino/install/runtime/include/openvino/frontend/onnx/visibility.hpp
-- Up-to-date: /home/chaofan/model_benchmark/benchmark/openvino/install/runtime/include/openvino/frontend/onnx/node_context.hpp
-- Up-to-date: /home/chaofan/model_benchmark/benchmark/openvino/install/runtime/include/openvino/frontend/onnx/graph_iterator.hpp
-- Up-to-date: /home/chaofan/model_benchmark/benchmark/openvino/install/runtime/include/openvino/frontend/onnx/frontend.hpp
-- Up-to-date: /home/chaofan/model_benchmark/benchmark/openvino/install/runtime/include/openvino/frontend/onnx/decoder.hpp
-- Up-to-date: /home/chaofan/model_benchmark/benchmark/openvino/install/runtime/lib/intel64/libopenvino_pytorch_frontend.so.2026.3.0
-- Up-to-date: /home/chaofan/model_benchmark/benchmark/openvino/install/runtime/lib/intel64/libopenvino_pytorch_frontend.so.2630
-- Up-to-date: /home/chaofan/model_benchmark/benchmark/openvino/install/runtime/lib/intel64/libopenvino_pytorch_frontend.so
-- Up-to-date: /home/chaofan/model_benchmark/benchmark/openvino/install/runtime/include/openvino
-- Up-to-date: /home/chaofan/model_benchmark/benchmark/openvino/install/runtime/include/openvino/frontend
-- Up-to-date: /home/chaofan/model_benchmark/benchmark/openvino/install/runtime/include/openvino/frontend/pytorch
-- Up-to-date: /home/chaofan/model_benchmark/benchmark/openvino/install/runtime/include/openvino/frontend/pytorch/extension
-- Up-to-date: /home/chaofan/model_benchmark/benchmark/openvino/install/runtime/include/openvino/frontend/pytorch/extension/op.hpp
-- Up-to-date: /home/chaofan/model_benchmark/benchmark/openvino/install/runtime/include/openvino/frontend/pytorch/extension/conversion.hpp
-- Up-to-date: /home/chaofan/model_benchmark/benchmark/openvino/install/runtime/include/openvino/frontend/pytorch/visibility.hpp
-- Up-to-date: /home/chaofan/model_benchmark/benchmark/openvino/install/runtime/include/openvino/frontend/pytorch/node_context.hpp
-- Up-to-date: /home/chaofan/model_benchmark/benchmark/openvino/install/runtime/include/openvino/frontend/pytorch/frontend.hpp
-- Up-to-date: /home/chaofan/model_benchmark/benchmark/openvino/install/runtime/include/openvino/frontend/pytorch/decoder.hpp
-- Up-to-date: /home/chaofan/model_benchmark/benchmark/openvino/install/runtime/lib/intel64/libopenvino_tensorflow_frontend.so.2026.3.0
-- Up-to-date: /home/chaofan/model_benchmark/benchmark/openvino/install/runtime/lib/intel64/libopenvino_tensorflow_frontend.so.2630
-- Up-to-date: /home/chaofan/model_benchmark/benchmark/openvino/install/runtime/lib/intel64/libopenvino_tensorflow_frontend.so
-- Up-to-date: /home/chaofan/model_benchmark/benchmark/openvino/install/runtime/include/openvino
-- Up-to-date: /home/chaofan/model_benchmark/benchmark/openvino/install/runtime/include/openvino/frontend
-- Up-to-date: /home/chaofan/model_benchmark/benchmark/openvino/install/runtime/include/openvino/frontend/tensorflow
-- Up-to-date: /home/chaofan/model_benchmark/benchmark/openvino/install/runtime/include/openvino/frontend/tensorflow/extension
-- Up-to-date: /home/chaofan/model_benchmark/benchmark/openvino/install/runtime/include/openvino/frontend/tensorflow/extension/op.hpp
-- Up-to-date: /home/chaofan/model_benchmark/benchmark/openvino/install/runtime/include/openvino/frontend/tensorflow/extension/conversion.hpp
-- Up-to-date: /home/chaofan/model_benchmark/benchmark/openvino/install/runtime/include/openvino/frontend/tensorflow/exception.hpp
-- Up-to-date: /home/chaofan/model_benchmark/benchmark/openvino/install/runtime/include/openvino/frontend/tensorflow/visibility.hpp
-- Up-to-date: /home/chaofan/model_benchmark/benchmark/openvino/install/runtime/include/openvino/frontend/tensorflow/node_context.hpp
-- Up-to-date: /home/chaofan/model_benchmark/benchmark/openvino/install/runtime/include/openvino/frontend/tensorflow/special_types.hpp
-- Up-to-date: /home/chaofan/model_benchmark/benchmark/openvino/install/runtime/include/openvino/frontend/tensorflow/variable.hpp
-- Up-to-date: /home/chaofan/model_benchmark/benchmark/openvino/install/runtime/include/openvino/frontend/tensorflow/graph_iterator.hpp
-- Up-to-date: /home/chaofan/model_benchmark/benchmark/openvino/install/runtime/include/openvino/frontend/tensorflow/frontend.hpp
-- Up-to-date: /home/chaofan/model_benchmark/benchmark/openvino/install/runtime/include/openvino/frontend/tensorflow/variables_map.hpp
-- Up-to-date: /home/chaofan/model_benchmark/benchmark/openvino/install/runtime/include/openvino/frontend/tensorflow/decoder.hpp
-- Up-to-date: /home/chaofan/model_benchmark/benchmark/openvino/install/runtime/include/openvino/frontend/tensorflow/hash_table.hpp
-- Up-to-date: /home/chaofan/model_benchmark/benchmark/openvino/install/runtime/lib/intel64/libopenvino_tensorflow_lite_frontend.so.2026.3.0
-- Up-to-date: /home/chaofan/model_benchmark/benchmark/openvino/install/runtime/lib/intel64/libopenvino_tensorflow_lite_frontend.so.2630
-- Up-to-date: /home/chaofan/model_benchmark/benchmark/openvino/install/runtime/lib/intel64/libopenvino_tensorflow_lite_frontend.so
-- Up-to-date: /home/chaofan/model_benchmark/benchmark/openvino/install/runtime/include/openvino
-- Up-to-date: /home/chaofan/model_benchmark/benchmark/openvino/install/runtime/include/openvino/frontend
-- Up-to-date: /home/chaofan/model_benchmark/benchmark/openvino/install/runtime/include/openvino/frontend/tensorflow_lite
-- Up-to-date: /home/chaofan/model_benchmark/benchmark/openvino/install/runtime/include/openvino/frontend/tensorflow_lite/extension
-- Up-to-date: /home/chaofan/model_benchmark/benchmark/openvino/install/runtime/include/openvino/frontend/tensorflow_lite/extension/op.hpp
-- Up-to-date: /home/chaofan/model_benchmark/benchmark/openvino/install/runtime/include/openvino/frontend/tensorflow_lite/extension/conversion.hpp
-- Up-to-date: /home/chaofan/model_benchmark/benchmark/openvino/install/runtime/include/openvino/frontend/tensorflow_lite/visibility.hpp
-- Up-to-date: /home/chaofan/model_benchmark/benchmark/openvino/install/runtime/include/openvino/frontend/tensorflow_lite/node_context.hpp
-- Up-to-date: /home/chaofan/model_benchmark/benchmark/openvino/install/runtime/include/openvino/frontend/tensorflow_lite/quantization_info.hpp
-- Up-to-date: /home/chaofan/model_benchmark/benchmark/openvino/install/runtime/include/openvino/frontend/tensorflow_lite/graph_iterator.hpp
-- Up-to-date: /home/chaofan/model_benchmark/benchmark/openvino/install/runtime/include/openvino/frontend/tensorflow_lite/frontend.hpp
-- Up-to-date: /home/chaofan/model_benchmark/benchmark/openvino/install/runtime/include/openvino/frontend/tensorflow_lite/sparsity_info.hpp
-- Up-to-date: /home/chaofan/model_benchmark/benchmark/openvino/install/runtime/include/openvino/frontend/tensorflow_lite/decoder.hpp
-- Up-to-date: /home/chaofan/model_benchmark/benchmark/openvino/install/runtime/lib/intel64/libopenvino_paddle_frontend.so.2026.3.0
-- Up-to-date: /home/chaofan/model_benchmark/benchmark/openvino/install/runtime/lib/intel64/libopenvino_paddle_frontend.so.2630
-- Up-to-date: /home/chaofan/model_benchmark/benchmark/openvino/install/runtime/lib/intel64/libopenvino_paddle_frontend.so
-- Up-to-date: /home/chaofan/model_benchmark/benchmark/openvino/install/runtime/include/openvino
-- Up-to-date: /home/chaofan/model_benchmark/benchmark/openvino/install/runtime/include/openvino/frontend
-- Up-to-date: /home/chaofan/model_benchmark/benchmark/openvino/install/runtime/include/openvino/frontend/paddle
-- Up-to-date: /home/chaofan/model_benchmark/benchmark/openvino/install/runtime/include/openvino/frontend/paddle/extension
-- Up-to-date: /home/chaofan/model_benchmark/benchmark/openvino/install/runtime/include/openvino/frontend/paddle/extension/op.hpp
-- Up-to-date: /home/chaofan/model_benchmark/benchmark/openvino/install/runtime/include/openvino/frontend/paddle/extension/conversion.hpp
-- Up-to-date: /home/chaofan/model_benchmark/benchmark/openvino/install/runtime/include/openvino/frontend/paddle/exception.hpp
-- Up-to-date: /home/chaofan/model_benchmark/benchmark/openvino/install/runtime/include/openvino/frontend/paddle/visibility.hpp
-- Up-to-date: /home/chaofan/model_benchmark/benchmark/openvino/install/runtime/include/openvino/frontend/paddle/node_context.hpp
-- Up-to-date: /home/chaofan/model_benchmark/benchmark/openvino/install/runtime/include/openvino/frontend/paddle/frontend.hpp
-- Up-to-date: /home/chaofan/model_benchmark/benchmark/openvino/install/runtime/include/openvino/frontend/paddle/decoder.hpp
-- Up-to-date: /home/chaofan/model_benchmark/benchmark/openvino/install/runtime/lib/intel64/libopenvino_auto_plugin.so
-- Up-to-date: /home/chaofan/model_benchmark/benchmark/openvino/install/runtime/lib/intel64/libopenvino_auto_batch_plugin.so
-- Up-to-date: /home/chaofan/model_benchmark/benchmark/openvino/install/runtime/lib/intel64/libopenvino_hetero_plugin.so
-- Up-to-date: /home/chaofan/model_benchmark/benchmark/openvino/install/runtime/lib/intel64/libopenvino_intel_cpu_plugin.so
-- Up-to-date: /home/chaofan/model_benchmark/benchmark/openvino/install/runtime/lib/intel64/cache.json
-- Installing: /home/chaofan/model_benchmark/benchmark/openvino/install/runtime/lib/intel64/libopenvino_intel_gpu_plugin.so
-- Set non-toolchain portion of runtime path of "/home/chaofan/model_benchmark/benchmark/openvino/install/runtime/lib/intel64/libopenvino_intel_gpu_plugin.so" to ""
-- Up-to-date: /home/chaofan/model_benchmark/benchmark/openvino/install/runtime/lib/intel64/libopenvino_intel_npu_compiler.so
-- Up-to-date: /home/chaofan/model_benchmark/benchmark/openvino/install/runtime/lib/intel64/libopenvino_intel_npu_compiler_loader.so
-- Up-to-date: /home/chaofan/model_benchmark/benchmark/openvino/install/runtime/lib/intel64/libopenvino_intel_npu_vm_runtime.so
-- Up-to-date: /home/chaofan/model_benchmark/benchmark/openvino/install/runtime/lib/intel64/libopenvino_intel_npu_plugin.so
-- Up-to-date: /home/chaofan/model_benchmark/benchmark/openvino/install/tools/compile_tool/compile_tool
-- Up-to-date: /home/chaofan/model_benchmark/benchmark/openvino/install/tools/compile_tool/README.md
-- Up-to-date: /home/chaofan/model_benchmark/benchmark/openvino/install/runtime/include
-- Up-to-date: /home/chaofan/model_benchmark/benchmark/openvino/install/runtime/include/openvino
-- Up-to-date: /home/chaofan/model_benchmark/benchmark/openvino/install/runtime/include/openvino/openvino.hpp
-- Up-to-date: /home/chaofan/model_benchmark/benchmark/openvino/install/runtime/include/openvino/runtime
-- Up-to-date: /home/chaofan/model_benchmark/benchmark/openvino/install/runtime/include/openvino/runtime/intel_cpu
-- Up-to-date: /home/chaofan/model_benchmark/benchmark/openvino/install/runtime/include/openvino/runtime/intel_cpu/properties.hpp
-- Up-to-date: /home/chaofan/model_benchmark/benchmark/openvino/install/runtime/include/openvino/runtime/profiling_info.hpp
-- Up-to-date: /home/chaofan/model_benchmark/benchmark/openvino/install/runtime/include/openvino/runtime/common.hpp
-- Up-to-date: /home/chaofan/model_benchmark/benchmark/openvino/install/runtime/include/openvino/runtime/core.hpp
-- Up-to-date: /home/chaofan/model_benchmark/benchmark/openvino/install/runtime/include/openvino/runtime/exception.hpp
-- Up-to-date: /home/chaofan/model_benchmark/benchmark/openvino/install/runtime/include/openvino/runtime/remote_tensor.hpp
-- Up-to-date: /home/chaofan/model_benchmark/benchmark/openvino/install/runtime/include/openvino/runtime/intel_gpu
-- Up-to-date: /home/chaofan/model_benchmark/benchmark/openvino/install/runtime/include/openvino/runtime/intel_gpu/remote_properties.hpp
-- Up-to-date: /home/chaofan/model_benchmark/benchmark/openvino/install/runtime/include/openvino/runtime/intel_gpu/ocl
-- Up-to-date: /home/chaofan/model_benchmark/benchmark/openvino/install/runtime/include/openvino/runtime/intel_gpu/ocl/dx.hpp
-- Up-to-date: /home/chaofan/model_benchmark/benchmark/openvino/install/runtime/include/openvino/runtime/intel_gpu/ocl/ocl.hpp
-- Up-to-date: /home/chaofan/model_benchmark/benchmark/openvino/install/runtime/include/openvino/runtime/intel_gpu/ocl/ocl_wrapper.hpp
-- Up-to-date: /home/chaofan/model_benchmark/benchmark/openvino/install/runtime/include/openvino/runtime/intel_gpu/ocl/va.hpp
-- Up-to-date: /home/chaofan/model_benchmark/benchmark/openvino/install/runtime/include/openvino/runtime/intel_gpu/properties.hpp
-- Up-to-date: /home/chaofan/model_benchmark/benchmark/openvino/install/runtime/include/openvino/runtime/infer_request.hpp
-- Up-to-date: /home/chaofan/model_benchmark/benchmark/openvino/install/runtime/include/openvino/runtime/variable_state.hpp
-- Up-to-date: /home/chaofan/model_benchmark/benchmark/openvino/install/runtime/include/openvino/runtime/runtime.hpp
-- Up-to-date: /home/chaofan/model_benchmark/benchmark/openvino/install/runtime/include/openvino/runtime/intel_npu
-- Up-to-date: /home/chaofan/model_benchmark/benchmark/openvino/install/runtime/include/openvino/runtime/intel_npu/remote_properties.hpp
-- Up-to-date: /home/chaofan/model_benchmark/benchmark/openvino/install/runtime/include/openvino/runtime/intel_npu/level_zero
-- Up-to-date: /home/chaofan/model_benchmark/benchmark/openvino/install/runtime/include/openvino/runtime/intel_npu/level_zero/level_zero.hpp
-- Up-to-date: /home/chaofan/model_benchmark/benchmark/openvino/install/runtime/include/openvino/runtime/intel_npu/properties.hpp
-- Up-to-date: /home/chaofan/model_benchmark/benchmark/openvino/install/runtime/include/openvino/runtime/compiled_model.hpp
-- Up-to-date: /home/chaofan/model_benchmark/benchmark/openvino/install/runtime/include/openvino/runtime/remote_context.hpp
-- Up-to-date: /home/chaofan/model_benchmark/benchmark/openvino/install/runtime/include/openvino/runtime/properties.hpp
-- Up-to-date: /home/chaofan/model_benchmark/benchmark/openvino/install/runtime/include/openvino/runtime/auto
-- Up-to-date: /home/chaofan/model_benchmark/benchmark/openvino/install/runtime/include/openvino/runtime/auto/properties.hpp
-- Up-to-date: /home/chaofan/model_benchmark/benchmark/openvino/install/runtime/lib/intel64/libopenvino.so.2026.3.0
-- Up-to-date: /home/chaofan/model_benchmark/benchmark/openvino/install/runtime/lib/intel64/libopenvino.so.2630
-- Up-to-date: /home/chaofan/model_benchmark/benchmark/openvino/install/runtime/lib/intel64/libopenvino.so
-- Up-to-date: /home/chaofan/model_benchmark/benchmark/openvino/install/runtime/cmake/OpenVINOTargets.cmake
-- Up-to-date: /home/chaofan/model_benchmark/benchmark/openvino/install/runtime/cmake/OpenVINOTargets-release.cmake
-- Up-to-date: /home/chaofan/model_benchmark/benchmark/openvino/install/runtime/cmake/OpenVINOConfig.cmake
-- Up-to-date: /home/chaofan/model_benchmark/benchmark/openvino/install/runtime/cmake/OpenVINOConfig-version.cmake
-- Up-to-date: /home/chaofan/model_benchmark/benchmark/openvino/install/runtime/lib/intel64/pkgconfig/openvino.pc
-- Up-to-date: /home/chaofan/model_benchmark/benchmark/openvino/install/runtime/lib/intel64/libopenvino_c.so.2026.3.0
-- Up-to-date: /home/chaofan/model_benchmark/benchmark/openvino/install/runtime/lib/intel64/libopenvino_c.so.2630
-- Up-to-date: /home/chaofan/model_benchmark/benchmark/openvino/install/runtime/lib/intel64/libopenvino_c.so
-- Up-to-date: /home/chaofan/model_benchmark/benchmark/openvino/install/runtime/include/openvino
-- Up-to-date: /home/chaofan/model_benchmark/benchmark/openvino/install/runtime/include/openvino/c
-- Up-to-date: /home/chaofan/model_benchmark/benchmark/openvino/install/runtime/include/openvino/c/ov_compiled_model.h
-- Up-to-date: /home/chaofan/model_benchmark/benchmark/openvino/install/runtime/include/openvino/c/ov_common.h
-- Up-to-date: /home/chaofan/model_benchmark/benchmark/openvino/install/runtime/include/openvino/c/ov_util.h
-- Up-to-date: /home/chaofan/model_benchmark/benchmark/openvino/install/runtime/include/openvino/c/ov_property.h
-- Up-to-date: /home/chaofan/model_benchmark/benchmark/openvino/install/runtime/include/openvino/c/ov_core.h
-- Up-to-date: /home/chaofan/model_benchmark/benchmark/openvino/install/runtime/include/openvino/c/ov_prepostprocess.h
-- Up-to-date: /home/chaofan/model_benchmark/benchmark/openvino/install/runtime/include/openvino/c/ov_infer_request.h
-- Up-to-date: /home/chaofan/model_benchmark/benchmark/openvino/install/runtime/include/openvino/c/ov_partial_shape.h
-- Up-to-date: /home/chaofan/model_benchmark/benchmark/openvino/install/runtime/include/openvino/c/ov_shape.h
-- Up-to-date: /home/chaofan/model_benchmark/benchmark/openvino/install/runtime/include/openvino/c/openvino.h
-- Up-to-date: /home/chaofan/model_benchmark/benchmark/openvino/install/runtime/include/openvino/c/ov_tensor.h
-- Up-to-date: /home/chaofan/model_benchmark/benchmark/openvino/install/runtime/include/openvino/c/ov_node.h
-- Up-to-date: /home/chaofan/model_benchmark/benchmark/openvino/install/runtime/include/openvino/c/ov_remote_context.h
-- Up-to-date: /home/chaofan/model_benchmark/benchmark/openvino/install/runtime/include/openvino/c/ov_dimension.h
-- Up-to-date: /home/chaofan/model_benchmark/benchmark/openvino/install/runtime/include/openvino/c/deprecated.h
-- Up-to-date: /home/chaofan/model_benchmark/benchmark/openvino/install/runtime/include/openvino/c/ov_layout.h
-- Up-to-date: /home/chaofan/model_benchmark/benchmark/openvino/install/runtime/include/openvino/c/ov_rank.h
-- Up-to-date: /home/chaofan/model_benchmark/benchmark/openvino/install/runtime/include/openvino/c/ov_model.h
-- Up-to-date: /home/chaofan/model_benchmark/benchmark/openvino/install/runtime/include/openvino/c/gpu
-- Up-to-date: /home/chaofan/model_benchmark/benchmark/openvino/install/runtime/include/openvino/c/gpu/gpu_plugin_properties.h
-- Up-to-date: /home/chaofan/model_benchmark/benchmark/openvino/install/runtime/include/openvino/c/auto
-- Up-to-date: /home/chaofan/model_benchmark/benchmark/openvino/install/runtime/include/openvino/c/auto/properties.h
-- Up-to-date: /home/chaofan/model_benchmark/benchmark/openvino/install/samples/cpp
-- Up-to-date: /home/chaofan/model_benchmark/benchmark/openvino/install/samples/cpp/classification_sample_async
-- Up-to-date: /home/chaofan/model_benchmark/benchmark/openvino/install/samples/cpp/classification_sample_async/classification_sample_async.h
-- Up-to-date: /home/chaofan/model_benchmark/benchmark/openvino/install/samples/cpp/classification_sample_async/main.cpp
-- Up-to-date: /home/chaofan/model_benchmark/benchmark/openvino/install/samples/cpp/classification_sample_async/README.md
-- Up-to-date: /home/chaofan/model_benchmark/benchmark/openvino/install/samples/cpp/classification_sample_async/CMakeLists.txt
-- Up-to-date: /home/chaofan/model_benchmark/benchmark/openvino/install/samples/cpp/hello_classification
-- Up-to-date: /home/chaofan/model_benchmark/benchmark/openvino/install/samples/cpp/hello_classification/main.cpp
-- Up-to-date: /home/chaofan/model_benchmark/benchmark/openvino/install/samples/cpp/hello_classification/README.md
-- Up-to-date: /home/chaofan/model_benchmark/benchmark/openvino/install/samples/cpp/hello_classification/CMakeLists.txt
-- Up-to-date: /home/chaofan/model_benchmark/benchmark/openvino/install/samples/cpp/benchmark_app
-- Up-to-date: /home/chaofan/model_benchmark/benchmark/openvino/install/samples/cpp/benchmark_app/inputs_filling.cpp
-- Up-to-date: /home/chaofan/model_benchmark/benchmark/openvino/install/samples/cpp/benchmark_app/remote_tensors_filling.cpp
-- Up-to-date: /home/chaofan/model_benchmark/benchmark/openvino/install/samples/cpp/benchmark_app/statistics_report.cpp
-- Up-to-date: /home/chaofan/model_benchmark/benchmark/openvino/install/samples/cpp/benchmark_app/utils.hpp
-- Up-to-date: /home/chaofan/model_benchmark/benchmark/openvino/install/samples/cpp/benchmark_app/statistics_report.hpp
-- Up-to-date: /home/chaofan/model_benchmark/benchmark/openvino/install/samples/cpp/benchmark_app/infer_request_wrap.hpp
-- Up-to-date: /home/chaofan/model_benchmark/benchmark/openvino/install/samples/cpp/benchmark_app/main.cpp
-- Up-to-date: /home/chaofan/model_benchmark/benchmark/openvino/install/samples/cpp/benchmark_app/remote_tensors_filling.hpp
-- Up-to-date: /home/chaofan/model_benchmark/benchmark/openvino/install/samples/cpp/benchmark_app/README.md
-- Up-to-date: /home/chaofan/model_benchmark/benchmark/openvino/install/samples/cpp/benchmark_app/inputs_filling.hpp
-- Up-to-date: /home/chaofan/model_benchmark/benchmark/openvino/install/samples/cpp/benchmark_app/utils.cpp
-- Up-to-date: /home/chaofan/model_benchmark/benchmark/openvino/install/samples/cpp/benchmark_app/CMakeLists.txt
-- Up-to-date: /home/chaofan/model_benchmark/benchmark/openvino/install/samples/cpp/benchmark_app/benchmark_app.hpp
-- Up-to-date: /home/chaofan/model_benchmark/benchmark/openvino/install/samples/cpp/hello_nv12_input_classification
-- Up-to-date: /home/chaofan/model_benchmark/benchmark/openvino/install/samples/cpp/hello_nv12_input_classification/main.cpp
-- Up-to-date: /home/chaofan/model_benchmark/benchmark/openvino/install/samples/cpp/hello_nv12_input_classification/README.md
-- Up-to-date: /home/chaofan/model_benchmark/benchmark/openvino/install/samples/cpp/hello_nv12_input_classification/CMakeLists.txt
-- Up-to-date: /home/chaofan/model_benchmark/benchmark/openvino/install/samples/cpp/hello_query_device
-- Up-to-date: /home/chaofan/model_benchmark/benchmark/openvino/install/samples/cpp/hello_query_device/main.cpp
-- Up-to-date: /home/chaofan/model_benchmark/benchmark/openvino/install/samples/cpp/hello_query_device/README.md
-- Up-to-date: /home/chaofan/model_benchmark/benchmark/openvino/install/samples/cpp/hello_query_device/CMakeLists.txt
-- Up-to-date: /home/chaofan/model_benchmark/benchmark/openvino/install/samples/cpp/model_creation_sample
-- Up-to-date: /home/chaofan/model_benchmark/benchmark/openvino/install/samples/cpp/model_creation_sample/lenet.labels
-- Up-to-date: /home/chaofan/model_benchmark/benchmark/openvino/install/samples/cpp/model_creation_sample/lenet.bin
-- Up-to-date: /home/chaofan/model_benchmark/benchmark/openvino/install/samples/cpp/model_creation_sample/main.cpp
-- Up-to-date: /home/chaofan/model_benchmark/benchmark/openvino/install/samples/cpp/model_creation_sample/README.md
-- Up-to-date: /home/chaofan/model_benchmark/benchmark/openvino/install/samples/cpp/model_creation_sample/CMakeLists.txt
-- Up-to-date: /home/chaofan/model_benchmark/benchmark/openvino/install/samples/cpp/model_creation_sample/model_creation_sample.hpp
-- Up-to-date: /home/chaofan/model_benchmark/benchmark/openvino/install/samples/cpp/CMakeLists.txt
-- Up-to-date: /home/chaofan/model_benchmark/benchmark/openvino/install/samples/cpp/common
-- Up-to-date: /home/chaofan/model_benchmark/benchmark/openvino/install/samples/cpp/common/format_reader
-- Up-to-date: /home/chaofan/model_benchmark/benchmark/openvino/install/samples/cpp/common/format_reader/src
-- Up-to-date: /home/chaofan/model_benchmark/benchmark/openvino/install/samples/cpp/common/format_reader/src/register.h
-- Up-to-date: /home/chaofan/model_benchmark/benchmark/openvino/install/samples/cpp/common/format_reader/src/npy.h
-- Up-to-date: /home/chaofan/model_benchmark/benchmark/openvino/install/samples/cpp/common/format_reader/src/opencv_wrapper.cpp
-- Up-to-date: /home/chaofan/model_benchmark/benchmark/openvino/install/samples/cpp/common/format_reader/src/MnistUbyte.cpp
-- Up-to-date: /home/chaofan/model_benchmark/benchmark/openvino/install/samples/cpp/common/format_reader/src/yuv_nv12.h
-- Up-to-date: /home/chaofan/model_benchmark/benchmark/openvino/install/samples/cpp/common/format_reader/src/npy.cpp
-- Up-to-date: /home/chaofan/model_benchmark/benchmark/openvino/install/samples/cpp/common/format_reader/src/bmp.cpp
-- Up-to-date: /home/chaofan/model_benchmark/benchmark/openvino/install/samples/cpp/common/format_reader/src/bmp.h
-- Up-to-date: /home/chaofan/model_benchmark/benchmark/openvino/install/samples/cpp/common/format_reader/src/format_reader.cpp
-- Up-to-date: /home/chaofan/model_benchmark/benchmark/openvino/install/samples/cpp/common/format_reader/src/MnistUbyte.h
-- Up-to-date: /home/chaofan/model_benchmark/benchmark/openvino/install/samples/cpp/common/format_reader/src/opencv_wrapper.h
-- Up-to-date: /home/chaofan/model_benchmark/benchmark/openvino/install/samples/cpp/common/format_reader/src/yuv_nv12.cpp
-- Up-to-date: /home/chaofan/model_benchmark/benchmark/openvino/install/samples/cpp/common/format_reader/CMakeLists.txt
-- Up-to-date: /home/chaofan/model_benchmark/benchmark/openvino/install/samples/cpp/common/format_reader/include
-- Up-to-date: /home/chaofan/model_benchmark/benchmark/openvino/install/samples/cpp/common/format_reader/include/format_reader.h
-- Up-to-date: /home/chaofan/model_benchmark/benchmark/openvino/install/samples/cpp/common/format_reader/include/format_reader_ptr.h
-- Up-to-date: /home/chaofan/model_benchmark/benchmark/openvino/install/samples/cpp/common/utils
-- Up-to-date: /home/chaofan/model_benchmark/benchmark/openvino/install/samples/cpp/common/utils/src
-- Up-to-date: /home/chaofan/model_benchmark/benchmark/openvino/install/samples/cpp/common/utils/src/args_helper.cpp
-- Up-to-date: /home/chaofan/model_benchmark/benchmark/openvino/install/samples/cpp/common/utils/src/slog.cpp
-- Up-to-date: /home/chaofan/model_benchmark/benchmark/openvino/install/samples/cpp/common/utils/src/latency_metrics.cpp
-- Up-to-date: /home/chaofan/model_benchmark/benchmark/openvino/install/samples/cpp/common/utils/CMakeLists.txt
-- Up-to-date: /home/chaofan/model_benchmark/benchmark/openvino/install/samples/cpp/common/utils/include
-- Up-to-date: /home/chaofan/model_benchmark/benchmark/openvino/install/samples/cpp/common/utils/include/samples
-- Up-to-date: /home/chaofan/model_benchmark/benchmark/openvino/install/samples/cpp/common/utils/include/samples/os
-- Up-to-date: /home/chaofan/model_benchmark/benchmark/openvino/install/samples/cpp/common/utils/include/samples/os/windows
-- Up-to-date: /home/chaofan/model_benchmark/benchmark/openvino/install/samples/cpp/common/utils/include/samples/os/windows/w_dirent.h
-- Up-to-date: /home/chaofan/model_benchmark/benchmark/openvino/install/samples/cpp/common/utils/include/samples/common.hpp
-- Up-to-date: /home/chaofan/model_benchmark/benchmark/openvino/install/samples/cpp/common/utils/include/samples/args_helper.hpp
-- Up-to-date: /home/chaofan/model_benchmark/benchmark/openvino/install/samples/cpp/common/utils/include/samples/classification_results.h
-- Up-to-date: /home/chaofan/model_benchmark/benchmark/openvino/install/samples/cpp/common/utils/include/samples/slog.hpp
-- Up-to-date: /home/chaofan/model_benchmark/benchmark/openvino/install/samples/cpp/common/utils/include/samples/console_progress.hpp
-- Up-to-date: /home/chaofan/model_benchmark/benchmark/openvino/install/samples/cpp/common/utils/include/samples/csv_dumper.hpp
-- Up-to-date: /home/chaofan/model_benchmark/benchmark/openvino/install/samples/cpp/common/utils/include/samples/latency_metrics.hpp
-- Up-to-date: /home/chaofan/model_benchmark/benchmark/openvino/install/samples/cpp/common/CMakeLists.txt
-- Up-to-date: /home/chaofan/model_benchmark/benchmark/openvino/install/samples/cpp/hello_reshape_ssd
-- Up-to-date: /home/chaofan/model_benchmark/benchmark/openvino/install/samples/cpp/hello_reshape_ssd/main.cpp
-- Up-to-date: /home/chaofan/model_benchmark/benchmark/openvino/install/samples/cpp/hello_reshape_ssd/README.md
-- Up-to-date: /home/chaofan/model_benchmark/benchmark/openvino/install/samples/cpp/hello_reshape_ssd/CMakeLists.txt
-- Up-to-date: /home/chaofan/model_benchmark/benchmark/openvino/install/samples/cpp/benchmark
-- Up-to-date: /home/chaofan/model_benchmark/benchmark/openvino/install/samples/cpp/benchmark/sync_benchmark
-- Up-to-date: /home/chaofan/model_benchmark/benchmark/openvino/install/samples/cpp/benchmark/sync_benchmark/main.cpp
-- Up-to-date: /home/chaofan/model_benchmark/benchmark/openvino/install/samples/cpp/benchmark/sync_benchmark/README.md
-- Up-to-date: /home/chaofan/model_benchmark/benchmark/openvino/install/samples/cpp/benchmark/sync_benchmark/CMakeLists.txt
-- Up-to-date: /home/chaofan/model_benchmark/benchmark/openvino/install/samples/cpp/benchmark/throughput_benchmark
-- Up-to-date: /home/chaofan/model_benchmark/benchmark/openvino/install/samples/cpp/benchmark/throughput_benchmark/main.cpp
-- Up-to-date: /home/chaofan/model_benchmark/benchmark/openvino/install/samples/cpp/benchmark/throughput_benchmark/README.md
-- Up-to-date: /home/chaofan/model_benchmark/benchmark/openvino/install/samples/cpp/benchmark/throughput_benchmark/CMakeLists.txt
-- Up-to-date: /home/chaofan/model_benchmark/benchmark/openvino/install/samples/cpp/benchmark/CMakeLists.txt
-- Up-to-date: /home/chaofan/model_benchmark/benchmark/openvino/install/samples/cpp/build_samples.sh
-- Up-to-date: /home/chaofan/model_benchmark/benchmark/openvino/install/samples/c/build_samples.sh
-- Up-to-date: /home/chaofan/model_benchmark/benchmark/openvino/install/samples/c
-- Up-to-date: /home/chaofan/model_benchmark/benchmark/openvino/install/samples/c/hello_classification
-- Up-to-date: /home/chaofan/model_benchmark/benchmark/openvino/install/samples/c/hello_classification/infer_result_util.h
-- Up-to-date: /home/chaofan/model_benchmark/benchmark/openvino/install/samples/c/hello_classification/main.c
-- Up-to-date: /home/chaofan/model_benchmark/benchmark/openvino/install/samples/c/hello_classification/infer_result_util.c
-- Up-to-date: /home/chaofan/model_benchmark/benchmark/openvino/install/samples/c/hello_classification/README.md
-- Up-to-date: /home/chaofan/model_benchmark/benchmark/openvino/install/samples/c/hello_classification/CMakeLists.txt
-- Up-to-date: /home/chaofan/model_benchmark/benchmark/openvino/install/samples/c/hello_nv12_input_classification
-- Up-to-date: /home/chaofan/model_benchmark/benchmark/openvino/install/samples/c/hello_nv12_input_classification/main.c
-- Up-to-date: /home/chaofan/model_benchmark/benchmark/openvino/install/samples/c/hello_nv12_input_classification/README.md
-- Up-to-date: /home/chaofan/model_benchmark/benchmark/openvino/install/samples/c/hello_nv12_input_classification/CMakeLists.txt
-- Up-to-date: /home/chaofan/model_benchmark/benchmark/openvino/install/samples/c/common
-- Up-to-date: /home/chaofan/model_benchmark/benchmark/openvino/install/samples/c/common/sample_util
-- Up-to-date: /home/chaofan/model_benchmark/benchmark/openvino/install/samples/c/common/sample_util/src
-- Up-to-date: /home/chaofan/model_benchmark/benchmark/openvino/install/samples/c/common/sample_util/src/path_util.c
-- Up-to-date: /home/chaofan/model_benchmark/benchmark/openvino/install/samples/c/common/sample_util/CMakeLists.txt
-- Up-to-date: /home/chaofan/model_benchmark/benchmark/openvino/install/samples/c/common/sample_util/include
-- Up-to-date: /home/chaofan/model_benchmark/benchmark/openvino/install/samples/c/common/sample_util/include/samples_util
-- Up-to-date: /home/chaofan/model_benchmark/benchmark/openvino/install/samples/c/common/sample_util/include/samples_util/path_util.h
-- Up-to-date: /home/chaofan/model_benchmark/benchmark/openvino/install/samples/c/common/opencv_c_wrapper
-- Up-to-date: /home/chaofan/model_benchmark/benchmark/openvino/install/samples/c/common/opencv_c_wrapper/src
-- Up-to-date: /home/chaofan/model_benchmark/benchmark/openvino/install/samples/c/common/opencv_c_wrapper/src/bmp_reader.c
-- Up-to-date: /home/chaofan/model_benchmark/benchmark/openvino/install/samples/c/common/opencv_c_wrapper/src/opencv_c_wrapper.cpp
-- Up-to-date: /home/chaofan/model_benchmark/benchmark/openvino/install/samples/c/common/opencv_c_wrapper/src/bmp_reader.h
-- Up-to-date: /home/chaofan/model_benchmark/benchmark/openvino/install/samples/c/common/opencv_c_wrapper/CMakeLists.txt
-- Up-to-date: /home/chaofan/model_benchmark/benchmark/openvino/install/samples/c/common/opencv_c_wrapper/include
-- Up-to-date: /home/chaofan/model_benchmark/benchmark/openvino/install/samples/c/common/opencv_c_wrapper/include/opencv_c_wrapper.h
-- Up-to-date: /home/chaofan/model_benchmark/benchmark/openvino/install/samples/c/common/CMakeLists.txt
-- Up-to-date: /home/chaofan/model_benchmark/benchmark/openvino/install/samples/c/CMakeLists.txt
-- Up-to-date: /home/chaofan/model_benchmark/benchmark/openvino/install/samples/python
-- Up-to-date: /home/chaofan/model_benchmark/benchmark/openvino/install/samples/python/classification_sample_async
-- Up-to-date: /home/chaofan/model_benchmark/benchmark/openvino/install/samples/python/classification_sample_async/classification_sample_async.py
-- Up-to-date: /home/chaofan/model_benchmark/benchmark/openvino/install/samples/python/classification_sample_async/requirements.txt
-- Up-to-date: /home/chaofan/model_benchmark/benchmark/openvino/install/samples/python/classification_sample_async/README.md
-- Up-to-date: /home/chaofan/model_benchmark/benchmark/openvino/install/samples/python/hello_classification
-- Up-to-date: /home/chaofan/model_benchmark/benchmark/openvino/install/samples/python/hello_classification/hello_classification.py
-- Up-to-date: /home/chaofan/model_benchmark/benchmark/openvino/install/samples/python/hello_classification/requirements.txt
-- Up-to-date: /home/chaofan/model_benchmark/benchmark/openvino/install/samples/python/hello_classification/README.md
-- Up-to-date: /home/chaofan/model_benchmark/benchmark/openvino/install/samples/python/setup.cfg
-- Up-to-date: /home/chaofan/model_benchmark/benchmark/openvino/install/samples/python/hello_query_device
-- Up-to-date: /home/chaofan/model_benchmark/benchmark/openvino/install/samples/python/hello_query_device/README.md
-- Up-to-date: /home/chaofan/model_benchmark/benchmark/openvino/install/samples/python/hello_query_device/hello_query_device.py
-- Up-to-date: /home/chaofan/model_benchmark/benchmark/openvino/install/samples/python/model_creation_sample
-- Up-to-date: /home/chaofan/model_benchmark/benchmark/openvino/install/samples/python/model_creation_sample/lenet.bin
-- Up-to-date: /home/chaofan/model_benchmark/benchmark/openvino/install/samples/python/model_creation_sample/model_creation_sample.py
-- Up-to-date: /home/chaofan/model_benchmark/benchmark/openvino/install/samples/python/model_creation_sample/data.py
-- Up-to-date: /home/chaofan/model_benchmark/benchmark/openvino/install/samples/python/model_creation_sample/README.md
-- Up-to-date: /home/chaofan/model_benchmark/benchmark/openvino/install/samples/python/hello_reshape_ssd
-- Up-to-date: /home/chaofan/model_benchmark/benchmark/openvino/install/samples/python/hello_reshape_ssd/requirements.txt
-- Up-to-date: /home/chaofan/model_benchmark/benchmark/openvino/install/samples/python/hello_reshape_ssd/README.md
-- Up-to-date: /home/chaofan/model_benchmark/benchmark/openvino/install/samples/python/hello_reshape_ssd/hello_reshape_ssd.py
-- Up-to-date: /home/chaofan/model_benchmark/benchmark/openvino/install/samples/python/benchmark
-- Up-to-date: /home/chaofan/model_benchmark/benchmark/openvino/install/samples/python/benchmark/sync_benchmark
-- Up-to-date: /home/chaofan/model_benchmark/benchmark/openvino/install/samples/python/benchmark/sync_benchmark/README.md
-- Up-to-date: /home/chaofan/model_benchmark/benchmark/openvino/install/samples/python/benchmark/sync_benchmark/sync_benchmark.py
-- Up-to-date: /home/chaofan/model_benchmark/benchmark/openvino/install/samples/python/benchmark/throughput_benchmark
-- Up-to-date: /home/chaofan/model_benchmark/benchmark/openvino/install/samples/python/benchmark/throughput_benchmark/throughput_benchmark.py
-- Up-to-date: /home/chaofan/model_benchmark/benchmark/openvino/install/samples/python/benchmark/throughput_benchmark/README.md
-- Up-to-date: /home/chaofan/model_benchmark/benchmark/openvino/install/samples/python/benchmark/bert_benchmark
-- Up-to-date: /home/chaofan/model_benchmark/benchmark/openvino/install/samples/python/benchmark/bert_benchmark/bert_benchmark.py
-- Up-to-date: /home/chaofan/model_benchmark/benchmark/openvino/install/samples/python/benchmark/bert_benchmark/requirements.txt
-- Up-to-date: /home/chaofan/model_benchmark/benchmark/openvino/install/samples/python/benchmark/bert_benchmark/README.md
-- Up-to-date: /home/chaofan/model_benchmark/benchmark/openvino/install/./setupvars.sh
-- Up-to-date: /home/chaofan/model_benchmark/benchmark/openvino/install/install_dependencies/install_openvino_dependencies.sh
-- Up-to-date: /home/chaofan/model_benchmark/benchmark/openvino/install/licenses
-- Up-to-date: /home/chaofan/model_benchmark/benchmark/openvino/install/licenses/onetbb_third-party-programs.txt
-- Up-to-date: /home/chaofan/model_benchmark/benchmark/openvino/install/licenses/runtime-third-party-programs.txt
-- Up-to-date: /home/chaofan/model_benchmark/benchmark/openvino/install/licenses/onednn_third-party-programs.txt
d01f18233e415e49ed7b5c39bedef1f9683131be36805545186abed003ae8eff  /home/chaofan/model_benchmark/benchmark/openvino/qwen3.5_patch/results_1k512_highround_rerun_20260824/plugins/pa_opt3_opt4.so
=== opt3_opt4_opt5 ===
[  0%] Built target onednn_gpu_build
[  0%] Built target _ov_plugins_hpp
[  0%] Updating file if the file changed (/home/chaofan/model_benchmark/benchmark/openvino/build/src/plugins/intel_gpu/src/graph/impls/cm/codegen/include/gpu_cm_kernel_sources.inc) ...
[  0%] Built target run_ocl_codegen
[  0%] Built target ittnotify
[  0%] Built target openvino_shutdown
[  0%] Built target pugixml-static
[  0%] Built target openvino_shape_inference
[  0%] Built target run_cm_codegen
[  0%] Built target openvino_intel_gpu_common_obj
[  0%] Built target openvino_util
[  0%] Built target openvino_intel_gpu_onednn_obj
[  0%] Built target openvino_itt
[  2%] Built target openvino_intel_gpu_cpu_obj
[  2%] Built target openvino_intel_gpu_cm_obj
.
----------------------------------------------------------------------
Ran 1 test in 0.014s

OK
processing test_kernel.cl
[  2%] Built target run_codegen_test
[  2%] Built target openvino_proxy_plugin_obj
[  2%] Built target openvino_frontend_common_obj
[  5%] Built target openvino_reference
[  8%] Built target openvino_runtime_obj
[  8%] Built target openvino_core_obj_version
[ 11%] Built target openvino_intel_gpu_ocl_v2_obj
[ 16%] Built target openvino_lp_transformations_obj
[ 22%] Built target openvino_intel_gpu_ocl_obj
[ 38%] Built target openvino_transformations_obj
[ 58%] Built target openvino_core_obj
[ 58%] Built target openvino
[ 58%] Built target openvino_intel_gpu_runtime
[ 58%] Generating /home/chaofan/model_benchmark/benchmark/openvino/build/src/plugins/intel_gpu/src/kernel_selector/codegen/cache/ks_primitive_db.inc ...
processing /home/chaofan/model_benchmark/benchmark/openvino/src/plugins/intel_gpu/src/kernel_selector/cl_kernels/broadcast_gpu_ref.cl
processing /home/chaofan/model_benchmark/benchmark/openvino/src/plugins/intel_gpu/src/kernel_selector/cl_kernels/gather_ref.cl
processing /home/chaofan/model_benchmark/benchmark/openvino/src/plugins/intel_gpu/src/kernel_selector/cl_kernels/reduce_simple_to_scalar.cl
processing /home/chaofan/model_benchmark/benchmark/openvino/src/plugins/intel_gpu/src/kernel_selector/cl_kernels/convolution_gpu_imad.cl
processing /home/chaofan/model_benchmark/benchmark/openvino/src/plugins/intel_gpu/src/kernel_selector/cl_kernels/pooling_gpu_byxf_padding_opt.cl
processing /home/chaofan/model_benchmark/benchmark/openvino/src/plugins/intel_gpu/src/kernel_selector/cl_kernels/fully_connected_gpu_fb_io_ref.cl
processing /home/chaofan/model_benchmark/benchmark/openvino/src/plugins/intel_gpu/src/kernel_selector/cl_kernels/pooling_gpu_int8_ref.cl
processing /home/chaofan/model_benchmark/benchmark/openvino/src/plugins/intel_gpu/src/kernel_selector/cl_kernels/convolution_gpu_bfyx_1x1.cl
processing /home/chaofan/model_benchmark/benchmark/openvino/src/plugins/intel_gpu/src/kernel_selector/cl_kernels/one_hot_ref.cl
processing /home/chaofan/model_benchmark/benchmark/openvino/src/plugins/intel_gpu/src/kernel_selector/cl_kernels/eltwise_simple_vload8.cl
processing /home/chaofan/model_benchmark/benchmark/openvino/src/plugins/intel_gpu/src/kernel_selector/cl_kernels/convolution_gpu_bfyx_depthwise_weights_lwg.cl
processing /home/chaofan/model_benchmark/benchmark/openvino/src/plugins/intel_gpu/src/kernel_selector/cl_kernels/convolution_gpu_fs_byx_fsv32_depthwise.cl
processing /home/chaofan/model_benchmark/benchmark/openvino/src/plugins/intel_gpu/src/kernel_selector/cl_kernels/batch_to_space_ref.cl
processing /home/chaofan/model_benchmark/benchmark/openvino/src/plugins/intel_gpu/src/kernel_selector/cl_kernels/fully_connected_gpu_bf_tiled.cl
processing /home/chaofan/model_benchmark/benchmark/openvino/src/plugins/intel_gpu/src/kernel_selector/cl_kernels/softmax_gpu_fb.cl
processing /home/chaofan/model_benchmark/benchmark/openvino/src/plugins/intel_gpu/src/kernel_selector/cl_kernels/eye_ref.cl
processing /home/chaofan/model_benchmark/benchmark/openvino/src/plugins/intel_gpu/src/kernel_selector/cl_kernels/convolution_gpu_yxfb_yxio_b1_block_multiple_x_fp32.cl
processing /home/chaofan/model_benchmark/benchmark/openvino/src/plugins/intel_gpu/src/kernel_selector/cl_kernels/reorder_data_to_yxfb_batched.cl
processing /home/chaofan/model_benchmark/benchmark/openvino/src/plugins/intel_gpu/src/kernel_selector/cl_kernels/adaptive_pooling_gpu_ref.cl
processing /home/chaofan/model_benchmark/benchmark/openvino/src/plugins/intel_gpu/src/kernel_selector/cl_kernels/lrn_gpu_across_channel_multiple_features.cl
processing /home/chaofan/model_benchmark/benchmark/openvino/src/plugins/intel_gpu/src/kernel_selector/cl_kernels/stft_ref.cl
processing /home/chaofan/model_benchmark/benchmark/openvino/src/plugins/intel_gpu/src/kernel_selector/cl_kernels/roll_ref.cl
processing /home/chaofan/model_benchmark/benchmark/openvino/src/plugins/intel_gpu/src/kernel_selector/cl_kernels/convert_color_ref.cl
processing /home/chaofan/model_benchmark/benchmark/openvino/src/plugins/intel_gpu/src/kernel_selector/cl_kernels/softmax_gpu_bf.cl
processing /home/chaofan/model_benchmark/benchmark/openvino/src/plugins/intel_gpu/src/kernel_selector/cl_kernels/roi_pooling_ref.cl
processing /home/chaofan/model_benchmark/benchmark/openvino/src/plugins/intel_gpu/src/kernel_selector/cl_kernels/stft_opt.cl
processing /home/chaofan/model_benchmark/benchmark/openvino/src/plugins/intel_gpu/src/kernel_selector/cl_kernels/mvn_gpu_b_fs_yx_fsv16_accumulate.cl
processing /home/chaofan/model_benchmark/benchmark/openvino/src/plugins/intel_gpu/src/kernel_selector/cl_kernels/gather_nd_ref.cl
processing /home/chaofan/model_benchmark/benchmark/openvino/src/plugins/intel_gpu/src/kernel_selector/cl_kernels/convolution_gpu_bfyx_to_fs_byx_fsv32.cl
processing /home/chaofan/model_benchmark/benchmark/openvino/src/plugins/intel_gpu/src/kernel_selector/cl_kernels/lrn_gpu_across_channel_yxfb_b8_opt.cl
processing /home/chaofan/model_benchmark/benchmark/openvino/src/plugins/intel_gpu/src/kernel_selector/cl_kernels/deconvolution_gpu_imad_along_f_tile_bfx.cl
processing /home/chaofan/model_benchmark/benchmark/openvino/src/plugins/intel_gpu/src/kernel_selector/cl_kernels/reorder_biplanar_nv12.cl
processing /home/chaofan/model_benchmark/benchmark/openvino/src/plugins/intel_gpu/src/kernel_selector/cl_kernels/fully_connected_gpu_fb_io_b8_f8_vload.cl
processing /home/chaofan/model_benchmark/benchmark/openvino/src/plugins/intel_gpu/src/kernel_selector/cl_kernels/pooling_gpu_byxf_opt.cl
processing /home/chaofan/model_benchmark/benchmark/openvino/src/plugins/intel_gpu/src/kernel_selector/cl_kernels/pooling_gpu_bfyx_block_opt.cl
processing /home/chaofan/model_benchmark/benchmark/openvino/src/plugins/intel_gpu/src/kernel_selector/cl_kernels/pooling_gpu_fs_b_yx_fsv32.cl
processing /home/chaofan/model_benchmark/benchmark/openvino/src/plugins/intel_gpu/src/kernel_selector/cl_kernels/fully_connected_gpu_fs_byx_fsv32.cl
processing /home/chaofan/model_benchmark/benchmark/openvino/src/plugins/intel_gpu/src/kernel_selector/cl_kernels/dynamic_quantize_gpu_ref.cl
processing /home/chaofan/model_benchmark/benchmark/openvino/src/plugins/intel_gpu/src/kernel_selector/cl_kernels/arg_max_min_topk_radix.cl
processing /home/chaofan/model_benchmark/benchmark/openvino/src/plugins/intel_gpu/src/kernel_selector/cl_kernels/lrn_gpu_across_channel_multiple_features_fsv16.cl
processing /home/chaofan/model_benchmark/benchmark/openvino/src/plugins/intel_gpu/src/kernel_selector/cl_kernels/convolution_gpu_b_fs_yx_fsv4_int8.cl
processing /home/chaofan/model_benchmark/benchmark/openvino/src/plugins/intel_gpu/src/kernel_selector/cl_kernels/dynamic_quantize_gpu_opt.cl
processing /home/chaofan/model_benchmark/benchmark/openvino/src/plugins/intel_gpu/src/kernel_selector/cl_kernels/lstm_cell_and_seq_ref.cl
processing /home/chaofan/model_benchmark/benchmark/openvino/src/plugins/intel_gpu/src/kernel_selector/cl_kernels/reverse_ref.cl
processing /home/chaofan/model_benchmark/benchmark/openvino/src/plugins/intel_gpu/src/kernel_selector/cl_kernels/rms_gpu_ref.cl
processing /home/chaofan/model_benchmark/benchmark/openvino/src/plugins/intel_gpu/src/kernel_selector/cl_kernels/fully_connected_gpu_bs_f_bsv8_af8_vload.cl
processing /home/chaofan/model_benchmark/benchmark/openvino/src/plugins/intel_gpu/src/kernel_selector/cl_kernels/convolution_gpu_fs_byx_fsv32_1x1.cl
processing /home/chaofan/model_benchmark/benchmark/openvino/src/plugins/intel_gpu/src/kernel_selector/cl_kernels/space_to_batch_ref.cl
processing /home/chaofan/model_benchmark/benchmark/openvino/src/plugins/intel_gpu/src/kernel_selector/cl_kernels/sparse_fill_empty_rows_ref.cl
processing /home/chaofan/model_benchmark/benchmark/openvino/src/plugins/intel_gpu/src/kernel_selector/cl_kernels/cum_sum_ref.cl
processing /home/chaofan/model_benchmark/benchmark/openvino/src/plugins/intel_gpu/src/kernel_selector/cl_kernels/reverse_sequence_ref.cl
processing /home/chaofan/model_benchmark/benchmark/openvino/src/plugins/intel_gpu/src/kernel_selector/cl_kernels/strided_slice_ref.cl
processing /home/chaofan/model_benchmark/benchmark/openvino/src/plugins/intel_gpu/src/kernel_selector/cl_kernels/fully_connected_gpu_MMAD.cl
processing /home/chaofan/model_benchmark/benchmark/openvino/src/plugins/intel_gpu/src/kernel_selector/cl_kernels/roi_pooling_ps_ref.cl
processing /home/chaofan/model_benchmark/benchmark/openvino/src/plugins/intel_gpu/src/kernel_selector/cl_kernels/fully_connected_gpu_bf_io_input_spatial.cl
processing /home/chaofan/model_benchmark/benchmark/openvino/src/plugins/intel_gpu/src/kernel_selector/cl_kernels/reorder_weights_int4.cl
processing /home/chaofan/model_benchmark/benchmark/openvino/src/plugins/intel_gpu/src/kernel_selector/cl_kernels/convolution_gpu_bfyx_1x1_hgemm_buf_16x1.cl
processing /home/chaofan/model_benchmark/benchmark/openvino/src/plugins/intel_gpu/src/kernel_selector/cl_kernels/concatenation_gpu_fs_b_yx_fsv32.cl
processing /home/chaofan/model_benchmark/benchmark/openvino/src/plugins/intel_gpu/src/kernel_selector/cl_kernels/unique_count_ref.cl
processing /home/chaofan/model_benchmark/benchmark/openvino/src/plugins/intel_gpu/src/kernel_selector/cl_kernels/mvn_gpu_ref_across_channels.cl
processing /home/chaofan/model_benchmark/benchmark/openvino/src/plugins/intel_gpu/src/kernel_selector/cl_kernels/concatenation_gpu_depth_bfyx_no_pitch.cl
processing /home/chaofan/model_benchmark/benchmark/openvino/src/plugins/intel_gpu/src/kernel_selector/cl_kernels/border_gpu_ref.cl
processing /home/chaofan/model_benchmark/benchmark/openvino/src/plugins/intel_gpu/src/kernel_selector/cl_kernels/reorder_weights_winograd_6x3_s1.cl
processing /home/chaofan/model_benchmark/benchmark/openvino/src/plugins/intel_gpu/src/kernel_selector/cl_kernels/eltwise_blocked_opt.cl
processing /home/chaofan/model_benchmark/benchmark/openvino/src/plugins/intel_gpu/src/kernel_selector/cl_kernels/pooling_gpu_ref.cl
processing /home/chaofan/model_benchmark/benchmark/openvino/src/plugins/intel_gpu/src/kernel_selector/cl_kernels/random_uniform_ref.cl
processing /home/chaofan/model_benchmark/benchmark/openvino/src/plugins/intel_gpu/src/kernel_selector/cl_kernels/gemm_mmad_int8_slm.cl
processing /home/chaofan/model_benchmark/benchmark/openvino/src/plugins/intel_gpu/src/kernel_selector/cl_kernels/resample_bfyx_cubic_opt.cl
processing /home/chaofan/model_benchmark/benchmark/openvino/src/plugins/intel_gpu/src/kernel_selector/cl_kernels/permute_bfzyx_to_bfyxz.cl
processing /home/chaofan/model_benchmark/benchmark/openvino/src/plugins/intel_gpu/src/kernel_selector/cl_kernels/shuffle_channels_ref.cl
processing /home/chaofan/model_benchmark/benchmark/openvino/src/plugins/intel_gpu/src/kernel_selector/cl_kernels/eltwise_mixed_byxf_and_fs_b_yx_fsv32.cl
processing /home/chaofan/model_benchmark/benchmark/openvino/src/plugins/intel_gpu/src/kernel_selector/cl_kernels/lrn_within_channel_byxf_opt.cl
processing /home/chaofan/model_benchmark/benchmark/openvino/src/plugins/intel_gpu/src/kernel_selector/cl_kernels/convolution_gpu_yxfb_yxio_b8_fp32.cl
processing /home/chaofan/model_benchmark/benchmark/openvino/src/plugins/intel_gpu/src/kernel_selector/cl_kernels/grn_ref.cl
processing /home/chaofan/model_benchmark/benchmark/openvino/src/plugins/intel_gpu/src/kernel_selector/cl_kernels/dynamic_quantize_gpu_kv_cache.cl
processing /home/chaofan/model_benchmark/benchmark/openvino/src/plugins/intel_gpu/src/kernel_selector/cl_kernels/convolution_gpu_bfyx_1x1_opt.cl
processing /home/chaofan/model_benchmark/benchmark/openvino/src/plugins/intel_gpu/src/kernel_selector/cl_kernels/fully_connected_gpu_bf_io_gemm.cl
processing /home/chaofan/model_benchmark/benchmark/openvino/src/plugins/intel_gpu/src/kernel_selector/cl_kernels/beam_table_update_ref.cl
processing /home/chaofan/model_benchmark/benchmark/openvino/src/plugins/intel_gpu/src/kernel_selector/cl_kernels/rms_gpu_bfyx_opt.cl
processing /home/chaofan/model_benchmark/benchmark/openvino/src/plugins/intel_gpu/src/kernel_selector/cl_kernels/gen9_common_conv_fwd_data_f32.cl
processing /home/chaofan/model_benchmark/benchmark/openvino/src/plugins/intel_gpu/src/kernel_selector/cl_kernels/generic_eltwise_ref.cl
processing /home/chaofan/model_benchmark/benchmark/openvino/src/plugins/intel_gpu/src/kernel_selector/cl_kernels/convolution_gpu_bfyx_iyxo.cl
processing /home/chaofan/model_benchmark/benchmark/openvino/src/plugins/intel_gpu/src/kernel_selector/cl_kernels/eltwise_fs_b_yx_fsv32.cl
processing /home/chaofan/model_benchmark/benchmark/openvino/src/plugins/intel_gpu/src/kernel_selector/cl_kernels/generate_proposals_ref.cl
processing /home/chaofan/model_benchmark/benchmark/openvino/src/plugins/intel_gpu/src/kernel_selector/cl_kernels/convolution_gpu_winograd_2x3_s1.cl
processing /home/chaofan/model_benchmark/benchmark/openvino/src/plugins/intel_gpu/src/kernel_selector/cl_kernels/permute_tile_8x8_4x4_fsv.cl
processing /home/chaofan/model_benchmark/benchmark/openvino/src/plugins/intel_gpu/src/kernel_selector/cl_kernels/activation_opt.cl
processing /home/chaofan/model_benchmark/benchmark/openvino/src/plugins/intel_gpu/src/kernel_selector/cl_kernels/resample_ref.cl
processing /home/chaofan/model_benchmark/benchmark/openvino/src/plugins/intel_gpu/src/kernel_selector/cl_kernels/fully_connected_gpu_gemv.cl
processing /home/chaofan/model_benchmark/benchmark/openvino/src/plugins/intel_gpu/src/kernel_selector/cl_kernels/resample_pil_ref.cl
processing /home/chaofan/model_benchmark/benchmark/openvino/src/plugins/intel_gpu/src/kernel_selector/cl_kernels/resample_onnx.cl
processing /home/chaofan/model_benchmark/benchmark/openvino/src/plugins/intel_gpu/src/kernel_selector/cl_kernels/gather_elements_ref.cl
processing /home/chaofan/model_benchmark/benchmark/openvino/src/plugins/intel_gpu/src/kernel_selector/cl_kernels/mvn_gpu_b_fs_yx_bsv32.cl
processing /home/chaofan/model_benchmark/benchmark/openvino/src/plugins/intel_gpu/src/kernel_selector/cl_kernels/count_nonzero_ref.cl
processing /home/chaofan/model_benchmark/benchmark/openvino/src/plugins/intel_gpu/src/kernel_selector/cl_kernels/reorder_weights_image_2d_c4_fyx_b.cl
processing /home/chaofan/model_benchmark/benchmark/openvino/src/plugins/intel_gpu/src/kernel_selector/cl_kernels/convolution_gpu_mmad_b_fs_yx_fsv32.cl
processing /home/chaofan/model_benchmark/benchmark/openvino/src/plugins/intel_gpu/src/kernel_selector/cl_kernels/depth_to_space_ref.cl
processing /home/chaofan/model_benchmark/benchmark/openvino/src/plugins/intel_gpu/src/kernel_selector/cl_kernels/mvn_gpu_b_fs_yx_fsv16.cl
processing /home/chaofan/model_benchmark/benchmark/openvino/src/plugins/intel_gpu/src/kernel_selector/cl_kernels/fully_connected_gpu_bs_f_bsv16_b1.cl
processing /home/chaofan/model_benchmark/benchmark/openvino/src/plugins/intel_gpu/src/kernel_selector/cl_kernels/grid_sample_ref.cl
processing /home/chaofan/model_benchmark/benchmark/openvino/src/plugins/intel_gpu/src/kernel_selector/cl_kernels/deformable_convolution_gpu_bfyx_opt.cl
processing /home/chaofan/model_benchmark/benchmark/openvino/src/plugins/intel_gpu/src/kernel_selector/cl_kernels/reorder_fs_b_yx_fsv32_to_bfyx.cl
processing /home/chaofan/model_benchmark/benchmark/openvino/src/plugins/intel_gpu/src/kernel_selector/cl_kernels/normalize_gpu_across_spatial_ref.cl
processing /home/chaofan/model_benchmark/benchmark/openvino/src/plugins/intel_gpu/src/kernel_selector/cl_kernels/dft_ref.cl
processing /home/chaofan/model_benchmark/benchmark/openvino/src/plugins/intel_gpu/src/kernel_selector/cl_kernels/gemm_tiled_opt.cl
processing /home/chaofan/model_benchmark/benchmark/openvino/src/plugins/intel_gpu/src/kernel_selector/cl_kernels/fully_connected_gpu_imad.cl
processing /home/chaofan/model_benchmark/benchmark/openvino/src/plugins/intel_gpu/src/kernel_selector/cl_kernels/gen9_common_conv_fwd_data_f16.cl
processing /home/chaofan/model_benchmark/benchmark/openvino/src/plugins/intel_gpu/src/kernel_selector/cl_kernels/embedding_bag_ref.cl
processing /home/chaofan/model_benchmark/benchmark/openvino/src/plugins/intel_gpu/src/kernel_selector/cl_kernels/reshape_ref.cl
processing /home/chaofan/model_benchmark/benchmark/openvino/src/plugins/intel_gpu/src/kernel_selector/cl_kernels/convolution_gpu_mmad_b_fs_yx_fsv32_dw.cl
processing /home/chaofan/model_benchmark/benchmark/openvino/src/plugins/intel_gpu/src/kernel_selector/cl_kernels/grid_sample_opt_bilinear_zeros.cl
processing /home/chaofan/model_benchmark/benchmark/openvino/src/plugins/intel_gpu/src/kernel_selector/cl_kernels/convolution_gpu_b_fs_yx_fsv16_imad_1x1.cl
processing /home/chaofan/model_benchmark/benchmark/openvino/src/plugins/intel_gpu/src/kernel_selector/cl_kernels/lrn_gpu_within_channel_opt.cl
processing /home/chaofan/model_benchmark/benchmark/openvino/src/plugins/intel_gpu/src/kernel_selector/cl_kernels/convolution_gpu_bfyx_f16_depthwise.cl
processing /home/chaofan/model_benchmark/benchmark/openvino/src/plugins/intel_gpu/src/kernel_selector/cl_kernels/gemm_mmad_int8.cl
processing /home/chaofan/model_benchmark/benchmark/openvino/src/plugins/intel_gpu/src/kernel_selector/cl_kernels/experimental_detectron_topk_rois_ref.cl
processing /home/chaofan/model_benchmark/benchmark/openvino/src/plugins/intel_gpu/src/kernel_selector/cl_kernels/prior_box_ref.cl
processing /home/chaofan/model_benchmark/benchmark/openvino/src/plugins/intel_gpu/src/kernel_selector/cl_kernels/matrix_nms_ref.cl
processing /home/chaofan/model_benchmark/benchmark/openvino/src/plugins/intel_gpu/src/kernel_selector/cl_kernels/gather_tree_gpu_ref.cl
processing /home/chaofan/model_benchmark/benchmark/openvino/src/plugins/intel_gpu/src/kernel_selector/cl_kernels/convolution_gpu_b_fs_yx_fsv_16_32_imad_dw.cl
processing /home/chaofan/model_benchmark/benchmark/openvino/src/plugins/intel_gpu/src/kernel_selector/cl_kernels/experimental_detectron_detection_output_ref.cl
processing /home/chaofan/model_benchmark/benchmark/openvino/src/plugins/intel_gpu/src/kernel_selector/cl_kernels/gather_nonzero_group.cl
processing /home/chaofan/model_benchmark/benchmark/openvino/src/plugins/intel_gpu/src/kernel_selector/cl_kernels/deformable_convolution_gpu_bfyx_ref.cl
processing /home/chaofan/model_benchmark/benchmark/openvino/src/plugins/intel_gpu/src/kernel_selector/cl_kernels/convolution_gpu_bfyx_f16_1x1.cl
processing /home/chaofan/model_benchmark/benchmark/openvino/src/plugins/intel_gpu/src/kernel_selector/cl_kernels/quantize_gpu_ref.cl
processing /home/chaofan/model_benchmark/benchmark/openvino/src/plugins/intel_gpu/src/kernel_selector/cl_kernels/istft_ref.cl
processing /home/chaofan/model_benchmark/benchmark/openvino/src/plugins/intel_gpu/src/kernel_selector/cl_kernels/deconvolution_gpu_imad_ref.cl
processing /home/chaofan/model_benchmark/benchmark/openvino/src/plugins/intel_gpu/src/kernel_selector/cl_kernels/reorder_data.cl
processing /home/chaofan/model_benchmark/benchmark/openvino/src/plugins/intel_gpu/src/kernel_selector/cl_kernels/reorder_data_fast_b1.cl
processing /home/chaofan/model_benchmark/benchmark/openvino/src/plugins/intel_gpu/src/kernel_selector/cl_kernels/convolution_gpu_bfyx_to_bs_fs_yx_bsv16_fsv16.cl
processing /home/chaofan/model_benchmark/benchmark/openvino/src/plugins/intel_gpu/src/kernel_selector/cl_kernels/concatenation_gpu_simple_ref.cl
processing /home/chaofan/model_benchmark/benchmark/openvino/src/plugins/intel_gpu/src/kernel_selector/cl_kernels/softmax_gpu_items_class_optimized.cl
processing /home/chaofan/model_benchmark/benchmark/openvino/src/plugins/intel_gpu/src/kernel_selector/cl_kernels/unique_gather_ref.cl
processing /home/chaofan/model_benchmark/benchmark/openvino/src/plugins/intel_gpu/src/kernel_selector/cl_kernels/fully_connected_gpu_bf_io_ref.cl
processing /home/chaofan/model_benchmark/benchmark/openvino/src/plugins/intel_gpu/src/kernel_selector/cl_kernels/permute_tile_8x8_4x4.cl
processing /home/chaofan/model_benchmark/benchmark/openvino/src/plugins/intel_gpu/src/kernel_selector/cl_kernels/convolution_gpu_bfyx_gemm_like_fp16.cl
processing /home/chaofan/model_benchmark/benchmark/openvino/src/plugins/intel_gpu/src/kernel_selector/cl_kernels/detection_output_gpu_ref.cl
processing /home/chaofan/model_benchmark/benchmark/openvino/src/plugins/intel_gpu/src/kernel_selector/cl_kernels/fully_connected_gpu_fb_io_block_fp16.cl
processing /home/chaofan/model_benchmark/benchmark/openvino/src/plugins/intel_gpu/src/kernel_selector/cl_kernels/swiglu_gpu_opt.cl
processing /home/chaofan/model_benchmark/benchmark/openvino/src/plugins/intel_gpu/src/kernel_selector/cl_kernels/pooling_gpu_bsv16_fsv16.cl
processing /home/chaofan/model_benchmark/benchmark/openvino/src/plugins/intel_gpu/src/kernel_selector/cl_kernels/reduce_ref.cl
processing /home/chaofan/model_benchmark/benchmark/openvino/src/plugins/intel_gpu/src/kernel_selector/cl_kernels/convolution_gpu_fs_byx_fsv32.cl
processing /home/chaofan/model_benchmark/benchmark/openvino/src/plugins/intel_gpu/src/kernel_selector/cl_kernels/permute_f_y_axes.cl
processing /home/chaofan/model_benchmark/benchmark/openvino/src/plugins/intel_gpu/src/kernel_selector/cl_kernels/mvn_gpu_bfyx_opt.cl
processing /home/chaofan/model_benchmark/benchmark/openvino/src/plugins/intel_gpu/src/kernel_selector/cl_kernels/fully_connected_gpu_bfyx_ref.cl
processing /home/chaofan/model_benchmark/benchmark/openvino/src/plugins/intel_gpu/src/kernel_selector/cl_kernels/multinomial_ref.cl
processing /home/chaofan/model_benchmark/benchmark/openvino/src/plugins/intel_gpu/src/kernel_selector/cl_kernels/convolution_gpu_bfyx_gemm_like_fp32.cl
processing /home/chaofan/model_benchmark/benchmark/openvino/src/plugins/intel_gpu/src/kernel_selector/cl_kernels/search_sorted_ref.cl
processing /home/chaofan/model_benchmark/benchmark/openvino/src/plugins/intel_gpu/src/kernel_selector/cl_kernels/fully_connected_gpu_bf_tiled_dyn_b.cl
processing /home/chaofan/model_benchmark/benchmark/openvino/src/plugins/intel_gpu/src/kernel_selector/cl_kernels/convolution_gpu_b_fs_yx_fsv4_dw.cl
processing /home/chaofan/model_benchmark/benchmark/openvino/src/plugins/intel_gpu/src/kernel_selector/cl_kernels/experimental_detectron_generate_proposals_single_image_ref.cl
processing /home/chaofan/model_benchmark/benchmark/openvino/src/plugins/intel_gpu/src/kernel_selector/cl_kernels/non_max_suppression_gpu_ref.cl
processing /home/chaofan/model_benchmark/benchmark/openvino/src/plugins/intel_gpu/src/kernel_selector/cl_kernels/gather_nonzero_ref.cl
processing /home/chaofan/model_benchmark/benchmark/openvino/src/plugins/intel_gpu/src/kernel_selector/cl_kernels/quantize_gpu_scale_shift_opt.cl
processing /home/chaofan/model_benchmark/benchmark/openvino/src/plugins/intel_gpu/src/kernel_selector/cl_kernels/convolution_gpu_ref.cl
processing /home/chaofan/model_benchmark/benchmark/openvino/src/plugins/intel_gpu/src/kernel_selector/cl_kernels/reorder_from_winograd_2x3_s1.cl
processing /home/chaofan/model_benchmark/benchmark/openvino/src/plugins/intel_gpu/src/kernel_selector/cl_kernels/concatenation_gpu_blocked.cl
processing /home/chaofan/model_benchmark/benchmark/openvino/src/plugins/intel_gpu/src/kernel_selector/cl_kernels/convolution_gpu_b_fs_yx_fsv4_1x1.cl
processing /home/chaofan/model_benchmark/benchmark/openvino/src/plugins/intel_gpu/src/kernel_selector/cl_kernels/reorder_data_b_fs_yx_fsv16_fsv32_to_bfyx.cl
processing /home/chaofan/model_benchmark/benchmark/openvino/src/plugins/intel_gpu/src/kernel_selector/cl_kernels/reorder_weights_image_winograd_6x3_s1.cl
processing /home/chaofan/model_benchmark/benchmark/openvino/src/plugins/intel_gpu/src/kernel_selector/cl_kernels/convolution_gpu_bfyx_to_bfyx_f16.cl
processing /home/chaofan/model_benchmark/benchmark/openvino/src/plugins/intel_gpu/src/kernel_selector/cl_kernels/concatenation_gpu_b_fs_yx_fsv32.cl
processing /home/chaofan/model_benchmark/benchmark/openvino/src/plugins/intel_gpu/src/kernel_selector/cl_kernels/region_yolo_gpu_ref.cl
processing /home/chaofan/model_benchmark/benchmark/openvino/src/plugins/intel_gpu/src/kernel_selector/cl_kernels/space_to_depth_ref.cl
processing /home/chaofan/model_benchmark/benchmark/openvino/src/plugins/intel_gpu/src/kernel_selector/cl_kernels/convolution_gpu_winograd_6x3_s1_fused.cl
processing /home/chaofan/model_benchmark/benchmark/openvino/src/plugins/intel_gpu/src/kernel_selector/cl_kernels/bucketize_ref.cl
processing /home/chaofan/model_benchmark/benchmark/openvino/src/plugins/intel_gpu/src/kernel_selector/cl_kernels/reduce_gpu_b_fs_yx_fsv16.cl
processing /home/chaofan/model_benchmark/benchmark/openvino/src/plugins/intel_gpu/src/kernel_selector/cl_kernels/reorder_data_fsv.cl
processing /home/chaofan/model_benchmark/benchmark/openvino/src/plugins/intel_gpu/src/kernel_selector/cl_kernels/deconvolution_gpu_imad_common.cl
processing /home/chaofan/model_benchmark/benchmark/openvino/src/plugins/intel_gpu/src/kernel_selector/cl_kernels/mvn_gpu_ref_within_channels.cl
processing /home/chaofan/model_benchmark/benchmark/openvino/src/plugins/intel_gpu/src/kernel_selector/cl_kernels/reorg_yolo_gpu_ref.cl
processing /home/chaofan/model_benchmark/benchmark/openvino/src/plugins/intel_gpu/src/kernel_selector/cl_kernels/arg_max_min_gpu_ref.cl
processing /home/chaofan/model_benchmark/benchmark/openvino/src/plugins/intel_gpu/src/kernel_selector/cl_kernels/quantize_gpu_scale_shift_vload8_opt.cl
processing /home/chaofan/model_benchmark/benchmark/openvino/src/plugins/intel_gpu/src/kernel_selector/cl_kernels/convolution_gpu_winograd_2x3_s1_fused.cl
processing /home/chaofan/model_benchmark/benchmark/openvino/src/plugins/intel_gpu/src/kernel_selector/cl_kernels/fully_connected_gpu_yxfb_ref.cl
processing /home/chaofan/model_benchmark/benchmark/openvino/src/plugins/intel_gpu/src/kernel_selector/cl_kernels/select_gpu_ref.cl
processing /home/chaofan/model_benchmark/benchmark/openvino/src/plugins/intel_gpu/src/kernel_selector/cl_kernels/ctc_greedy_decoder_ref.cl
processing /home/chaofan/model_benchmark/benchmark/openvino/src/plugins/intel_gpu/src/kernel_selector/cl_kernels/experimental_detectron_prior_grid_generator_ref.cl
processing /home/chaofan/model_benchmark/benchmark/openvino/src/plugins/intel_gpu/src/kernel_selector/cl_kernels/convolution_gpu_yxfb_ref.cl
processing /home/chaofan/model_benchmark/benchmark/openvino/src/plugins/intel_gpu/src/kernel_selector/cl_kernels/gemm_ref.cl
processing /home/chaofan/model_benchmark/benchmark/openvino/src/plugins/intel_gpu/src/kernel_selector/cl_kernels/pooling_gpu_blocked.cl
processing /home/chaofan/model_benchmark/benchmark/openvino/src/plugins/intel_gpu/src/kernel_selector/cl_kernels/depth_to_space_block2_opt.cl
processing /home/chaofan/model_benchmark/benchmark/openvino/src/plugins/intel_gpu/src/kernel_selector/cl_kernels/arg_max_min_axis.cl
processing /home/chaofan/model_benchmark/benchmark/openvino/src/plugins/intel_gpu/src/kernel_selector/cl_kernels/pooling_gpu_b_fs_zyx_fsv16_imad.cl
processing /home/chaofan/model_benchmark/benchmark/openvino/src/plugins/intel_gpu/src/kernel_selector/cl_kernels/permute_xy_swap.cl
processing /home/chaofan/model_benchmark/benchmark/openvino/src/plugins/intel_gpu/src/kernel_selector/cl_kernels/convolution_gpu_imad_bs_fs_yx_bsv16_fsv16_1x1.cl
processing /home/chaofan/model_benchmark/benchmark/openvino/src/plugins/intel_gpu/src/kernel_selector/cl_kernels/convolution_gpu_yxfb_yxio_b16_fp16.cl
processing /home/chaofan/model_benchmark/benchmark/openvino/src/plugins/intel_gpu/src/kernel_selector/cl_kernels/cum_sum_partial_sum.cl
processing /home/chaofan/model_benchmark/benchmark/openvino/src/plugins/intel_gpu/src/kernel_selector/cl_kernels/reorder_to_winograd_2x3_s1.cl
processing /home/chaofan/model_benchmark/benchmark/openvino/src/plugins/intel_gpu/src/kernel_selector/cl_kernels/pooling_gpu_b_fs_yx_fsv4.cl
processing /home/chaofan/model_benchmark/benchmark/openvino/src/plugins/intel_gpu/src/kernel_selector/cl_kernels/convolution_gpu_yxfb_yxio_b16_fp32.cl
processing /home/chaofan/model_benchmark/benchmark/openvino/src/plugins/intel_gpu/src/kernel_selector/cl_kernels/convolution_gpu_mmad_bfyx_to_b_fs_yx_fsv32.cl
processing /home/chaofan/model_benchmark/benchmark/openvino/src/plugins/intel_gpu/src/kernel_selector/cl_kernels/gen9_common_conv_bwd_data.cl
processing /home/chaofan/model_benchmark/benchmark/openvino/src/plugins/intel_gpu/src/kernel_selector/cl_kernels/multiclass_nms_ref.cl
processing /home/chaofan/model_benchmark/benchmark/openvino/src/plugins/intel_gpu/src/kernel_selector/cl_kernels/convolution_gpu_b_fs_zyx_fsv16_imad.cl
processing /home/chaofan/model_benchmark/benchmark/openvino/src/plugins/intel_gpu/src/kernel_selector/cl_kernels/convolution_gpu_bfyx_direct_10_12_16.cl
processing /home/chaofan/model_benchmark/benchmark/openvino/src/plugins/intel_gpu/src/kernel_selector/cl_kernels/mvn_gpu_b_fs_yx_fsv16_reduce.cl
processing /home/chaofan/model_benchmark/benchmark/openvino/src/plugins/intel_gpu/src/kernel_selector/cl_kernels/experimental_detectron_roi_feature_extractor_ref.cl
processing /home/chaofan/model_benchmark/benchmark/openvino/src/plugins/intel_gpu/src/kernel_selector/cl_kernels/scatter_elements_update_ref.cl
processing /home/chaofan/model_benchmark/benchmark/openvino/src/plugins/intel_gpu/src/kernel_selector/cl_kernels/convolution_gpu_bfyx_f16.cl
processing /home/chaofan/model_benchmark/benchmark/openvino/src/plugins/intel_gpu/src/kernel_selector/cl_kernels/slice_ref.cl
processing /home/chaofan/model_benchmark/benchmark/openvino/src/plugins/intel_gpu/src/kernel_selector/cl_kernels/reorder_weights_opt.cl
processing /home/chaofan/model_benchmark/benchmark/openvino/src/plugins/intel_gpu/src/kernel_selector/cl_kernels/arg_max_min_opt.cl
processing /home/chaofan/model_benchmark/benchmark/openvino/src/plugins/intel_gpu/src/kernel_selector/cl_kernels/pooling_gpu_bs_fs_yx_bsv16_fsv16.cl
processing /home/chaofan/model_benchmark/benchmark/openvino/src/plugins/intel_gpu/src/kernel_selector/cl_kernels/range_ref.cl
processing /home/chaofan/model_benchmark/benchmark/openvino/src/plugins/intel_gpu/src/kernel_selector/cl_kernels/scatter_update_ref.cl
processing /home/chaofan/model_benchmark/benchmark/openvino/src/plugins/intel_gpu/src/kernel_selector/cl_kernels/lrn_gpu_within_channel.cl
processing /home/chaofan/model_benchmark/benchmark/openvino/src/plugins/intel_gpu/src/kernel_selector/cl_kernels/fully_connected_gpu_fb_oi_ref.cl
processing /home/chaofan/model_benchmark/benchmark/openvino/src/plugins/intel_gpu/src/kernel_selector/cl_kernels/deconvolution_gpu_b_fs_zyx_fsv16_dw.cl
processing /home/chaofan/model_benchmark/benchmark/openvino/src/plugins/intel_gpu/src/kernel_selector/cl_kernels/convolution_gpu_bfyx_os_iyx_osv32.cl
processing /home/chaofan/model_benchmark/benchmark/openvino/src/plugins/intel_gpu/src/kernel_selector/cl_kernels/tile_ref.cl
processing /home/chaofan/model_benchmark/benchmark/openvino/src/plugins/intel_gpu/src/kernel_selector/cl_kernels/lstm_cell_and_seq_bfyx.cl
processing /home/chaofan/model_benchmark/benchmark/openvino/src/plugins/intel_gpu/src/kernel_selector/cl_kernels/deconvolution_gpu_bfyx_opt.cl
processing /home/chaofan/model_benchmark/benchmark/openvino/src/plugins/intel_gpu/src/kernel_selector/cl_kernels/softmax_gpu_ref.cl
processing /home/chaofan/model_benchmark/benchmark/openvino/src/plugins/intel_gpu/src/kernel_selector/cl_kernels/deconvolution_gpu_ref.cl
processing /home/chaofan/model_benchmark/benchmark/openvino/src/plugins/intel_gpu/src/kernel_selector/cl_kernels/activation_ref.cl
processing /home/chaofan/model_benchmark/benchmark/openvino/src/plugins/intel_gpu/src/kernel_selector/cl_kernels/swiglu_gpu_ref.cl
processing /home/chaofan/model_benchmark/benchmark/openvino/src/plugins/intel_gpu/src/kernel_selector/cl_kernels/lrn_gpu_across_channel_ref.cl
processing /home/chaofan/model_benchmark/benchmark/openvino/src/plugins/intel_gpu/src/kernel_selector/cl_kernels/convolution_gpu_imad_bs_fs_yx_bsv16_fsv16_3x3.cl
processing /home/chaofan/model_benchmark/benchmark/openvino/src/plugins/intel_gpu/src/kernel_selector/cl_kernels/lrn_ref.cl
processing /home/chaofan/model_benchmark/benchmark/openvino/src/plugins/intel_gpu/src/kernel_selector/cl_kernels/reorder_weights_winograd_2x3_s1.cl
processing /home/chaofan/model_benchmark/benchmark/openvino/src/plugins/intel_gpu/src/kernel_selector/cl_kernels/normalize_gpu_within_spatial_ref.cl
processing /home/chaofan/model_benchmark/benchmark/openvino/src/plugins/intel_gpu/src/kernel_selector/cl_kernels/fully_connected_gpu_fb_oi_b8_fp32_ref.cl
processing /home/chaofan/model_benchmark/benchmark/openvino/src/plugins/intel_gpu/src/kernel_selector/cl_kernels/reorder_weights.cl
processing /home/chaofan/model_benchmark/benchmark/openvino/src/plugins/intel_gpu/src/kernel_selector/cl_kernels/resample_opt.cl
processing /home/chaofan/model_benchmark/benchmark/openvino/src/plugins/intel_gpu/src/kernel_selector/cl_kernels/reorder_data_bfyx_to_blocked_format.cl
processing /home/chaofan/model_benchmark/benchmark/openvino/src/plugins/intel_gpu/src/kernel_selector/cl_kernels/permute_ref.cl
processing /home/chaofan/model_benchmark/benchmark/openvino/src/plugins/intel_gpu/src/kernel_selector/cl_kernels/fully_connected_gpu_bs_f_bsv16_af8_vload.cl
processing /home/chaofan/model_benchmark/benchmark/openvino/src/plugins/intel_gpu/src/kernel_selector/cl_kernels/roi_align_ref.cl
processing /home/chaofan/model_benchmark/benchmark/openvino/src/plugins/intel_gpu/src/kernel_selector/cl_kernels/extract_image_patches_ref.cl
processing /home/chaofan/model_benchmark/benchmark/openvino/src/plugins/intel_gpu/src/kernel_selector/cl_kernels/convolution_gpu_bfyx_os_iyx_osv16.cl
processing /home/chaofan/model_benchmark/benchmark/openvino/src/plugins/intel_gpu/src/kernel_selector/cl_kernels/concatenation_gpu_ref.cl
processing /home/chaofan/model_benchmark/benchmark/openvino/src/plugins/intel_gpu/src/kernel_selector/cl_kernels/convolution_gpu_mmad_bfyx_to_b_fs_yx_fsv4.cl
[ 58%] Updating file if the file changed (ks_primitive_db.inc) ...
[ 58%] Building CXX object src/plugins/intel_gpu/src/kernel_selector/CMakeFiles/openvino_intel_gpu_kernels.dir/kernels/activation/activation_kernel_opt.cpp.o
[ 58%] Building CXX object src/plugins/intel_gpu/src/kernel_selector/CMakeFiles/openvino_intel_gpu_kernels.dir/primitive_db.cpp.o
[ 58%] Linking CXX static library /home/chaofan/model_benchmark/benchmark/openvino/bin/intel64/Release/libopenvino_intel_gpu_kernels.a
[ 77%] Built target openvino_intel_gpu_kernels
[ 88%] Built target openvino_intel_gpu_graph
[ 88%] Built target openvino_intel_gpu_plugin_version
[ 88%] Linking CXX shared module /home/chaofan/model_benchmark/benchmark/openvino/bin/intel64/Release/libopenvino_intel_gpu_plugin.so
[100%] Built target openvino_intel_gpu_plugin
-- Install configuration: "Release"
-- Up-to-date: /home/chaofan/model_benchmark/benchmark/openvino/install/samples/cpp/thirdparty/gflags
-- Up-to-date: /home/chaofan/model_benchmark/benchmark/openvino/install/samples/cpp/thirdparty/gflags/gflags
-- Up-to-date: /home/chaofan/model_benchmark/benchmark/openvino/install/samples/cpp/thirdparty/gflags/gflags/cmake
-- Up-to-date: /home/chaofan/model_benchmark/benchmark/openvino/install/samples/cpp/thirdparty/gflags/gflags/cmake/package.pc.in
-- Up-to-date: /home/chaofan/model_benchmark/benchmark/openvino/install/samples/cpp/thirdparty/gflags/gflags/cmake/README_runtime.txt
-- Up-to-date: /home/chaofan/model_benchmark/benchmark/openvino/install/samples/cpp/thirdparty/gflags/gflags/cmake/config.cmake.in
-- Up-to-date: /home/chaofan/model_benchmark/benchmark/openvino/install/samples/cpp/thirdparty/gflags/gflags/cmake/package.cmake.in
-- Up-to-date: /home/chaofan/model_benchmark/benchmark/openvino/install/samples/cpp/thirdparty/gflags/gflags/cmake/version.cmake.in
-- Up-to-date: /home/chaofan/model_benchmark/benchmark/openvino/install/samples/cpp/thirdparty/gflags/gflags/cmake/cmake_uninstall.cmake.in
-- Up-to-date: /home/chaofan/model_benchmark/benchmark/openvino/install/samples/cpp/thirdparty/gflags/gflags/cmake/utils.cmake
-- Up-to-date: /home/chaofan/model_benchmark/benchmark/openvino/install/samples/cpp/thirdparty/gflags/gflags/cmake/execute_test.cmake
-- Up-to-date: /home/chaofan/model_benchmark/benchmark/openvino/install/samples/cpp/thirdparty/gflags/gflags/src
-- Up-to-date: /home/chaofan/model_benchmark/benchmark/openvino/install/samples/cpp/thirdparty/gflags/gflags/src/gflags_reporting.cc
-- Up-to-date: /home/chaofan/model_benchmark/benchmark/openvino/install/samples/cpp/thirdparty/gflags/gflags/src/config.h
-- Up-to-date: /home/chaofan/model_benchmark/benchmark/openvino/install/samples/cpp/thirdparty/gflags/gflags/src/gflags.cc
-- Up-to-date: /home/chaofan/model_benchmark/benchmark/openvino/install/samples/cpp/thirdparty/gflags/gflags/src/gflags_completions.h.in
-- Up-to-date: /home/chaofan/model_benchmark/benchmark/openvino/install/samples/cpp/thirdparty/gflags/gflags/src/gflags_completions.cc
-- Up-to-date: /home/chaofan/model_benchmark/benchmark/openvino/install/samples/cpp/thirdparty/gflags/gflags/src/defines.h.in
-- Up-to-date: /home/chaofan/model_benchmark/benchmark/openvino/install/samples/cpp/thirdparty/gflags/gflags/src/gflags_declare.h.in
-- Up-to-date: /home/chaofan/model_benchmark/benchmark/openvino/install/samples/cpp/thirdparty/gflags/gflags/src/gflags.h.in
-- Up-to-date: /home/chaofan/model_benchmark/benchmark/openvino/install/samples/cpp/thirdparty/gflags/gflags/src/gflags_ns.h.in
-- Up-to-date: /home/chaofan/model_benchmark/benchmark/openvino/install/samples/cpp/thirdparty/gflags/gflags/src/mutex.h
-- Up-to-date: /home/chaofan/model_benchmark/benchmark/openvino/install/samples/cpp/thirdparty/gflags/gflags/src/windows_port.h
-- Up-to-date: /home/chaofan/model_benchmark/benchmark/openvino/install/samples/cpp/thirdparty/gflags/gflags/src/windows_port.cc
-- Up-to-date: /home/chaofan/model_benchmark/benchmark/openvino/install/samples/cpp/thirdparty/gflags/gflags/src/util.h
-- Up-to-date: /home/chaofan/model_benchmark/benchmark/openvino/install/samples/cpp/thirdparty/gflags/gflags/CMakeLists.txt
-- Up-to-date: /home/chaofan/model_benchmark/benchmark/openvino/install/samples/cpp/thirdparty/gflags/gflags/COPYING.txt
-- Up-to-date: /home/chaofan/model_benchmark/benchmark/openvino/install/samples/cpp/thirdparty/gflags/CMakeLists.txt
-- Up-to-date: /home/chaofan/model_benchmark/benchmark/openvino/install/samples/cpp/thirdparty/nlohmann_json
-- Up-to-date: /home/chaofan/model_benchmark/benchmark/openvino/install/samples/cpp/thirdparty/nlohmann_json/LICENSE.MIT
-- Up-to-date: /home/chaofan/model_benchmark/benchmark/openvino/install/samples/cpp/thirdparty/nlohmann_json/single_include
-- Up-to-date: /home/chaofan/model_benchmark/benchmark/openvino/install/samples/cpp/thirdparty/nlohmann_json/single_include/nlohmann
-- Up-to-date: /home/chaofan/model_benchmark/benchmark/openvino/install/samples/cpp/thirdparty/nlohmann_json/single_include/nlohmann/json_fwd.hpp
-- Up-to-date: /home/chaofan/model_benchmark/benchmark/openvino/install/samples/cpp/thirdparty/nlohmann_json/single_include/nlohmann/json.hpp
-- Up-to-date: /home/chaofan/model_benchmark/benchmark/openvino/install/samples/cpp/thirdparty/nlohmann_json/cmake
-- Up-to-date: /home/chaofan/model_benchmark/benchmark/openvino/install/samples/cpp/thirdparty/nlohmann_json/cmake/pkg-config.pc.in
-- Up-to-date: /home/chaofan/model_benchmark/benchmark/openvino/install/samples/cpp/thirdparty/nlohmann_json/cmake/config.cmake.in
-- Up-to-date: /home/chaofan/model_benchmark/benchmark/openvino/install/samples/cpp/thirdparty/nlohmann_json/cmake/nlohmann_jsonConfigVersion.cmake.in
-- Up-to-date: /home/chaofan/model_benchmark/benchmark/openvino/install/samples/cpp/thirdparty/nlohmann_json/cmake/test.cmake
-- Up-to-date: /home/chaofan/model_benchmark/benchmark/openvino/install/samples/cpp/thirdparty/nlohmann_json/cmake/download_test_data.cmake
-- Up-to-date: /home/chaofan/model_benchmark/benchmark/openvino/install/samples/cpp/thirdparty/nlohmann_json/cmake/scripts
-- Up-to-date: /home/chaofan/model_benchmark/benchmark/openvino/install/samples/cpp/thirdparty/nlohmann_json/cmake/scripts/gen_bazel_build_file.cmake
-- Up-to-date: /home/chaofan/model_benchmark/benchmark/openvino/install/samples/cpp/thirdparty/nlohmann_json/cmake/ci.cmake
-- Up-to-date: /home/chaofan/model_benchmark/benchmark/openvino/install/samples/cpp/thirdparty/nlohmann_json/LICENSES
-- Up-to-date: /home/chaofan/model_benchmark/benchmark/openvino/install/samples/cpp/thirdparty/nlohmann_json/LICENSES/BSD-3-Clause.txt
-- Up-to-date: /home/chaofan/model_benchmark/benchmark/openvino/install/samples/cpp/thirdparty/nlohmann_json/LICENSES/MIT.txt
-- Up-to-date: /home/chaofan/model_benchmark/benchmark/openvino/install/samples/cpp/thirdparty/nlohmann_json/LICENSES/GPL-3.0-only.txt
-- Up-to-date: /home/chaofan/model_benchmark/benchmark/openvino/install/samples/cpp/thirdparty/nlohmann_json/LICENSES/Apache-2.0.txt
-- Up-to-date: /home/chaofan/model_benchmark/benchmark/openvino/install/samples/cpp/thirdparty/nlohmann_json/nlohmann_json.natvis
-- Up-to-date: /home/chaofan/model_benchmark/benchmark/openvino/install/samples/cpp/thirdparty/nlohmann_json/CMakeLists.txt
-- Up-to-date: /home/chaofan/model_benchmark/benchmark/openvino/install/samples/cpp/thirdparty/nlohmann_json/include
-- Up-to-date: /home/chaofan/model_benchmark/benchmark/openvino/install/samples/cpp/thirdparty/nlohmann_json/include/nlohmann
-- Up-to-date: /home/chaofan/model_benchmark/benchmark/openvino/install/samples/cpp/thirdparty/nlohmann_json/include/nlohmann/ordered_map.hpp
-- Up-to-date: /home/chaofan/model_benchmark/benchmark/openvino/install/samples/cpp/thirdparty/nlohmann_json/include/nlohmann/adl_serializer.hpp
-- Up-to-date: /home/chaofan/model_benchmark/benchmark/openvino/install/samples/cpp/thirdparty/nlohmann_json/include/nlohmann/thirdparty
-- Up-to-date: /home/chaofan/model_benchmark/benchmark/openvino/install/samples/cpp/thirdparty/nlohmann_json/include/nlohmann/thirdparty/hedley
-- Up-to-date: /home/chaofan/model_benchmark/benchmark/openvino/install/samples/cpp/thirdparty/nlohmann_json/include/nlohmann/thirdparty/hedley/hedley.hpp
-- Up-to-date: /home/chaofan/model_benchmark/benchmark/openvino/install/samples/cpp/thirdparty/nlohmann_json/include/nlohmann/thirdparty/hedley/hedley_undef.hpp
-- Up-to-date: /home/chaofan/model_benchmark/benchmark/openvino/install/samples/cpp/thirdparty/nlohmann_json/include/nlohmann/json_fwd.hpp
-- Up-to-date: /home/chaofan/model_benchmark/benchmark/openvino/install/samples/cpp/thirdparty/nlohmann_json/include/nlohmann/detail
-- Up-to-date: /home/chaofan/model_benchmark/benchmark/openvino/install/samples/cpp/thirdparty/nlohmann_json/include/nlohmann/detail/json_custom_base_class.hpp
-- Up-to-date: /home/chaofan/model_benchmark/benchmark/openvino/install/samples/cpp/thirdparty/nlohmann_json/include/nlohmann/detail/string_concat.hpp
-- Up-to-date: /home/chaofan/model_benchmark/benchmark/openvino/install/samples/cpp/thirdparty/nlohmann_json/include/nlohmann/detail/exceptions.hpp
-- Up-to-date: /home/chaofan/model_benchmark/benchmark/openvino/install/samples/cpp/thirdparty/nlohmann_json/include/nlohmann/detail/json_pointer.hpp
-- Up-to-date: /home/chaofan/model_benchmark/benchmark/openvino/install/samples/cpp/thirdparty/nlohmann_json/include/nlohmann/detail/hash.hpp
-- Up-to-date: /home/chaofan/model_benchmark/benchmark/openvino/install/samples/cpp/thirdparty/nlohmann_json/include/nlohmann/detail/conversions
-- Up-to-date: /home/chaofan/model_benchmark/benchmark/openvino/install/samples/cpp/thirdparty/nlohmann_json/include/nlohmann/detail/conversions/to_chars.hpp
-- Up-to-date: /home/chaofan/model_benchmark/benchmark/openvino/install/samples/cpp/thirdparty/nlohmann_json/include/nlohmann/detail/conversions/to_json.hpp
-- Up-to-date: /home/chaofan/model_benchmark/benchmark/openvino/install/samples/cpp/thirdparty/nlohmann_json/include/nlohmann/detail/conversions/from_json.hpp
-- Up-to-date: /home/chaofan/model_benchmark/benchmark/openvino/install/samples/cpp/thirdparty/nlohmann_json/include/nlohmann/detail/iterators
-- Up-to-date: /home/chaofan/model_benchmark/benchmark/openvino/install/samples/cpp/thirdparty/nlohmann_json/include/nlohmann/detail/iterators/json_reverse_iterator.hpp
-- Up-to-date: /home/chaofan/model_benchmark/benchmark/openvino/install/samples/cpp/thirdparty/nlohmann_json/include/nlohmann/detail/iterators/iteration_proxy.hpp
-- Up-to-date: /home/chaofan/model_benchmark/benchmark/openvino/install/samples/cpp/thirdparty/nlohmann_json/include/nlohmann/detail/iterators/internal_iterator.hpp
-- Up-to-date: /home/chaofan/model_benchmark/benchmark/openvino/install/samples/cpp/thirdparty/nlohmann_json/include/nlohmann/detail/iterators/iterator_traits.hpp
-- Up-to-date: /home/chaofan/model_benchmark/benchmark/openvino/install/samples/cpp/thirdparty/nlohmann_json/include/nlohmann/detail/iterators/primitive_iterator.hpp
-- Up-to-date: /home/chaofan/model_benchmark/benchmark/openvino/install/samples/cpp/thirdparty/nlohmann_json/include/nlohmann/detail/iterators/iter_impl.hpp
-- Up-to-date: /home/chaofan/model_benchmark/benchmark/openvino/install/samples/cpp/thirdparty/nlohmann_json/include/nlohmann/detail/abi_macros.hpp
-- Up-to-date: /home/chaofan/model_benchmark/benchmark/openvino/install/samples/cpp/thirdparty/nlohmann_json/include/nlohmann/detail/output
-- Up-to-date: /home/chaofan/model_benchmark/benchmark/openvino/install/samples/cpp/thirdparty/nlohmann_json/include/nlohmann/detail/output/serializer.hpp
-- Up-to-date: /home/chaofan/model_benchmark/benchmark/openvino/install/samples/cpp/thirdparty/nlohmann_json/include/nlohmann/detail/output/binary_writer.hpp
-- Up-to-date: /home/chaofan/model_benchmark/benchmark/openvino/install/samples/cpp/thirdparty/nlohmann_json/include/nlohmann/detail/output/output_adapters.hpp
-- Up-to-date: /home/chaofan/model_benchmark/benchmark/openvino/install/samples/cpp/thirdparty/nlohmann_json/include/nlohmann/detail/input
-- Up-to-date: /home/chaofan/model_benchmark/benchmark/openvino/install/samples/cpp/thirdparty/nlohmann_json/include/nlohmann/detail/input/parser.hpp
-- Up-to-date: /home/chaofan/model_benchmark/benchmark/openvino/install/samples/cpp/thirdparty/nlohmann_json/include/nlohmann/detail/input/lexer.hpp
-- Up-to-date: /home/chaofan/model_benchmark/benchmark/openvino/install/samples/cpp/thirdparty/nlohmann_json/include/nlohmann/detail/input/input_adapters.hpp
-- Up-to-date: /home/chaofan/model_benchmark/benchmark/openvino/install/samples/cpp/thirdparty/nlohmann_json/include/nlohmann/detail/input/binary_reader.hpp
-- Up-to-date: /home/chaofan/model_benchmark/benchmark/openvino/install/samples/cpp/thirdparty/nlohmann_json/include/nlohmann/detail/input/json_sax.hpp
-- Up-to-date: /home/chaofan/model_benchmark/benchmark/openvino/install/samples/cpp/thirdparty/nlohmann_json/include/nlohmann/detail/input/position_t.hpp
-- Up-to-date: /home/chaofan/model_benchmark/benchmark/openvino/install/samples/cpp/thirdparty/nlohmann_json/include/nlohmann/detail/json_ref.hpp
-- Up-to-date: /home/chaofan/model_benchmark/benchmark/openvino/install/samples/cpp/thirdparty/nlohmann_json/include/nlohmann/detail/meta
-- Up-to-date: /home/chaofan/model_benchmark/benchmark/openvino/install/samples/cpp/thirdparty/nlohmann_json/include/nlohmann/detail/meta/std_fs.hpp
-- Up-to-date: /home/chaofan/model_benchmark/benchmark/openvino/install/samples/cpp/thirdparty/nlohmann_json/include/nlohmann/detail/meta/void_t.hpp
-- Up-to-date: /home/chaofan/model_benchmark/benchmark/openvino/install/samples/cpp/thirdparty/nlohmann_json/include/nlohmann/detail/meta/detected.hpp
-- Up-to-date: /home/chaofan/model_benchmark/benchmark/openvino/install/samples/cpp/thirdparty/nlohmann_json/include/nlohmann/detail/meta/cpp_future.hpp
-- Up-to-date: /home/chaofan/model_benchmark/benchmark/openvino/install/samples/cpp/thirdparty/nlohmann_json/include/nlohmann/detail/meta/is_sax.hpp
-- Up-to-date: /home/chaofan/model_benchmark/benchmark/openvino/install/samples/cpp/thirdparty/nlohmann_json/include/nlohmann/detail/meta/call_std
-- Up-to-date: /home/chaofan/model_benchmark/benchmark/openvino/install/samples/cpp/thirdparty/nlohmann_json/include/nlohmann/detail/meta/call_std/begin.hpp
-- Up-to-date: /home/chaofan/model_benchmark/benchmark/openvino/install/samples/cpp/thirdparty/nlohmann_json/include/nlohmann/detail/meta/call_std/end.hpp
-- Up-to-date: /home/chaofan/model_benchmark/benchmark/openvino/install/samples/cpp/thirdparty/nlohmann_json/include/nlohmann/detail/meta/identity_tag.hpp
-- Up-to-date: /home/chaofan/model_benchmark/benchmark/openvino/install/samples/cpp/thirdparty/nlohmann_json/include/nlohmann/detail/meta/type_traits.hpp
-- Up-to-date: /home/chaofan/model_benchmark/benchmark/openvino/install/samples/cpp/thirdparty/nlohmann_json/include/nlohmann/detail/string_escape.hpp
-- Up-to-date: /home/chaofan/model_benchmark/benchmark/openvino/install/samples/cpp/thirdparty/nlohmann_json/include/nlohmann/detail/macro_unscope.hpp
-- Up-to-date: /home/chaofan/model_benchmark/benchmark/openvino/install/samples/cpp/thirdparty/nlohmann_json/include/nlohmann/detail/macro_scope.hpp
-- Up-to-date: /home/chaofan/model_benchmark/benchmark/openvino/install/samples/cpp/thirdparty/nlohmann_json/include/nlohmann/detail/value_t.hpp
-- Up-to-date: /home/chaofan/model_benchmark/benchmark/openvino/install/samples/cpp/thirdparty/nlohmann_json/include/nlohmann/json.hpp
-- Up-to-date: /home/chaofan/model_benchmark/benchmark/openvino/install/samples/cpp/thirdparty/nlohmann_json/include/nlohmann/byte_container_with_subtype.hpp
-- Up-to-date: /home/chaofan/model_benchmark/benchmark/openvino/install/runtime/3rdparty/tbb/lib
-- Up-to-date: /home/chaofan/model_benchmark/benchmark/openvino/install/runtime/3rdparty/tbb/lib/libtbbbind_2_5.so.3
-- Up-to-date: /home/chaofan/model_benchmark/benchmark/openvino/install/runtime/3rdparty/tbb/lib/libhwloc.so
-- Up-to-date: /home/chaofan/model_benchmark/benchmark/openvino/install/runtime/3rdparty/tbb/lib/libtbbmalloc.so
-- Up-to-date: /home/chaofan/model_benchmark/benchmark/openvino/install/runtime/3rdparty/tbb/lib/libtbbmalloc_proxy.so.2
-- Up-to-date: /home/chaofan/model_benchmark/benchmark/openvino/install/runtime/3rdparty/tbb/lib/libtbbbind_2_5.so
-- Up-to-date: /home/chaofan/model_benchmark/benchmark/openvino/install/runtime/3rdparty/tbb/lib/libtbbbind_2_5.so.3.13
-- Up-to-date: /home/chaofan/model_benchmark/benchmark/openvino/install/runtime/3rdparty/tbb/lib/libtbb.so.12.13
-- Up-to-date: /home/chaofan/model_benchmark/benchmark/openvino/install/runtime/3rdparty/tbb/lib/libtbb.so
-- Up-to-date: /home/chaofan/model_benchmark/benchmark/openvino/install/runtime/3rdparty/tbb/lib/libhwloc.so.15
-- Up-to-date: /home/chaofan/model_benchmark/benchmark/openvino/install/runtime/3rdparty/tbb/lib/libhwloc.so.15.6.4
-- Up-to-date: /home/chaofan/model_benchmark/benchmark/openvino/install/runtime/3rdparty/tbb/lib/pkgconfig
-- Up-to-date: /home/chaofan/model_benchmark/benchmark/openvino/install/runtime/3rdparty/tbb/lib/pkgconfig/tbb.pc
-- Up-to-date: /home/chaofan/model_benchmark/benchmark/openvino/install/runtime/3rdparty/tbb/lib/libtbbmalloc_proxy.so.2.13
-- Up-to-date: /home/chaofan/model_benchmark/benchmark/openvino/install/runtime/3rdparty/tbb/lib/libtbbmalloc.so.2
-- Up-to-date: /home/chaofan/model_benchmark/benchmark/openvino/install/runtime/3rdparty/tbb/lib/libtbbmalloc_proxy.so
-- Up-to-date: /home/chaofan/model_benchmark/benchmark/openvino/install/runtime/3rdparty/tbb/lib/libtbb.so.12
-- Up-to-date: /home/chaofan/model_benchmark/benchmark/openvino/install/runtime/3rdparty/tbb/lib/libtbbmalloc.so.2.13
-- Up-to-date: /home/chaofan/model_benchmark/benchmark/openvino/install/runtime/3rdparty/tbb/TBB-LICENSE
-- Up-to-date: /home/chaofan/model_benchmark/benchmark/openvino/install/runtime/3rdparty/tbb/lib/cmake
-- Up-to-date: /home/chaofan/model_benchmark/benchmark/openvino/install/runtime/3rdparty/tbb/lib/cmake/TBB
-- Up-to-date: /home/chaofan/model_benchmark/benchmark/openvino/install/runtime/3rdparty/tbb/lib/cmake/TBB/TBBTargets.cmake
-- Up-to-date: /home/chaofan/model_benchmark/benchmark/openvino/install/runtime/3rdparty/tbb/lib/cmake/TBB/TBBTargets-release.cmake
-- Up-to-date: /home/chaofan/model_benchmark/benchmark/openvino/install/runtime/3rdparty/tbb/lib/cmake/TBB/TBBConfigVersion.cmake
-- Up-to-date: /home/chaofan/model_benchmark/benchmark/openvino/install/runtime/3rdparty/tbb/lib/cmake/TBB/TBBConfig.cmake
-- Up-to-date: /home/chaofan/model_benchmark/benchmark/openvino/install/runtime/3rdparty/tbb/include
-- Up-to-date: /home/chaofan/model_benchmark/benchmark/openvino/install/runtime/3rdparty/tbb/include/tbb
-- Up-to-date: /home/chaofan/model_benchmark/benchmark/openvino/install/runtime/3rdparty/tbb/include/tbb/profiling.h
-- Up-to-date: /home/chaofan/model_benchmark/benchmark/openvino/install/runtime/3rdparty/tbb/include/tbb/info.h
-- Up-to-date: /home/chaofan/model_benchmark/benchmark/openvino/install/runtime/3rdparty/tbb/include/tbb/task.h
-- Up-to-date: /home/chaofan/model_benchmark/benchmark/openvino/install/runtime/3rdparty/tbb/include/tbb/blocked_rangeNd.h
-- Up-to-date: /home/chaofan/model_benchmark/benchmark/openvino/install/runtime/3rdparty/tbb/include/tbb/concurrent_map.h
-- Up-to-date: /home/chaofan/model_benchmark/benchmark/openvino/install/runtime/3rdparty/tbb/include/tbb/null_mutex.h
-- Up-to-date: /home/chaofan/model_benchmark/benchmark/openvino/install/runtime/3rdparty/tbb/include/tbb/queuing_mutex.h
-- Up-to-date: /home/chaofan/model_benchmark/benchmark/openvino/install/runtime/3rdparty/tbb/include/tbb/combinable.h
-- Up-to-date: /home/chaofan/model_benchmark/benchmark/openvino/install/runtime/3rdparty/tbb/include/tbb/task_group.h
-- Up-to-date: /home/chaofan/model_benchmark/benchmark/openvino/install/runtime/3rdparty/tbb/include/tbb/null_rw_mutex.h
-- Up-to-date: /home/chaofan/model_benchmark/benchmark/openvino/install/runtime/3rdparty/tbb/include/tbb/tbb_allocator.h
-- Up-to-date: /home/chaofan/model_benchmark/benchmark/openvino/install/runtime/3rdparty/tbb/include/tbb/flow_graph_abstractions.h
-- Up-to-date: /home/chaofan/model_benchmark/benchmark/openvino/install/runtime/3rdparty/tbb/include/tbb/tick_count.h
-- Up-to-date: /home/chaofan/model_benchmark/benchmark/openvino/install/runtime/3rdparty/tbb/include/tbb/concurrent_hash_map.h
-- Up-to-date: /home/chaofan/model_benchmark/benchmark/openvino/install/runtime/3rdparty/tbb/include/tbb/parallel_pipeline.h
-- Up-to-date: /home/chaofan/model_benchmark/benchmark/openvino/install/runtime/3rdparty/tbb/include/tbb/enumerable_thread_specific.h
-- Up-to-date: /home/chaofan/model_benchmark/benchmark/openvino/install/runtime/3rdparty/tbb/include/tbb/parallel_sort.h
-- Up-to-date: /home/chaofan/model_benchmark/benchmark/openvino/install/runtime/3rdparty/tbb/include/tbb/concurrent_queue.h
-- Up-to-date: /home/chaofan/model_benchmark/benchmark/openvino/install/runtime/3rdparty/tbb/include/tbb/global_control.h
-- Up-to-date: /home/chaofan/model_benchmark/benchmark/openvino/install/runtime/3rdparty/tbb/include/tbb/scalable_allocator.h
-- Up-to-date: /home/chaofan/model_benchmark/benchmark/openvino/install/runtime/3rdparty/tbb/include/tbb/parallel_invoke.h
-- Up-to-date: /home/chaofan/model_benchmark/benchmark/openvino/install/runtime/3rdparty/tbb/include/tbb/queuing_rw_mutex.h
-- Up-to-date: /home/chaofan/model_benchmark/benchmark/openvino/install/runtime/3rdparty/tbb/include/tbb/concurrent_set.h
-- Up-to-date: /home/chaofan/model_benchmark/benchmark/openvino/install/runtime/3rdparty/tbb/include/tbb/cache_aligned_allocator.h
-- Up-to-date: /home/chaofan/model_benchmark/benchmark/openvino/install/runtime/3rdparty/tbb/include/tbb/concurrent_priority_queue.h
-- Up-to-date: /home/chaofan/model_benchmark/benchmark/openvino/install/runtime/3rdparty/tbb/include/tbb/parallel_for_each.h
-- Up-to-date: /home/chaofan/model_benchmark/benchmark/openvino/install/runtime/3rdparty/tbb/include/tbb/task_scheduler_observer.h
-- Up-to-date: /home/chaofan/model_benchmark/benchmark/openvino/install/runtime/3rdparty/tbb/include/tbb/tbb.h
-- Up-to-date: /home/chaofan/model_benchmark/benchmark/openvino/install/runtime/3rdparty/tbb/include/tbb/blocked_range2d.h
-- Up-to-date: /home/chaofan/model_benchmark/benchmark/openvino/install/runtime/3rdparty/tbb/include/tbb/memory_pool.h
-- Up-to-date: /home/chaofan/model_benchmark/benchmark/openvino/install/runtime/3rdparty/tbb/include/tbb/partitioner.h
-- Up-to-date: /home/chaofan/model_benchmark/benchmark/openvino/install/runtime/3rdparty/tbb/include/tbb/parallel_reduce.h
-- Up-to-date: /home/chaofan/model_benchmark/benchmark/openvino/install/runtime/3rdparty/tbb/include/tbb/spin_mutex.h
-- Up-to-date: /home/chaofan/model_benchmark/benchmark/openvino/install/runtime/3rdparty/tbb/include/tbb/flow_graph.h
-- Up-to-date: /home/chaofan/model_benchmark/benchmark/openvino/install/runtime/3rdparty/tbb/include/tbb/mutex.h
-- Up-to-date: /home/chaofan/model_benchmark/benchmark/openvino/install/runtime/3rdparty/tbb/include/tbb/concurrent_unordered_set.h
-- Up-to-date: /home/chaofan/model_benchmark/benchmark/openvino/install/runtime/3rdparty/tbb/include/tbb/rw_mutex.h
-- Up-to-date: /home/chaofan/model_benchmark/benchmark/openvino/install/runtime/3rdparty/tbb/include/tbb/collaborative_call_once.h
-- Up-to-date: /home/chaofan/model_benchmark/benchmark/openvino/install/runtime/3rdparty/tbb/include/tbb/concurrent_vector.h
-- Up-to-date: /home/chaofan/model_benchmark/benchmark/openvino/install/runtime/3rdparty/tbb/include/tbb/task_arena.h
-- Up-to-date: /home/chaofan/model_benchmark/benchmark/openvino/install/runtime/3rdparty/tbb/include/tbb/blocked_range3d.h
-- Up-to-date: /home/chaofan/model_benchmark/benchmark/openvino/install/runtime/3rdparty/tbb/include/tbb/blocked_range.h
-- Up-to-date: /home/chaofan/model_benchmark/benchmark/openvino/install/runtime/3rdparty/tbb/include/tbb/parallel_scan.h
-- Up-to-date: /home/chaofan/model_benchmark/benchmark/openvino/install/runtime/3rdparty/tbb/include/tbb/spin_rw_mutex.h
-- Up-to-date: /home/chaofan/model_benchmark/benchmark/openvino/install/runtime/3rdparty/tbb/include/tbb/version.h
-- Up-to-date: /home/chaofan/model_benchmark/benchmark/openvino/install/runtime/3rdparty/tbb/include/tbb/concurrent_unordered_map.h
-- Up-to-date: /home/chaofan/model_benchmark/benchmark/openvino/install/runtime/3rdparty/tbb/include/tbb/parallel_for.h
-- Up-to-date: /home/chaofan/model_benchmark/benchmark/openvino/install/runtime/3rdparty/tbb/include/tbb/concurrent_lru_cache.h
-- Up-to-date: /home/chaofan/model_benchmark/benchmark/openvino/install/runtime/3rdparty/tbb/include/tbb/tbbmalloc_proxy.h
-- Up-to-date: /home/chaofan/model_benchmark/benchmark/openvino/install/runtime/3rdparty/tbb/include/oneapi
-- Up-to-date: /home/chaofan/model_benchmark/benchmark/openvino/install/runtime/3rdparty/tbb/include/oneapi/tbb
-- Up-to-date: /home/chaofan/model_benchmark/benchmark/openvino/install/runtime/3rdparty/tbb/include/oneapi/tbb/profiling.h
-- Up-to-date: /home/chaofan/model_benchmark/benchmark/openvino/install/runtime/3rdparty/tbb/include/oneapi/tbb/info.h
-- Up-to-date: /home/chaofan/model_benchmark/benchmark/openvino/install/runtime/3rdparty/tbb/include/oneapi/tbb/task.h
-- Up-to-date: /home/chaofan/model_benchmark/benchmark/openvino/install/runtime/3rdparty/tbb/include/oneapi/tbb/blocked_rangeNd.h
-- Up-to-date: /home/chaofan/model_benchmark/benchmark/openvino/install/runtime/3rdparty/tbb/include/oneapi/tbb/concurrent_map.h
-- Up-to-date: /home/chaofan/model_benchmark/benchmark/openvino/install/runtime/3rdparty/tbb/include/oneapi/tbb/null_mutex.h
-- Up-to-date: /home/chaofan/model_benchmark/benchmark/openvino/install/runtime/3rdparty/tbb/include/oneapi/tbb/queuing_mutex.h
-- Up-to-date: /home/chaofan/model_benchmark/benchmark/openvino/install/runtime/3rdparty/tbb/include/oneapi/tbb/combinable.h
-- Up-to-date: /home/chaofan/model_benchmark/benchmark/openvino/install/runtime/3rdparty/tbb/include/oneapi/tbb/task_group.h
-- Up-to-date: /home/chaofan/model_benchmark/benchmark/openvino/install/runtime/3rdparty/tbb/include/oneapi/tbb/null_rw_mutex.h
-- Up-to-date: /home/chaofan/model_benchmark/benchmark/openvino/install/runtime/3rdparty/tbb/include/oneapi/tbb/tbb_allocator.h
-- Up-to-date: /home/chaofan/model_benchmark/benchmark/openvino/install/runtime/3rdparty/tbb/include/oneapi/tbb/flow_graph_abstractions.h
-- Up-to-date: /home/chaofan/model_benchmark/benchmark/openvino/install/runtime/3rdparty/tbb/include/oneapi/tbb/tick_count.h
-- Up-to-date: /home/chaofan/model_benchmark/benchmark/openvino/install/runtime/3rdparty/tbb/include/oneapi/tbb/detail
-- Up-to-date: /home/chaofan/model_benchmark/benchmark/openvino/install/runtime/3rdparty/tbb/include/oneapi/tbb/detail/_aggregator.h
-- Up-to-date: /home/chaofan/model_benchmark/benchmark/openvino/install/runtime/3rdparty/tbb/include/oneapi/tbb/detail/_aligned_space.h
-- Up-to-date: /home/chaofan/model_benchmark/benchmark/openvino/install/runtime/3rdparty/tbb/include/oneapi/tbb/detail/_segment_table.h
-- Up-to-date: /home/chaofan/model_benchmark/benchmark/openvino/install/runtime/3rdparty/tbb/include/oneapi/tbb/detail/_concurrent_queue_base.h
-- Up-to-date: /home/chaofan/model_benchmark/benchmark/openvino/install/runtime/3rdparty/tbb/include/oneapi/tbb/detail/_intrusive_list_node.h
-- Up-to-date: /home/chaofan/model_benchmark/benchmark/openvino/install/runtime/3rdparty/tbb/include/oneapi/tbb/detail/_hash_compare.h
-- Up-to-date: /home/chaofan/model_benchmark/benchmark/openvino/install/runtime/3rdparty/tbb/include/oneapi/tbb/detail/_waitable_atomic.h
-- Up-to-date: /home/chaofan/model_benchmark/benchmark/openvino/install/runtime/3rdparty/tbb/include/oneapi/tbb/detail/_flow_graph_impl.h
-- Up-to-date: /home/chaofan/model_benchmark/benchmark/openvino/install/runtime/3rdparty/tbb/include/oneapi/tbb/detail/_rtm_mutex.h
-- Up-to-date: /home/chaofan/model_benchmark/benchmark/openvino/install/runtime/3rdparty/tbb/include/oneapi/tbb/detail/_flow_graph_tagged_buffer_impl.h
-- Up-to-date: /home/chaofan/model_benchmark/benchmark/openvino/install/runtime/3rdparty/tbb/include/oneapi/tbb/detail/_namespace_injection.h
-- Up-to-date: /home/chaofan/model_benchmark/benchmark/openvino/install/runtime/3rdparty/tbb/include/oneapi/tbb/detail/_task_handle.h
-- Up-to-date: /home/chaofan/model_benchmark/benchmark/openvino/install/runtime/3rdparty/tbb/include/oneapi/tbb/detail/_flow_graph_indexer_impl.h
-- Up-to-date: /home/chaofan/model_benchmark/benchmark/openvino/install/runtime/3rdparty/tbb/include/oneapi/tbb/detail/_attach.h
-- Up-to-date: /home/chaofan/model_benchmark/benchmark/openvino/install/runtime/3rdparty/tbb/include/oneapi/tbb/detail/_flow_graph_cache_impl.h
-- Up-to-date: /home/chaofan/model_benchmark/benchmark/openvino/install/runtime/3rdparty/tbb/include/oneapi/tbb/detail/_pipeline_filters.h
-- Up-to-date: /home/chaofan/model_benchmark/benchmark/openvino/install/runtime/3rdparty/tbb/include/oneapi/tbb/detail/_export.h
-- Up-to-date: /home/chaofan/model_benchmark/benchmark/openvino/install/runtime/3rdparty/tbb/include/oneapi/tbb/detail/_string_resource.h
-- Up-to-date: /home/chaofan/model_benchmark/benchmark/openvino/install/runtime/3rdparty/tbb/include/oneapi/tbb/detail/_utils.h
-- Up-to-date: /home/chaofan/model_benchmark/benchmark/openvino/install/runtime/3rdparty/tbb/include/oneapi/tbb/detail/_flow_graph_body_impl.h
-- Up-to-date: /home/chaofan/model_benchmark/benchmark/openvino/install/runtime/3rdparty/tbb/include/oneapi/tbb/detail/_concurrent_unordered_base.h
-- Up-to-date: /home/chaofan/model_benchmark/benchmark/openvino/install/runtime/3rdparty/tbb/include/oneapi/tbb/detail/_flow_graph_node_set_impl.h
-- Up-to-date: /home/chaofan/model_benchmark/benchmark/openvino/install/runtime/3rdparty/tbb/include/oneapi/tbb/detail/_flow_graph_trace_impl.h
-- Up-to-date: /home/chaofan/model_benchmark/benchmark/openvino/install/runtime/3rdparty/tbb/include/oneapi/tbb/detail/_small_object_pool.h
-- Up-to-date: /home/chaofan/model_benchmark/benchmark/openvino/install/runtime/3rdparty/tbb/include/oneapi/tbb/detail/_assert.h
-- Up-to-date: /home/chaofan/model_benchmark/benchmark/openvino/install/runtime/3rdparty/tbb/include/oneapi/tbb/detail/_flow_graph_node_impl.h
-- Up-to-date: /home/chaofan/model_benchmark/benchmark/openvino/install/runtime/3rdparty/tbb/include/oneapi/tbb/detail/_containers_helpers.h
-- Up-to-date: /home/chaofan/model_benchmark/benchmark/openvino/install/runtime/3rdparty/tbb/include/oneapi/tbb/detail/_machine.h
-- Up-to-date: /home/chaofan/model_benchmark/benchmark/openvino/install/runtime/3rdparty/tbb/include/oneapi/tbb/detail/_config.h
-- Up-to-date: /home/chaofan/model_benchmark/benchmark/openvino/install/runtime/3rdparty/tbb/include/oneapi/tbb/detail/_flow_graph_types_impl.h
-- Up-to-date: /home/chaofan/model_benchmark/benchmark/openvino/install/runtime/3rdparty/tbb/include/oneapi/tbb/detail/_exception.h
-- Up-to-date: /home/chaofan/model_benchmark/benchmark/openvino/install/runtime/3rdparty/tbb/include/oneapi/tbb/detail/_mutex_common.h
-- Up-to-date: /home/chaofan/model_benchmark/benchmark/openvino/install/runtime/3rdparty/tbb/include/oneapi/tbb/detail/_flow_graph_nodes_deduction.h
-- Up-to-date: /home/chaofan/model_benchmark/benchmark/openvino/install/runtime/3rdparty/tbb/include/oneapi/tbb/detail/_flow_graph_item_buffer_impl.h
-- Up-to-date: /home/chaofan/model_benchmark/benchmark/openvino/install/runtime/3rdparty/tbb/include/oneapi/tbb/detail/_scoped_lock.h
-- Up-to-date: /home/chaofan/model_benchmark/benchmark/openvino/install/runtime/3rdparty/tbb/include/oneapi/tbb/detail/_flow_graph_join_impl.h
-- Up-to-date: /home/chaofan/model_benchmark/benchmark/openvino/install/runtime/3rdparty/tbb/include/oneapi/tbb/detail/_template_helpers.h
-- Up-to-date: /home/chaofan/model_benchmark/benchmark/openvino/install/runtime/3rdparty/tbb/include/oneapi/tbb/detail/_rtm_rw_mutex.h
-- Up-to-date: /home/chaofan/model_benchmark/benchmark/openvino/install/runtime/3rdparty/tbb/include/oneapi/tbb/detail/_task.h
-- Up-to-date: /home/chaofan/model_benchmark/benchmark/openvino/install/runtime/3rdparty/tbb/include/oneapi/tbb/detail/_pipeline_filters_deduction.h
-- Up-to-date: /home/chaofan/model_benchmark/benchmark/openvino/install/runtime/3rdparty/tbb/include/oneapi/tbb/detail/_concurrent_skip_list.h
-- Up-to-date: /home/chaofan/model_benchmark/benchmark/openvino/install/runtime/3rdparty/tbb/include/oneapi/tbb/detail/_node_handle.h
-- Up-to-date: /home/chaofan/model_benchmark/benchmark/openvino/install/runtime/3rdparty/tbb/include/oneapi/tbb/detail/_allocator_traits.h
-- Up-to-date: /home/chaofan/model_benchmark/benchmark/openvino/install/runtime/3rdparty/tbb/include/oneapi/tbb/detail/_range_common.h
-- Up-to-date: /home/chaofan/model_benchmark/benchmark/openvino/install/runtime/3rdparty/tbb/include/oneapi/tbb/concurrent_hash_map.h
-- Up-to-date: /home/chaofan/model_benchmark/benchmark/openvino/install/runtime/3rdparty/tbb/include/oneapi/tbb/parallel_pipeline.h
-- Up-to-date: /home/chaofan/model_benchmark/benchmark/openvino/install/runtime/3rdparty/tbb/include/oneapi/tbb/enumerable_thread_specific.h
-- Up-to-date: /home/chaofan/model_benchmark/benchmark/openvino/install/runtime/3rdparty/tbb/include/oneapi/tbb/parallel_sort.h
-- Up-to-date: /home/chaofan/model_benchmark/benchmark/openvino/install/runtime/3rdparty/tbb/include/oneapi/tbb/concurrent_queue.h
-- Up-to-date: /home/chaofan/model_benchmark/benchmark/openvino/install/runtime/3rdparty/tbb/include/oneapi/tbb/global_control.h
-- Up-to-date: /home/chaofan/model_benchmark/benchmark/openvino/install/runtime/3rdparty/tbb/include/oneapi/tbb/scalable_allocator.h
-- Up-to-date: /home/chaofan/model_benchmark/benchmark/openvino/install/runtime/3rdparty/tbb/include/oneapi/tbb/parallel_invoke.h
-- Up-to-date: /home/chaofan/model_benchmark/benchmark/openvino/install/runtime/3rdparty/tbb/include/oneapi/tbb/queuing_rw_mutex.h
-- Up-to-date: /home/chaofan/model_benchmark/benchmark/openvino/install/runtime/3rdparty/tbb/include/oneapi/tbb/concurrent_set.h
-- Up-to-date: /home/chaofan/model_benchmark/benchmark/openvino/install/runtime/3rdparty/tbb/include/oneapi/tbb/cache_aligned_allocator.h
-- Up-to-date: /home/chaofan/model_benchmark/benchmark/openvino/install/runtime/3rdparty/tbb/include/oneapi/tbb/concurrent_priority_queue.h
-- Up-to-date: /home/chaofan/model_benchmark/benchmark/openvino/install/runtime/3rdparty/tbb/include/oneapi/tbb/parallel_for_each.h
-- Up-to-date: /home/chaofan/model_benchmark/benchmark/openvino/install/runtime/3rdparty/tbb/include/oneapi/tbb/task_scheduler_observer.h
-- Up-to-date: /home/chaofan/model_benchmark/benchmark/openvino/install/runtime/3rdparty/tbb/include/oneapi/tbb/blocked_range2d.h
-- Up-to-date: /home/chaofan/model_benchmark/benchmark/openvino/install/runtime/3rdparty/tbb/include/oneapi/tbb/memory_pool.h
-- Up-to-date: /home/chaofan/model_benchmark/benchmark/openvino/install/runtime/3rdparty/tbb/include/oneapi/tbb/partitioner.h
-- Up-to-date: /home/chaofan/model_benchmark/benchmark/openvino/install/runtime/3rdparty/tbb/include/oneapi/tbb/parallel_reduce.h
-- Up-to-date: /home/chaofan/model_benchmark/benchmark/openvino/install/runtime/3rdparty/tbb/include/oneapi/tbb/spin_mutex.h
-- Up-to-date: /home/chaofan/model_benchmark/benchmark/openvino/install/runtime/3rdparty/tbb/include/oneapi/tbb/flow_graph.h
-- Up-to-date: /home/chaofan/model_benchmark/benchmark/openvino/install/runtime/3rdparty/tbb/include/oneapi/tbb/mutex.h
-- Up-to-date: /home/chaofan/model_benchmark/benchmark/openvino/install/runtime/3rdparty/tbb/include/oneapi/tbb/concurrent_unordered_set.h
-- Up-to-date: /home/chaofan/model_benchmark/benchmark/openvino/install/runtime/3rdparty/tbb/include/oneapi/tbb/rw_mutex.h
-- Up-to-date: /home/chaofan/model_benchmark/benchmark/openvino/install/runtime/3rdparty/tbb/include/oneapi/tbb/collaborative_call_once.h
-- Up-to-date: /home/chaofan/model_benchmark/benchmark/openvino/install/runtime/3rdparty/tbb/include/oneapi/tbb/concurrent_vector.h
-- Up-to-date: /home/chaofan/model_benchmark/benchmark/openvino/install/runtime/3rdparty/tbb/include/oneapi/tbb/task_arena.h
-- Up-to-date: /home/chaofan/model_benchmark/benchmark/openvino/install/runtime/3rdparty/tbb/include/oneapi/tbb/blocked_range3d.h
-- Up-to-date: /home/chaofan/model_benchmark/benchmark/openvino/install/runtime/3rdparty/tbb/include/oneapi/tbb/blocked_range.h
-- Up-to-date: /home/chaofan/model_benchmark/benchmark/openvino/install/runtime/3rdparty/tbb/include/oneapi/tbb/parallel_scan.h
-- Up-to-date: /home/chaofan/model_benchmark/benchmark/openvino/install/runtime/3rdparty/tbb/include/oneapi/tbb/spin_rw_mutex.h
-- Up-to-date: /home/chaofan/model_benchmark/benchmark/openvino/install/runtime/3rdparty/tbb/include/oneapi/tbb/version.h
-- Up-to-date: /home/chaofan/model_benchmark/benchmark/openvino/install/runtime/3rdparty/tbb/include/oneapi/tbb/concurrent_unordered_map.h
-- Up-to-date: /home/chaofan/model_benchmark/benchmark/openvino/install/runtime/3rdparty/tbb/include/oneapi/tbb/parallel_for.h
-- Up-to-date: /home/chaofan/model_benchmark/benchmark/openvino/install/runtime/3rdparty/tbb/include/oneapi/tbb/concurrent_lru_cache.h
-- Up-to-date: /home/chaofan/model_benchmark/benchmark/openvino/install/runtime/3rdparty/tbb/include/oneapi/tbb/tbbmalloc_proxy.h
-- Up-to-date: /home/chaofan/model_benchmark/benchmark/openvino/install/runtime/3rdparty/tbb/include/oneapi/tbb.h
-- Up-to-date: /home/chaofan/model_benchmark/benchmark/openvino/install/runtime/include
-- Up-to-date: /home/chaofan/model_benchmark/benchmark/openvino/install/runtime/include/openvino
-- Up-to-date: /home/chaofan/model_benchmark/benchmark/openvino/install/runtime/include/openvino/opsets
-- Up-to-date: /home/chaofan/model_benchmark/benchmark/openvino/install/runtime/include/openvino/opsets/opset5.hpp
-- Up-to-date: /home/chaofan/model_benchmark/benchmark/openvino/install/runtime/include/openvino/opsets/opset9_tbl.hpp
-- Up-to-date: /home/chaofan/model_benchmark/benchmark/openvino/install/runtime/include/openvino/opsets/opset12.hpp
-- Up-to-date: /home/chaofan/model_benchmark/benchmark/openvino/install/runtime/include/openvino/opsets/opset2_tbl.hpp
-- Up-to-date: /home/chaofan/model_benchmark/benchmark/openvino/install/runtime/include/openvino/opsets/opset6_tbl.hpp
-- Up-to-date: /home/chaofan/model_benchmark/benchmark/openvino/install/runtime/include/openvino/opsets/opset8_tbl.hpp
-- Up-to-date: /home/chaofan/model_benchmark/benchmark/openvino/install/runtime/include/openvino/opsets/opset13_tbl.hpp
-- Up-to-date: /home/chaofan/model_benchmark/benchmark/openvino/install/runtime/include/openvino/opsets/opset10_tbl.hpp
-- Up-to-date: /home/chaofan/model_benchmark/benchmark/openvino/install/runtime/include/openvino/opsets/opset.hpp
-- Up-to-date: /home/chaofan/model_benchmark/benchmark/openvino/install/runtime/include/openvino/opsets/opset16.hpp
-- Up-to-date: /home/chaofan/model_benchmark/benchmark/openvino/install/runtime/include/openvino/opsets/opset11.hpp
-- Up-to-date: /home/chaofan/model_benchmark/benchmark/openvino/install/runtime/include/openvino/opsets/opset16_tbl.hpp
-- Up-to-date: /home/chaofan/model_benchmark/benchmark/openvino/install/runtime/include/openvino/opsets/opset3_tbl.hpp
-- Up-to-date: /home/chaofan/model_benchmark/benchmark/openvino/install/runtime/include/openvino/opsets/opset3.hpp
-- Up-to-date: /home/chaofan/model_benchmark/benchmark/openvino/install/runtime/include/openvino/opsets/opset14.hpp
-- Up-to-date: /home/chaofan/model_benchmark/benchmark/openvino/install/runtime/include/openvino/opsets/opset11_tbl.hpp
-- Up-to-date: /home/chaofan/model_benchmark/benchmark/openvino/install/runtime/include/openvino/opsets/opset7.hpp
-- Up-to-date: /home/chaofan/model_benchmark/benchmark/openvino/install/runtime/include/openvino/opsets/opset15_tbl.hpp
-- Up-to-date: /home/chaofan/model_benchmark/benchmark/openvino/install/runtime/include/openvino/opsets/opset14_tbl.hpp
-- Up-to-date: /home/chaofan/model_benchmark/benchmark/openvino/install/runtime/include/openvino/opsets/opset4.hpp
-- Up-to-date: /home/chaofan/model_benchmark/benchmark/openvino/install/runtime/include/openvino/opsets/opset7_tbl.hpp
-- Up-to-date: /home/chaofan/model_benchmark/benchmark/openvino/install/runtime/include/openvino/opsets/opset12_tbl.hpp
-- Up-to-date: /home/chaofan/model_benchmark/benchmark/openvino/install/runtime/include/openvino/opsets/opset17_tbl.hpp
-- Up-to-date: /home/chaofan/model_benchmark/benchmark/openvino/install/runtime/include/openvino/opsets/opset13.hpp
-- Up-to-date: /home/chaofan/model_benchmark/benchmark/openvino/install/runtime/include/openvino/opsets/opset8.hpp
-- Up-to-date: /home/chaofan/model_benchmark/benchmark/openvino/install/runtime/include/openvino/opsets/opset6.hpp
-- Up-to-date: /home/chaofan/model_benchmark/benchmark/openvino/install/runtime/include/openvino/opsets/opset17.hpp
-- Up-to-date: /home/chaofan/model_benchmark/benchmark/openvino/install/runtime/include/openvino/opsets/opset1_tbl.hpp
-- Up-to-date: /home/chaofan/model_benchmark/benchmark/openvino/install/runtime/include/openvino/opsets/opset1.hpp
-- Up-to-date: /home/chaofan/model_benchmark/benchmark/openvino/install/runtime/include/openvino/opsets/opset9.hpp
-- Up-to-date: /home/chaofan/model_benchmark/benchmark/openvino/install/runtime/include/openvino/opsets/opset2.hpp
-- Up-to-date: /home/chaofan/model_benchmark/benchmark/openvino/install/runtime/include/openvino/opsets/opset15.hpp
-- Up-to-date: /home/chaofan/model_benchmark/benchmark/openvino/install/runtime/include/openvino/opsets/opset5_tbl.hpp
-- Up-to-date: /home/chaofan/model_benchmark/benchmark/openvino/install/runtime/include/openvino/opsets/opset10.hpp
-- Up-to-date: /home/chaofan/model_benchmark/benchmark/openvino/install/runtime/include/openvino/opsets/opset4_tbl.hpp
-- Up-to-date: /home/chaofan/model_benchmark/benchmark/openvino/install/runtime/include/openvino/pass
-- Up-to-date: /home/chaofan/model_benchmark/benchmark/openvino/install/runtime/include/openvino/pass/backward_graph_rewrite.hpp
-- Up-to-date: /home/chaofan/model_benchmark/benchmark/openvino/install/runtime/include/openvino/pass/low_latency.hpp
-- Up-to-date: /home/chaofan/model_benchmark/benchmark/openvino/install/runtime/include/openvino/pass/serialize.hpp
-- Up-to-date: /home/chaofan/model_benchmark/benchmark/openvino/install/runtime/include/openvino/pass/manager.hpp
-- Up-to-date: /home/chaofan/model_benchmark/benchmark/openvino/install/runtime/include/openvino/pass/pass_config.hpp
-- Up-to-date: /home/chaofan/model_benchmark/benchmark/openvino/install/runtime/include/openvino/pass/pass.hpp
-- Up-to-date: /home/chaofan/model_benchmark/benchmark/openvino/install/runtime/include/openvino/pass/convert_fp32_to_fp16.hpp
-- Up-to-date: /home/chaofan/model_benchmark/benchmark/openvino/install/runtime/include/openvino/pass/graph_rewrite.hpp
-- Up-to-date: /home/chaofan/model_benchmark/benchmark/openvino/install/runtime/include/openvino/pass/visualize_tree.hpp
-- Up-to-date: /home/chaofan/model_benchmark/benchmark/openvino/install/runtime/include/openvino/pass/matcher_pass.hpp
-- Up-to-date: /home/chaofan/model_benchmark/benchmark/openvino/install/runtime/include/openvino/pass/sdpa_to_vlsdpa.hpp
-- Up-to-date: /home/chaofan/model_benchmark/benchmark/openvino/install/runtime/include/openvino/pass/validate.hpp
-- Up-to-date: /home/chaofan/model_benchmark/benchmark/openvino/install/runtime/include/openvino/pass/node_registry.hpp
-- Up-to-date: /home/chaofan/model_benchmark/benchmark/openvino/install/runtime/include/openvino/pass/stateful_to_stateless.hpp
-- Up-to-date: /home/chaofan/model_benchmark/benchmark/openvino/install/runtime/include/openvino/pass/make_stateful.hpp
-- Up-to-date: /home/chaofan/model_benchmark/benchmark/openvino/install/runtime/include/openvino/pass/pattern
-- Up-to-date: /home/chaofan/model_benchmark/benchmark/openvino/install/runtime/include/openvino/pass/pattern/matcher.hpp
-- Up-to-date: /home/chaofan/model_benchmark/benchmark/openvino/install/runtime/include/openvino/pass/pattern/multi_matcher.hpp
-- Up-to-date: /home/chaofan/model_benchmark/benchmark/openvino/install/runtime/include/openvino/pass/pattern/op
-- Up-to-date: /home/chaofan/model_benchmark/benchmark/openvino/install/runtime/include/openvino/pass/pattern/op/op.hpp
-- Up-to-date: /home/chaofan/model_benchmark/benchmark/openvino/install/runtime/include/openvino/pass/pattern/op/predicate.hpp
-- Up-to-date: /home/chaofan/model_benchmark/benchmark/openvino/install/runtime/include/openvino/pass/pattern/op/any.hpp
-- Up-to-date: /home/chaofan/model_benchmark/benchmark/openvino/install/runtime/include/openvino/pass/pattern/op/any_output.hpp
-- Up-to-date: /home/chaofan/model_benchmark/benchmark/openvino/install/runtime/include/openvino/pass/pattern/op/any_of.hpp
-- Up-to-date: /home/chaofan/model_benchmark/benchmark/openvino/install/runtime/include/openvino/pass/pattern/op/or.hpp
-- Up-to-date: /home/chaofan/model_benchmark/benchmark/openvino/install/runtime/include/openvino/pass/pattern/op/label.hpp
-- Up-to-date: /home/chaofan/model_benchmark/benchmark/openvino/install/runtime/include/openvino/pass/pattern/op/block_util.hpp
-- Up-to-date: /home/chaofan/model_benchmark/benchmark/openvino/install/runtime/include/openvino/pass/pattern/op/true.hpp
-- Up-to-date: /home/chaofan/model_benchmark/benchmark/openvino/install/runtime/include/openvino/pass/pattern/op/wrap_type.hpp
-- Up-to-date: /home/chaofan/model_benchmark/benchmark/openvino/install/runtime/include/openvino/pass/pattern/op/block.hpp
-- Up-to-date: /home/chaofan/model_benchmark/benchmark/openvino/install/runtime/include/openvino/pass/pattern/op/pattern.hpp
-- Up-to-date: /home/chaofan/model_benchmark/benchmark/openvino/install/runtime/include/openvino/pass/pattern/op/optional.hpp
-- Up-to-date: /home/chaofan/model_benchmark/benchmark/openvino/install/runtime/include/openvino/pass/pa_kv_reorder_fusion.hpp
-- Up-to-date: /home/chaofan/model_benchmark/benchmark/openvino/install/runtime/include/openvino/pass/constant_folding.hpp
-- Up-to-date: /home/chaofan/model_benchmark/benchmark/openvino/install/runtime/include/openvino/pass/sdpa_to_paged_attention.hpp
-- Up-to-date: /home/chaofan/model_benchmark/benchmark/openvino/install/runtime/include/openvino/op
-- Up-to-date: /home/chaofan/model_benchmark/benchmark/openvino/install/runtime/include/openvino/op/embeddingbag_packedsum.hpp
-- Up-to-date: /home/chaofan/model_benchmark/benchmark/openvino/install/runtime/include/openvino/op/minimum.hpp
-- Up-to-date: /home/chaofan/model_benchmark/benchmark/openvino/install/runtime/include/openvino/op/matrix_nms.hpp
-- Up-to-date: /home/chaofan/model_benchmark/benchmark/openvino/install/runtime/include/openvino/op/experimental_detectron_detection_output.hpp
-- Up-to-date: /home/chaofan/model_benchmark/benchmark/openvino/install/runtime/include/openvino/op/cos.hpp
-- Up-to-date: /home/chaofan/model_benchmark/benchmark/openvino/install/runtime/include/openvino/op/prior_box_clustered.hpp
-- Up-to-date: /home/chaofan/model_benchmark/benchmark/openvino/install/runtime/include/openvino/op/experimental_detectron_generate_proposals.hpp
-- Up-to-date: /home/chaofan/model_benchmark/benchmark/openvino/install/runtime/include/openvino/op/embeddingbag_offsets.hpp
-- Up-to-date: /home/chaofan/model_benchmark/benchmark/openvino/install/runtime/include/openvino/op/softsign.hpp
-- Up-to-date: /home/chaofan/model_benchmark/benchmark/openvino/install/runtime/include/openvino/op/op.hpp
-- Up-to-date: /home/chaofan/model_benchmark/benchmark/openvino/install/runtime/include/openvino/op/logical_not.hpp
-- Up-to-date: /home/chaofan/model_benchmark/benchmark/openvino/install/runtime/include/openvino/op/selu.hpp
-- Up-to-date: /home/chaofan/model_benchmark/benchmark/openvino/install/runtime/include/openvino/op/identity.hpp
-- Up-to-date: /home/chaofan/model_benchmark/benchmark/openvino/install/runtime/include/openvino/op/split.hpp
-- Up-to-date: /home/chaofan/model_benchmark/benchmark/openvino/install/runtime/include/openvino/op/reduce_l2.hpp
-- Up-to-date: /home/chaofan/model_benchmark/benchmark/openvino/install/runtime/include/openvino/op/i420_to_rgb.hpp
-- Up-to-date: /home/chaofan/model_benchmark/benchmark/openvino/install/runtime/include/openvino/op/maximum.hpp
-- Up-to-date: /home/chaofan/model_benchmark/benchmark/openvino/install/runtime/include/openvino/op/atanh.hpp
-- Up-to-date: /home/chaofan/model_benchmark/benchmark/openvino/install/runtime/include/openvino/op/grn.hpp
-- Up-to-date: /home/chaofan/model_benchmark/benchmark/openvino/install/runtime/include/openvino/op/deformable_convolution.hpp
-- Up-to-date: /home/chaofan/model_benchmark/benchmark/openvino/install/runtime/include/openvino/op/roll.hpp
-- Up-to-date: /home/chaofan/model_benchmark/benchmark/openvino/install/runtime/include/openvino/op/reduce_logical_and.hpp
-- Up-to-date: /home/chaofan/model_benchmark/benchmark/openvino/install/runtime/include/openvino/op/convolution.hpp
-- Up-to-date: /home/chaofan/model_benchmark/benchmark/openvino/install/runtime/include/openvino/op/unique.hpp
-- Up-to-date: /home/chaofan/model_benchmark/benchmark/openvino/install/runtime/include/openvino/op/tan.hpp
-- Up-to-date: /home/chaofan/model_benchmark/benchmark/openvino/install/runtime/include/openvino/op/rdft.hpp
-- Up-to-date: /home/chaofan/model_benchmark/benchmark/openvino/install/runtime/include/openvino/op/parameter.hpp
-- Up-to-date: /home/chaofan/model_benchmark/benchmark/openvino/install/runtime/include/openvino/op/cosh.hpp
-- Up-to-date: /home/chaofan/model_benchmark/benchmark/openvino/install/runtime/include/openvino/op/power.hpp
-- Up-to-date: /home/chaofan/model_benchmark/benchmark/openvino/install/runtime/include/openvino/op/loop.hpp
-- Up-to-date: /home/chaofan/model_benchmark/benchmark/openvino/install/runtime/include/openvino/op/experimental_detectron_prior_grid_generator.hpp
-- Up-to-date: /home/chaofan/model_benchmark/benchmark/openvino/install/runtime/include/openvino/op/batch_norm.hpp
-- Up-to-date: /home/chaofan/model_benchmark/benchmark/openvino/install/runtime/include/openvino/op/tile.hpp
-- Up-to-date: /home/chaofan/model_benchmark/benchmark/openvino/install/runtime/include/openvino/op/space_to_depth.hpp
-- Up-to-date: /home/chaofan/model_benchmark/benchmark/openvino/install/runtime/include/openvino/op/gru_cell.hpp
-- Up-to-date: /home/chaofan/model_benchmark/benchmark/openvino/install/runtime/include/openvino/op/ceiling.hpp
-- Up-to-date: /home/chaofan/model_benchmark/benchmark/openvino/install/runtime/include/openvino/op/non_max_suppression.hpp
-- Up-to-date: /home/chaofan/model_benchmark/benchmark/openvino/install/runtime/include/openvino/op/space_to_batch.hpp
-- Up-to-date: /home/chaofan/model_benchmark/benchmark/openvino/install/runtime/include/openvino/op/softplus.hpp
-- Up-to-date: /home/chaofan/model_benchmark/benchmark/openvino/install/runtime/include/openvino/op/reduce_min.hpp
-- Up-to-date: /home/chaofan/model_benchmark/benchmark/openvino/install/runtime/include/openvino/op/squared_difference.hpp
-- Up-to-date: /home/chaofan/model_benchmark/benchmark/openvino/install/runtime/include/openvino/op/sink.hpp
-- Up-to-date: /home/chaofan/model_benchmark/benchmark/openvino/install/runtime/include/openvino/op/ops.hpp
-- Up-to-date: /home/chaofan/model_benchmark/benchmark/openvino/install/runtime/include/openvino/op/idft.hpp
-- Up-to-date: /home/chaofan/model_benchmark/benchmark/openvino/install/runtime/include/openvino/op/reduce_logical_or.hpp
-- Up-to-date: /home/chaofan/model_benchmark/benchmark/openvino/install/runtime/include/openvino/op/logical_or.hpp
-- Up-to-date: /home/chaofan/model_benchmark/benchmark/openvino/install/runtime/include/openvino/op/convert.hpp
-- Up-to-date: /home/chaofan/model_benchmark/benchmark/openvino/install/runtime/include/openvino/op/divide.hpp
-- Up-to-date: /home/chaofan/model_benchmark/benchmark/openvino/install/runtime/include/openvino/op/proposal.hpp
-- Up-to-date: /home/chaofan/model_benchmark/benchmark/openvino/install/runtime/include/openvino/op/segment_max.hpp
-- Up-to-date: /home/chaofan/model_benchmark/benchmark/openvino/install/runtime/include/openvino/op/atan.hpp
-- Up-to-date: /home/chaofan/model_benchmark/benchmark/openvino/install/runtime/include/openvino/op/experimental_detectron_topkrois.hpp
-- Up-to-date: /home/chaofan/model_benchmark/benchmark/openvino/install/runtime/include/openvino/op/dft.hpp
-- Up-to-date: /home/chaofan/model_benchmark/benchmark/openvino/install/runtime/include/openvino/op/irdft.hpp
-- Up-to-date: /home/chaofan/model_benchmark/benchmark/openvino/install/runtime/include/openvino/op/lstm_cell.hpp
-- Up-to-date: /home/chaofan/model_benchmark/benchmark/openvino/install/runtime/include/openvino/op/rnn_sequence.hpp
-- Up-to-date: /home/chaofan/model_benchmark/benchmark/openvino/install/runtime/include/openvino/op/istft.hpp
-- Up-to-date: /home/chaofan/model_benchmark/benchmark/openvino/install/runtime/include/openvino/op/reorg_yolo.hpp
-- Up-to-date: /home/chaofan/model_benchmark/benchmark/openvino/install/runtime/include/openvino/op/is_inf.hpp
-- Up-to-date: /home/chaofan/model_benchmark/benchmark/openvino/install/runtime/include/openvino/op/concat.hpp
-- Up-to-date: /home/chaofan/model_benchmark/benchmark/openvino/install/runtime/include/openvino/op/bitwise_or.hpp
-- Up-to-date: /home/chaofan/model_benchmark/benchmark/openvino/install/runtime/include/openvino/op/util
-- Up-to-date: /home/chaofan/model_benchmark/benchmark/openvino/install/runtime/include/openvino/op/util/recurrent_sequence.hpp
-- Up-to-date: /home/chaofan/model_benchmark/benchmark/openvino/install/runtime/include/openvino/op/util/elementwise_args.hpp
-- Up-to-date: /home/chaofan/model_benchmark/benchmark/openvino/install/runtime/include/openvino/op/util/convert_color_nv12_base.hpp
-- Up-to-date: /home/chaofan/model_benchmark/benchmark/openvino/install/runtime/include/openvino/op/util/variable_context.hpp
-- Up-to-date: /home/chaofan/model_benchmark/benchmark/openvino/install/runtime/include/openvino/op/util/variable_value.hpp
-- Up-to-date: /home/chaofan/model_benchmark/benchmark/openvino/install/runtime/include/openvino/op/util/activation_functions.hpp
-- Up-to-date: /home/chaofan/model_benchmark/benchmark/openvino/install/runtime/include/openvino/op/util/roi_align_base.hpp
-- Up-to-date: /home/chaofan/model_benchmark/benchmark/openvino/install/runtime/include/openvino/op/util/detection_output_base.hpp
-- Up-to-date: /home/chaofan/model_benchmark/benchmark/openvino/install/runtime/include/openvino/op/util/avg_pool_base.hpp
-- Up-to-date: /home/chaofan/model_benchmark/benchmark/openvino/install/runtime/include/openvino/op/util/scatter_nd_base.hpp
-- Up-to-date: /home/chaofan/model_benchmark/benchmark/openvino/install/runtime/include/openvino/op/util/topk_base.hpp
-- Up-to-date: /home/chaofan/model_benchmark/benchmark/openvino/install/runtime/include/openvino/op/util/read_value_base.hpp
-- Up-to-date: /home/chaofan/model_benchmark/benchmark/openvino/install/runtime/include/openvino/op/util/scatter_elements_update_base.hpp
-- Up-to-date: /home/chaofan/model_benchmark/benchmark/openvino/install/runtime/include/openvino/op/util/unary_elementwise_arithmetic.hpp
-- Up-to-date: /home/chaofan/model_benchmark/benchmark/openvino/install/runtime/include/openvino/op/util/convert_color_i420_base.hpp
-- Up-to-date: /home/chaofan/model_benchmark/benchmark/openvino/install/runtime/include/openvino/op/util/deformable_convolution_base.hpp
-- Up-to-date: /home/chaofan/model_benchmark/benchmark/openvino/install/runtime/include/openvino/op/util/binary_elementwise_bitwise.hpp
-- Up-to-date: /home/chaofan/model_benchmark/benchmark/openvino/install/runtime/include/openvino/op/util/logical_reduction_keep_dims.hpp
-- Up-to-date: /home/chaofan/model_benchmark/benchmark/openvino/install/runtime/include/openvino/op/util/binary_elementwise_comparison.hpp
-- Up-to-date: /home/chaofan/model_benchmark/benchmark/openvino/install/runtime/include/openvino/op/util/framework_node.hpp
-- Up-to-date: /home/chaofan/model_benchmark/benchmark/openvino/install/runtime/include/openvino/op/util/embeddingbag_offsets_base.hpp
-- Up-to-date: /home/chaofan/model_benchmark/benchmark/openvino/install/runtime/include/openvino/op/util/squeeze_base.hpp
-- Up-to-date: /home/chaofan/model_benchmark/benchmark/openvino/install/runtime/include/openvino/op/util/scatter_base.hpp
-- Up-to-date: /home/chaofan/model_benchmark/benchmark/openvino/install/runtime/include/openvino/op/util/embeddingbag_packed_base.hpp
-- Up-to-date: /home/chaofan/model_benchmark/benchmark/openvino/install/runtime/include/openvino/op/util/sub_graph_base.hpp
-- Up-to-date: /home/chaofan/model_benchmark/benchmark/openvino/install/runtime/include/openvino/op/util/one_hot_base.hpp
-- Up-to-date: /home/chaofan/model_benchmark/benchmark/openvino/install/runtime/include/openvino/op/util/arithmetic_reduction.hpp
-- Up-to-date: /home/chaofan/model_benchmark/benchmark/openvino/install/runtime/include/openvino/op/util/fft_base.hpp
-- Up-to-date: /home/chaofan/model_benchmark/benchmark/openvino/install/runtime/include/openvino/op/util/binary_elementwise_logical.hpp
-- Up-to-date: /home/chaofan/model_benchmark/benchmark/openvino/install/runtime/include/openvino/op/util/pad_base.hpp
-- Up-to-date: /home/chaofan/model_benchmark/benchmark/openvino/install/runtime/include/openvino/op/util/convolution_backprop_base.hpp
-- Up-to-date: /home/chaofan/model_benchmark/benchmark/openvino/install/runtime/include/openvino/op/util/variable_extension.hpp
-- Up-to-date: /home/chaofan/model_benchmark/benchmark/openvino/install/runtime/include/openvino/op/util/assign_base.hpp
-- Up-to-date: /home/chaofan/model_benchmark/benchmark/openvino/install/runtime/include/openvino/op/util/variable.hpp
-- Up-to-date: /home/chaofan/model_benchmark/benchmark/openvino/install/runtime/include/openvino/op/util/interpolate_base.hpp
-- Up-to-date: /home/chaofan/model_benchmark/benchmark/openvino/install/runtime/include/openvino/op/util/attr_types.hpp
-- Up-to-date: /home/chaofan/model_benchmark/benchmark/openvino/install/runtime/include/openvino/op/util/binary_elementwise_arithmetic.hpp
-- Up-to-date: /home/chaofan/model_benchmark/benchmark/openvino/install/runtime/include/openvino/op/util/gather_base.hpp
-- Up-to-date: /home/chaofan/model_benchmark/benchmark/openvino/install/runtime/include/openvino/op/util/multiclass_nms_base.hpp
-- Up-to-date: /home/chaofan/model_benchmark/benchmark/openvino/install/runtime/include/openvino/op/util/index_reduction.hpp
-- Up-to-date: /home/chaofan/model_benchmark/benchmark/openvino/install/runtime/include/openvino/op/util/logical_reduction.hpp
-- Up-to-date: /home/chaofan/model_benchmark/benchmark/openvino/install/runtime/include/openvino/op/util/symbolic_info.hpp
-- Up-to-date: /home/chaofan/model_benchmark/benchmark/openvino/install/runtime/include/openvino/op/util/max_pool_base.hpp
-- Up-to-date: /home/chaofan/model_benchmark/benchmark/openvino/install/runtime/include/openvino/op/util/op_types.hpp
-- Up-to-date: /home/chaofan/model_benchmark/benchmark/openvino/install/runtime/include/openvino/op/util/reduction_base.hpp
-- Up-to-date: /home/chaofan/model_benchmark/benchmark/openvino/install/runtime/include/openvino/op/util/convolution_base.hpp
-- Up-to-date: /home/chaofan/model_benchmark/benchmark/openvino/install/runtime/include/openvino/op/util/gather_nd_base.hpp
-- Up-to-date: /home/chaofan/model_benchmark/benchmark/openvino/install/runtime/include/openvino/op/util/shape_of_base.hpp
-- Up-to-date: /home/chaofan/model_benchmark/benchmark/openvino/install/runtime/include/openvino/op/util/precision_sensitive_attribute.hpp
-- Up-to-date: /home/chaofan/model_benchmark/benchmark/openvino/install/runtime/include/openvino/op/util/broadcast_base.hpp
-- Up-to-date: /home/chaofan/model_benchmark/benchmark/openvino/install/runtime/include/openvino/op/util/rnn_cell_base.hpp
-- Up-to-date: /home/chaofan/model_benchmark/benchmark/openvino/install/runtime/include/openvino/op/util/multi_subgraph_base.hpp
-- Up-to-date: /home/chaofan/model_benchmark/benchmark/openvino/install/runtime/include/openvino/op/util/arithmetic_reductions_keep_dims.hpp
-- Up-to-date: /home/chaofan/model_benchmark/benchmark/openvino/install/runtime/include/openvino/op/prior_box.hpp
-- Up-to-date: /home/chaofan/model_benchmark/benchmark/openvino/install/runtime/include/openvino/op/fake_quantize.hpp
-- Up-to-date: /home/chaofan/model_benchmark/benchmark/openvino/install/runtime/include/openvino/op/i420_to_bgr.hpp
-- Up-to-date: /home/chaofan/model_benchmark/benchmark/openvino/install/runtime/include/openvino/op/gather_tree.hpp
-- Up-to-date: /home/chaofan/model_benchmark/benchmark/openvino/install/runtime/include/openvino/op/gelu.hpp
-- Up-to-date: /home/chaofan/model_benchmark/benchmark/openvino/install/runtime/include/openvino/op/convert_promote_types.hpp
-- Up-to-date: /home/chaofan/model_benchmark/benchmark/openvino/install/runtime/include/openvino/op/topk.hpp
-- Up-to-date: /home/chaofan/model_benchmark/benchmark/openvino/install/runtime/include/openvino/op/acos.hpp
-- Up-to-date: /home/chaofan/model_benchmark/benchmark/openvino/install/runtime/include/openvino/op/sign.hpp
-- Up-to-date: /home/chaofan/model_benchmark/benchmark/openvino/install/runtime/include/openvino/op/max_pool.hpp
-- Up-to-date: /home/chaofan/model_benchmark/benchmark/openvino/install/runtime/include/openvino/op/sigmoid.hpp
-- Up-to-date: /home/chaofan/model_benchmark/benchmark/openvino/install/runtime/include/openvino/op/greater_eq.hpp
-- Up-to-date: /home/chaofan/model_benchmark/benchmark/openvino/install/runtime/include/openvino/op/bitwise_xor.hpp
-- Up-to-date: /home/chaofan/model_benchmark/benchmark/openvino/install/runtime/include/openvino/op/slice_scatter.hpp
-- Up-to-date: /home/chaofan/model_benchmark/benchmark/openvino/install/runtime/include/openvino/op/bucketize.hpp
-- Up-to-date: /home/chaofan/model_benchmark/benchmark/openvino/install/runtime/include/openvino/op/tensor_iterator.hpp
-- Up-to-date: /home/chaofan/model_benchmark/benchmark/openvino/install/runtime/include/openvino/op/strided_slice.hpp
-- Up-to-date: /home/chaofan/model_benchmark/benchmark/openvino/install/runtime/include/openvino/op/constant.hpp
-- Up-to-date: /home/chaofan/model_benchmark/benchmark/openvino/install/runtime/include/openvino/op/bitwise_right_shift.hpp
-- Up-to-date: /home/chaofan/model_benchmark/benchmark/openvino/install/runtime/include/openvino/op/reduce_prod.hpp
-- Up-to-date: /home/chaofan/model_benchmark/benchmark/openvino/install/runtime/include/openvino/op/gather.hpp
-- Up-to-date: /home/chaofan/model_benchmark/benchmark/openvino/install/runtime/include/openvino/op/string_tensor_pack.hpp
-- Up-to-date: /home/chaofan/model_benchmark/benchmark/openvino/install/runtime/include/openvino/op/interpolate.hpp
-- Up-to-date: /home/chaofan/model_benchmark/benchmark/openvino/install/runtime/include/openvino/op/variadic_split.hpp
-- Up-to-date: /home/chaofan/model_benchmark/benchmark/openvino/install/runtime/include/openvino/op/transpose.hpp
-- Up-to-date: /home/chaofan/model_benchmark/benchmark/openvino/install/runtime/include/openvino/op/einsum.hpp
-- Up-to-date: /home/chaofan/model_benchmark/benchmark/openvino/install/runtime/include/openvino/op/reverse_sequence.hpp
-- Up-to-date: /home/chaofan/model_benchmark/benchmark/openvino/install/runtime/include/openvino/op/erfinv.hpp
-- Up-to-date: /home/chaofan/model_benchmark/benchmark/openvino/install/runtime/include/openvino/op/abs.hpp
-- Up-to-date: /home/chaofan/model_benchmark/benchmark/openvino/install/runtime/include/openvino/op/ctc_greedy_decoder.hpp
-- Up-to-date: /home/chaofan/model_benchmark/benchmark/openvino/install/runtime/include/openvino/op/fake_convert.hpp
-- Up-to-date: /home/chaofan/model_benchmark/benchmark/openvino/install/runtime/include/openvino/op/floor.hpp
-- Up-to-date: /home/chaofan/model_benchmark/benchmark/openvino/install/runtime/include/openvino/op/hswish.hpp
-- Up-to-date: /home/chaofan/model_benchmark/benchmark/openvino/install/runtime/include/openvino/op/acosh.hpp
-- Up-to-date: /home/chaofan/model_benchmark/benchmark/openvino/install/runtime/include/openvino/op/assign.hpp
-- Up-to-date: /home/chaofan/model_benchmark/benchmark/openvino/install/runtime/include/openvino/op/gru_sequence.hpp
-- Up-to-date: /home/chaofan/model_benchmark/benchmark/openvino/install/runtime/include/openvino/op/range.hpp
-- Up-to-date: /home/chaofan/model_benchmark/benchmark/openvino/install/runtime/include/openvino/op/scatter_elements_update.hpp
-- Up-to-date: /home/chaofan/model_benchmark/benchmark/openvino/install/runtime/include/openvino/op/log.hpp
-- Up-to-date: /home/chaofan/model_benchmark/benchmark/openvino/install/runtime/include/openvino/op/generate_proposals.hpp
-- Up-to-date: /home/chaofan/model_benchmark/benchmark/openvino/install/runtime/include/openvino/op/binary_convolution.hpp
-- Up-to-date: /home/chaofan/model_benchmark/benchmark/openvino/install/runtime/include/openvino/op/lrn.hpp
-- Up-to-date: /home/chaofan/model_benchmark/benchmark/openvino/install/runtime/include/openvino/op/logical_and.hpp
-- Up-to-date: /home/chaofan/model_benchmark/benchmark/openvino/install/runtime/include/openvino/op/sqrt.hpp
-- Up-to-date: /home/chaofan/model_benchmark/benchmark/openvino/install/runtime/include/openvino/op/nv12_to_bgr.hpp
-- Up-to-date: /home/chaofan/model_benchmark/benchmark/openvino/install/runtime/include/openvino/op/result.hpp
-- Up-to-date: /home/chaofan/model_benchmark/benchmark/openvino/install/runtime/include/openvino/op/non_zero.hpp
-- Up-to-date: /home/chaofan/model_benchmark/benchmark/openvino/install/runtime/include/openvino/op/roi_pooling.hpp
-- Up-to-date: /home/chaofan/model_benchmark/benchmark/openvino/install/runtime/include/openvino/op/hsigmoid.hpp
-- Up-to-date: /home/chaofan/model_benchmark/benchmark/openvino/install/runtime/include/openvino/op/adaptive_avg_pool.hpp
-- Up-to-date: /home/chaofan/model_benchmark/benchmark/openvino/install/runtime/include/openvino/op/experimental_detectron_roi_feature.hpp
-- Up-to-date: /home/chaofan/model_benchmark/benchmark/openvino/install/runtime/include/openvino/op/batch_to_space.hpp
-- Up-to-date: /home/chaofan/model_benchmark/benchmark/openvino/install/runtime/include/openvino/op/inverse.hpp
-- Up-to-date: /home/chaofan/model_benchmark/benchmark/openvino/install/runtime/include/openvino/op/swish.hpp
-- Up-to-date: /home/chaofan/model_benchmark/benchmark/openvino/install/runtime/include/openvino/op/gather_nd.hpp
-- Up-to-date: /home/chaofan/model_benchmark/benchmark/openvino/install/runtime/include/openvino/op/nms_rotated.hpp
-- Up-to-date: /home/chaofan/model_benchmark/benchmark/openvino/install/runtime/include/openvino/op/rnn_cell.hpp
-- Up-to-date: /home/chaofan/model_benchmark/benchmark/openvino/install/runtime/include/openvino/op/stft.hpp
-- Up-to-date: /home/chaofan/model_benchmark/benchmark/openvino/install/runtime/include/openvino/op/col2im.hpp
-- Up-to-date: /home/chaofan/model_benchmark/benchmark/openvino/install/runtime/include/openvino/op/eye.hpp
-- Up-to-date: /home/chaofan/model_benchmark/benchmark/openvino/install/runtime/include/openvino/op/scatter_update.hpp
-- Up-to-date: /home/chaofan/model_benchmark/benchmark/openvino/install/runtime/include/openvino/op/round.hpp
-- Up-to-date: /home/chaofan/model_benchmark/benchmark/openvino/install/runtime/include/openvino/op/mod.hpp
-- Up-to-date: /home/chaofan/model_benchmark/benchmark/openvino/install/runtime/include/openvino/op/xor.hpp
-- Up-to-date: /home/chaofan/model_benchmark/benchmark/openvino/install/runtime/include/openvino/op/hard_sigmoid.hpp
-- Up-to-date: /home/chaofan/model_benchmark/benchmark/openvino/install/runtime/include/openvino/op/multinomial.hpp
-- Up-to-date: /home/chaofan/model_benchmark/benchmark/openvino/install/runtime/include/openvino/op/floor_mod.hpp
-- Up-to-date: /home/chaofan/model_benchmark/benchmark/openvino/install/runtime/include/openvino/op/gather_elements.hpp
-- Up-to-date: /home/chaofan/model_benchmark/benchmark/openvino/install/runtime/include/openvino/op/deformable_psroi_pooling.hpp
-- Up-to-date: /home/chaofan/model_benchmark/benchmark/openvino/install/runtime/include/openvino/op/embeddingbag_offsets_sum.hpp
-- Up-to-date: /home/chaofan/model_benchmark/benchmark/openvino/install/runtime/include/openvino/op/shuffle_channels.hpp
-- Up-to-date: /home/chaofan/model_benchmark/benchmark/openvino/install/runtime/include/openvino/op/scatter_nd_update.hpp
-- Up-to-date: /home/chaofan/model_benchmark/benchmark/openvino/install/runtime/include/openvino/op/reduce_sum.hpp
-- Up-to-date: /home/chaofan/model_benchmark/benchmark/openvino/install/runtime/include/openvino/op/is_nan.hpp
-- Up-to-date: /home/chaofan/model_benchmark/benchmark/openvino/install/runtime/include/openvino/op/detection_output.hpp
-- Up-to-date: /home/chaofan/model_benchmark/benchmark/openvino/install/runtime/include/openvino/op/is_finite.hpp
-- Up-to-date: /home/chaofan/model_benchmark/benchmark/openvino/install/runtime/include/openvino/op/multiclass_nms.hpp
-- Up-to-date: /home/chaofan/model_benchmark/benchmark/openvino/install/runtime/include/openvino/op/region_yolo.hpp
-- Up-to-date: /home/chaofan/model_benchmark/benchmark/openvino/install/runtime/include/openvino/op/broadcast.hpp
-- Up-to-date: /home/chaofan/model_benchmark/benchmark/openvino/install/runtime/include/openvino/op/less_eq.hpp
-- Up-to-date: /home/chaofan/model_benchmark/benchmark/openvino/install/runtime/include/openvino/op/mish.hpp
-- Up-to-date: /home/chaofan/model_benchmark/benchmark/openvino/install/runtime/include/openvino/op/read_value.hpp
-- Up-to-date: /home/chaofan/model_benchmark/benchmark/openvino/install/runtime/include/openvino/op/sin.hpp
-- Up-to-date: /home/chaofan/model_benchmark/benchmark/openvino/install/runtime/include/openvino/op/matmul.hpp
-- Up-to-date: /home/chaofan/model_benchmark/benchmark/openvino/install/runtime/include/openvino/op/roi_align.hpp
-- Up-to-date: /home/chaofan/model_benchmark/benchmark/openvino/install/runtime/include/openvino/op/prelu.hpp
-- Up-to-date: /home/chaofan/model_benchmark/benchmark/openvino/install/runtime/include/openvino/op/adaptive_max_pool.hpp
-- Up-to-date: /home/chaofan/model_benchmark/benchmark/openvino/install/runtime/include/openvino/op/ctc_greedy_decoder_seq_len.hpp
-- Up-to-date: /home/chaofan/model_benchmark/benchmark/openvino/install/runtime/include/openvino/op/slice.hpp
-- Up-to-date: /home/chaofan/model_benchmark/benchmark/openvino/install/runtime/include/openvino/op/sparse_fill_empty_rows.hpp
-- Up-to-date: /home/chaofan/model_benchmark/benchmark/openvino/install/runtime/include/openvino/op/grouped_matmul.hpp
-- Up-to-date: /home/chaofan/model_benchmark/benchmark/openvino/install/runtime/include/openvino/op/reshape.hpp
-- Up-to-date: /home/chaofan/model_benchmark/benchmark/openvino/install/runtime/include/openvino/op/exp.hpp
-- Up-to-date: /home/chaofan/model_benchmark/benchmark/openvino/install/runtime/include/openvino/op/mvn.hpp
-- Up-to-date: /home/chaofan/model_benchmark/benchmark/openvino/install/runtime/include/openvino/op/random_uniform.hpp
-- Up-to-date: /home/chaofan/model_benchmark/benchmark/openvino/install/runtime/include/openvino/op/psroi_pooling.hpp
-- Up-to-date: /home/chaofan/model_benchmark/benchmark/openvino/install/runtime/include/openvino/op/scaled_dot_product_attention.hpp
-- Up-to-date: /home/chaofan/model_benchmark/benchmark/openvino/install/runtime/include/openvino/op/clamp.hpp
-- Up-to-date: /home/chaofan/model_benchmark/benchmark/openvino/install/runtime/include/openvino/op/select.hpp
-- Up-to-date: /home/chaofan/model_benchmark/benchmark/openvino/install/runtime/include/openvino/op/logical_xor.hpp
-- Up-to-date: /home/chaofan/model_benchmark/benchmark/openvino/install/runtime/include/openvino/op/search_sorted.hpp
-- Up-to-date: /home/chaofan/model_benchmark/benchmark/openvino/install/runtime/include/openvino/op/negative.hpp
-- Up-to-date: /home/chaofan/model_benchmark/benchmark/openvino/install/runtime/include/openvino/op/group_conv.hpp
-- Up-to-date: /home/chaofan/model_benchmark/benchmark/openvino/install/runtime/include/openvino/op/erf.hpp
-- Up-to-date: /home/chaofan/model_benchmark/benchmark/openvino/install/runtime/include/openvino/op/reduce_max.hpp
-- Up-to-date: /home/chaofan/model_benchmark/benchmark/openvino/install/runtime/include/openvino/op/cum_sum.hpp
-- Up-to-date: /home/chaofan/model_benchmark/benchmark/openvino/install/runtime/include/openvino/op/shape_of.hpp
-- Up-to-date: /home/chaofan/model_benchmark/benchmark/openvino/install/runtime/include/openvino/op/depth_to_space.hpp
-- Up-to-date: /home/chaofan/model_benchmark/benchmark/openvino/install/runtime/include/openvino/op/normalize_l2.hpp
-- Up-to-date: /home/chaofan/model_benchmark/benchmark/openvino/install/runtime/include/openvino/op/log_softmax.hpp
-- Up-to-date: /home/chaofan/model_benchmark/benchmark/openvino/install/runtime/include/openvino/op/extractimagepatches.hpp
-- Up-to-date: /home/chaofan/model_benchmark/benchmark/openvino/install/runtime/include/openvino/op/grid_sample.hpp
-- Up-to-date: /home/chaofan/model_benchmark/benchmark/openvino/install/runtime/include/openvino/op/unsqueeze.hpp
-- Up-to-date: /home/chaofan/model_benchmark/benchmark/openvino/install/runtime/include/openvino/op/relu.hpp
-- Up-to-date: /home/chaofan/model_benchmark/benchmark/openvino/install/runtime/include/openvino/op/ctc_loss.hpp
-- Up-to-date: /home/chaofan/model_benchmark/benchmark/openvino/install/runtime/include/openvino/op/less.hpp
-- Up-to-date: /home/chaofan/model_benchmark/benchmark/openvino/install/runtime/include/openvino/op/subtract.hpp
-- Up-to-date: /home/chaofan/model_benchmark/benchmark/openvino/install/runtime/include/openvino/op/convert_like.hpp
-- Up-to-date: /home/chaofan/model_benchmark/benchmark/openvino/install/runtime/include/openvino/op/bitwise_left_shift.hpp
-- Up-to-date: /home/chaofan/model_benchmark/benchmark/openvino/install/runtime/include/openvino/op/if.hpp
-- Up-to-date: /home/chaofan/model_benchmark/benchmark/openvino/install/runtime/include/openvino/op/reduce_l1.hpp
-- Up-to-date: /home/chaofan/model_benchmark/benchmark/openvino/install/runtime/include/openvino/op/embedding_segments_sum.hpp
-- Up-to-date: /home/chaofan/model_benchmark/benchmark/openvino/install/runtime/include/openvino/op/pad.hpp
-- Up-to-date: /home/chaofan/model_benchmark/benchmark/openvino/install/runtime/include/openvino/op/equal.hpp
-- Up-to-date: /home/chaofan/model_benchmark/benchmark/openvino/install/runtime/include/openvino/op/add.hpp
-- Up-to-date: /home/chaofan/model_benchmark/benchmark/openvino/install/runtime/include/openvino/op/avg_pool.hpp
-- Up-to-date: /home/chaofan/model_benchmark/benchmark/openvino/install/runtime/include/openvino/op/elu.hpp
-- Up-to-date: /home/chaofan/model_benchmark/benchmark/openvino/install/runtime/include/openvino/op/greater.hpp
-- Up-to-date: /home/chaofan/model_benchmark/benchmark/openvino/install/runtime/include/openvino/op/one_hot.hpp
-- Up-to-date: /home/chaofan/model_benchmark/benchmark/openvino/install/runtime/include/openvino/op/multiply.hpp
-- Up-to-date: /home/chaofan/model_benchmark/benchmark/openvino/install/runtime/include/openvino/op/sinh.hpp
-- Up-to-date: /home/chaofan/model_benchmark/benchmark/openvino/install/runtime/include/openvino/op/not_equal.hpp
-- Up-to-date: /home/chaofan/model_benchmark/benchmark/openvino/install/runtime/include/openvino/op/group_normalization.hpp
-- Up-to-date: /home/chaofan/model_benchmark/benchmark/openvino/install/runtime/include/openvino/op/asin.hpp
-- Up-to-date: /home/chaofan/model_benchmark/benchmark/openvino/install/runtime/include/openvino/op/bitwise_not.hpp
-- Up-to-date: /home/chaofan/model_benchmark/benchmark/openvino/install/runtime/include/openvino/op/reverse.hpp
-- Up-to-date: /home/chaofan/model_benchmark/benchmark/openvino/install/runtime/include/openvino/op/tanh.hpp
-- Up-to-date: /home/chaofan/model_benchmark/benchmark/openvino/install/runtime/include/openvino/op/roi_align_rotated.hpp
-- Up-to-date: /home/chaofan/model_benchmark/benchmark/openvino/install/runtime/include/openvino/op/asinh.hpp
-- Up-to-date: /home/chaofan/model_benchmark/benchmark/openvino/install/runtime/include/openvino/op/bitwise_and.hpp
-- Up-to-date: /home/chaofan/model_benchmark/benchmark/openvino/install/runtime/include/openvino/op/nv12_to_rgb.hpp
-- Up-to-date: /home/chaofan/model_benchmark/benchmark/openvino/install/runtime/include/openvino/op/reduce_mean.hpp
-- Up-to-date: /home/chaofan/model_benchmark/benchmark/openvino/install/runtime/include/openvino/op/softmax.hpp
-- Up-to-date: /home/chaofan/model_benchmark/benchmark/openvino/install/runtime/include/openvino/op/embeddingbag_packed.hpp
-- Up-to-date: /home/chaofan/model_benchmark/benchmark/openvino/install/runtime/include/openvino/op/string_tensor_unpack.hpp
-- Up-to-date: /home/chaofan/model_benchmark/benchmark/openvino/install/runtime/include/openvino/op/lstm_sequence.hpp
-- Up-to-date: /home/chaofan/model_benchmark/benchmark/openvino/install/runtime/include/openvino/op/squeeze.hpp
-- Up-to-date: /home/chaofan/model_benchmark/benchmark/openvino/install/runtime/include/openvino/runtime
-- Up-to-date: /home/chaofan/model_benchmark/benchmark/openvino/install/runtime/include/openvino/runtime/allocator.hpp
-- Up-to-date: /home/chaofan/model_benchmark/benchmark/openvino/install/runtime/include/openvino/runtime/tensor.hpp
-- Up-to-date: /home/chaofan/model_benchmark/benchmark/openvino/install/runtime/include/openvino/runtime/file_handle.hpp
-- Up-to-date: /home/chaofan/model_benchmark/benchmark/openvino/install/runtime/include/openvino/core
-- Up-to-date: /home/chaofan/model_benchmark/benchmark/openvino/install/runtime/include/openvino/core/axis_set.hpp
-- Up-to-date: /home/chaofan/model_benchmark/benchmark/openvino/install/runtime/include/openvino/core/any.hpp
-- Up-to-date: /home/chaofan/model_benchmark/benchmark/openvino/install/runtime/include/openvino/core/type.hpp
-- Up-to-date: /home/chaofan/model_benchmark/benchmark/openvino/install/runtime/include/openvino/core/version.hpp
-- Up-to-date: /home/chaofan/model_benchmark/benchmark/openvino/install/runtime/include/openvino/core/runtime_attribute.hpp
-- Up-to-date: /home/chaofan/model_benchmark/benchmark/openvino/install/runtime/include/openvino/core/enum_names.hpp
-- Up-to-date: /home/chaofan/model_benchmark/benchmark/openvino/install/runtime/include/openvino/core/attribute_adapter.hpp
-- Up-to-date: /home/chaofan/model_benchmark/benchmark/openvino/install/runtime/include/openvino/core/node_input.hpp
-- Up-to-date: /home/chaofan/model_benchmark/benchmark/openvino/install/runtime/include/openvino/core/core.hpp
-- Up-to-date: /home/chaofan/model_benchmark/benchmark/openvino/install/runtime/include/openvino/core/dimension.hpp
-- Up-to-date: /home/chaofan/model_benchmark/benchmark/openvino/install/runtime/include/openvino/core/strides.hpp
-- Up-to-date: /home/chaofan/model_benchmark/benchmark/openvino/install/runtime/include/openvino/core/coordinate_diff.hpp
-- Up-to-date: /home/chaofan/model_benchmark/benchmark/openvino/install/runtime/include/openvino/core/visibility.hpp
-- Up-to-date: /home/chaofan/model_benchmark/benchmark/openvino/install/runtime/include/openvino/core/interval.hpp
-- Up-to-date: /home/chaofan/model_benchmark/benchmark/openvino/install/runtime/include/openvino/core/extension.hpp
-- Up-to-date: /home/chaofan/model_benchmark/benchmark/openvino/install/runtime/include/openvino/core/layout.hpp
-- Up-to-date: /home/chaofan/model_benchmark/benchmark/openvino/install/runtime/include/openvino/core/rtti.hpp
-- Up-to-date: /home/chaofan/model_benchmark/benchmark/openvino/install/runtime/include/openvino/core/symbol.hpp
-- Up-to-date: /home/chaofan/model_benchmark/benchmark/openvino/install/runtime/include/openvino/core/coordinate.hpp
-- Up-to-date: /home/chaofan/model_benchmark/benchmark/openvino/install/runtime/include/openvino/core/core_visibility.hpp
-- Up-to-date: /home/chaofan/model_benchmark/benchmark/openvino/install/runtime/include/openvino/core/enum_mask.hpp
-- Up-to-date: /home/chaofan/model_benchmark/benchmark/openvino/install/runtime/include/openvino/core/except.hpp
-- Up-to-date: /home/chaofan/model_benchmark/benchmark/openvino/install/runtime/include/openvino/core/log.hpp
-- Up-to-date: /home/chaofan/model_benchmark/benchmark/openvino/install/runtime/include/openvino/core/partial_shape.hpp
-- Up-to-date: /home/chaofan/model_benchmark/benchmark/openvino/install/runtime/include/openvino/core/type
-- Up-to-date: /home/chaofan/model_benchmark/benchmark/openvino/install/runtime/include/openvino/core/type/float4_e2m1.hpp
-- Up-to-date: /home/chaofan/model_benchmark/benchmark/openvino/install/runtime/include/openvino/core/type/float16.hpp
-- Up-to-date: /home/chaofan/model_benchmark/benchmark/openvino/install/runtime/include/openvino/core/type/element_type_traits.hpp
-- Up-to-date: /home/chaofan/model_benchmark/benchmark/openvino/install/runtime/include/openvino/core/type/float8_e4m3.hpp
-- Up-to-date: /home/chaofan/model_benchmark/benchmark/openvino/install/runtime/include/openvino/core/type/float8_e8m0.hpp
-- Up-to-date: /home/chaofan/model_benchmark/benchmark/openvino/install/runtime/include/openvino/core/type/bfloat16.hpp
-- Up-to-date: /home/chaofan/model_benchmark/benchmark/openvino/install/runtime/include/openvino/core/type/element_type.hpp
-- Up-to-date: /home/chaofan/model_benchmark/benchmark/openvino/install/runtime/include/openvino/core/type/float8_e5m2.hpp
-- Up-to-date: /home/chaofan/model_benchmark/benchmark/openvino/install/runtime/include/openvino/core/axis_vector.hpp
-- Up-to-date: /home/chaofan/model_benchmark/benchmark/openvino/install/runtime/include/openvino/core/parallel.hpp
-- Up-to-date: /home/chaofan/model_benchmark/benchmark/openvino/install/runtime/include/openvino/core/graph_util.hpp
-- Up-to-date: /home/chaofan/model_benchmark/benchmark/openvino/install/runtime/include/openvino/core/rt_info.hpp
-- Up-to-date: /home/chaofan/model_benchmark/benchmark/openvino/install/runtime/include/openvino/core/op_extension.hpp
-- Up-to-date: /home/chaofan/model_benchmark/benchmark/openvino/install/runtime/include/openvino/core/model.hpp
-- Up-to-date: /home/chaofan/model_benchmark/benchmark/openvino/install/runtime/include/openvino/core/attribute_visitor.hpp
-- Up-to-date: /home/chaofan/model_benchmark/benchmark/openvino/install/runtime/include/openvino/core/node_output.hpp
-- Up-to-date: /home/chaofan/model_benchmark/benchmark/openvino/install/runtime/include/openvino/core/descriptor
-- Up-to-date: /home/chaofan/model_benchmark/benchmark/openvino/install/runtime/include/openvino/core/descriptor/input.hpp
-- Up-to-date: /home/chaofan/model_benchmark/benchmark/openvino/install/runtime/include/openvino/core/descriptor/output.hpp
-- Up-to-date: /home/chaofan/model_benchmark/benchmark/openvino/install/runtime/include/openvino/core/descriptor/tensor.hpp
-- Up-to-date: /home/chaofan/model_benchmark/benchmark/openvino/install/runtime/include/openvino/core/preprocess
-- Up-to-date: /home/chaofan/model_benchmark/benchmark/openvino/install/runtime/include/openvino/core/preprocess/output_info.hpp
-- Up-to-date: /home/chaofan/model_benchmark/benchmark/openvino/install/runtime/include/openvino/core/preprocess/output_tensor_info.hpp
-- Up-to-date: /home/chaofan/model_benchmark/benchmark/openvino/install/runtime/include/openvino/core/preprocess/input_info.hpp
-- Up-to-date: /home/chaofan/model_benchmark/benchmark/openvino/install/runtime/include/openvino/core/preprocess/output_model_info.hpp
-- Up-to-date: /home/chaofan/model_benchmark/benchmark/openvino/install/runtime/include/openvino/core/preprocess/input_tensor_info.hpp
-- Up-to-date: /home/chaofan/model_benchmark/benchmark/openvino/install/runtime/include/openvino/core/preprocess/pre_post_process.hpp
-- Up-to-date: /home/chaofan/model_benchmark/benchmark/openvino/install/runtime/include/openvino/core/preprocess/resize_algorithm.hpp
-- Up-to-date: /home/chaofan/model_benchmark/benchmark/openvino/install/runtime/include/openvino/core/preprocess/preprocess_steps.hpp
-- Up-to-date: /home/chaofan/model_benchmark/benchmark/openvino/install/runtime/include/openvino/core/preprocess/postprocess_steps.hpp
-- Up-to-date: /home/chaofan/model_benchmark/benchmark/openvino/install/runtime/include/openvino/core/preprocess/input_model_info.hpp
-- Up-to-date: /home/chaofan/model_benchmark/benchmark/openvino/install/runtime/include/openvino/core/preprocess/padding_mode.hpp
-- Up-to-date: /home/chaofan/model_benchmark/benchmark/openvino/install/runtime/include/openvino/core/preprocess/color_format.hpp
-- Up-to-date: /home/chaofan/model_benchmark/benchmark/openvino/install/runtime/include/openvino/core/node_vector.hpp
-- Up-to-date: /home/chaofan/model_benchmark/benchmark/openvino/install/runtime/include/openvino/core/deprecated.hpp
-- Up-to-date: /home/chaofan/model_benchmark/benchmark/openvino/install/runtime/include/openvino/core/shape.hpp
-- Up-to-date: /home/chaofan/model_benchmark/benchmark/openvino/install/runtime/include/openvino/core/rank.hpp
-- Up-to-date: /home/chaofan/model_benchmark/benchmark/openvino/install/runtime/include/openvino/core/node.hpp
-- Up-to-date: /home/chaofan/model_benchmark/benchmark/openvino/install/runtime/include/openvino
-- Up-to-date: /home/chaofan/model_benchmark/benchmark/openvino/install/runtime/include/openvino/frontend
-- Up-to-date: /home/chaofan/model_benchmark/benchmark/openvino/install/runtime/include/openvino/frontend/sequence_at.hpp
-- Up-to-date: /home/chaofan/model_benchmark/benchmark/openvino/install/runtime/include/openvino/frontend/sequence_mark.hpp
-- Up-to-date: /home/chaofan/model_benchmark/benchmark/openvino/install/runtime/include/openvino/frontend/extension
-- Up-to-date: /home/chaofan/model_benchmark/benchmark/openvino/install/runtime/include/openvino/frontend/extension/op.hpp
-- Up-to-date: /home/chaofan/model_benchmark/benchmark/openvino/install/runtime/include/openvino/frontend/extension/conversion.hpp
-- Up-to-date: /home/chaofan/model_benchmark/benchmark/openvino/install/runtime/include/openvino/frontend/extension/telemetry.hpp
-- Up-to-date: /home/chaofan/model_benchmark/benchmark/openvino/install/runtime/include/openvino/frontend/extension/decoder_transformation.hpp
-- Up-to-date: /home/chaofan/model_benchmark/benchmark/openvino/install/runtime/include/openvino/frontend/extension/progress_reporter.hpp
-- Up-to-date: /home/chaofan/model_benchmark/benchmark/openvino/install/runtime/include/openvino/frontend/extension/holder.hpp
-- Up-to-date: /home/chaofan/model_benchmark/benchmark/openvino/install/runtime/include/openvino/frontend/input_model.hpp
-- Up-to-date: /home/chaofan/model_benchmark/benchmark/openvino/install/runtime/include/openvino/frontend/sequence_erase.hpp
-- Up-to-date: /home/chaofan/model_benchmark/benchmark/openvino/install/runtime/include/openvino/frontend/sequence_length.hpp
-- Up-to-date: /home/chaofan/model_benchmark/benchmark/openvino/install/runtime/include/openvino/frontend/manager.hpp
-- Up-to-date: /home/chaofan/model_benchmark/benchmark/openvino/install/runtime/include/openvino/frontend/place.hpp
-- Up-to-date: /home/chaofan/model_benchmark/benchmark/openvino/install/runtime/include/openvino/frontend/complex_type_mark.hpp
-- Up-to-date: /home/chaofan/model_benchmark/benchmark/openvino/install/runtime/include/openvino/frontend/exception.hpp
-- Up-to-date: /home/chaofan/model_benchmark/benchmark/openvino/install/runtime/include/openvino/frontend/visibility.hpp
-- Up-to-date: /home/chaofan/model_benchmark/benchmark/openvino/install/runtime/include/openvino/frontend/extension.hpp
-- Up-to-date: /home/chaofan/model_benchmark/benchmark/openvino/install/runtime/include/openvino/frontend/concat_from_sequence.hpp
-- Up-to-date: /home/chaofan/model_benchmark/benchmark/openvino/install/runtime/include/openvino/frontend/node_context.hpp
-- Up-to-date: /home/chaofan/model_benchmark/benchmark/openvino/install/runtime/include/openvino/frontend/variable.hpp
-- Up-to-date: /home/chaofan/model_benchmark/benchmark/openvino/install/runtime/include/openvino/frontend/graph_iterator.hpp
-- Up-to-date: /home/chaofan/model_benchmark/benchmark/openvino/install/runtime/include/openvino/frontend/sequence_insert.hpp
-- Up-to-date: /home/chaofan/model_benchmark/benchmark/openvino/install/runtime/include/openvino/frontend/frontend.hpp
-- Up-to-date: /home/chaofan/model_benchmark/benchmark/openvino/install/runtime/include/openvino/frontend/decoder.hpp
-- Up-to-date: /home/chaofan/model_benchmark/benchmark/openvino/install/runtime/include/openvino/frontend/hash_table.hpp
-- Up-to-date: /home/chaofan/model_benchmark/benchmark/openvino/install/runtime/lib/intel64/libopenvino_ir_frontend.so.2026.3.0
-- Up-to-date: /home/chaofan/model_benchmark/benchmark/openvino/install/runtime/lib/intel64/libopenvino_ir_frontend.so.2630
-- Up-to-date: /home/chaofan/model_benchmark/benchmark/openvino/install/runtime/lib/intel64/libopenvino_onnx_frontend.so.2026.3.0
-- Up-to-date: /home/chaofan/model_benchmark/benchmark/openvino/install/runtime/lib/intel64/libopenvino_onnx_frontend.so.2630
-- Up-to-date: /home/chaofan/model_benchmark/benchmark/openvino/install/runtime/lib/intel64/libopenvino_onnx_frontend.so
-- Up-to-date: /home/chaofan/model_benchmark/benchmark/openvino/install/runtime/include/openvino
-- Up-to-date: /home/chaofan/model_benchmark/benchmark/openvino/install/runtime/include/openvino/frontend
-- Up-to-date: /home/chaofan/model_benchmark/benchmark/openvino/install/runtime/include/openvino/frontend/onnx
-- Up-to-date: /home/chaofan/model_benchmark/benchmark/openvino/install/runtime/include/openvino/frontend/onnx/extension
-- Up-to-date: /home/chaofan/model_benchmark/benchmark/openvino/install/runtime/include/openvino/frontend/onnx/extension/op.hpp
-- Up-to-date: /home/chaofan/model_benchmark/benchmark/openvino/install/runtime/include/openvino/frontend/onnx/extension/conversion.hpp
-- Up-to-date: /home/chaofan/model_benchmark/benchmark/openvino/install/runtime/include/openvino/frontend/onnx/visibility.hpp
-- Up-to-date: /home/chaofan/model_benchmark/benchmark/openvino/install/runtime/include/openvino/frontend/onnx/node_context.hpp
-- Up-to-date: /home/chaofan/model_benchmark/benchmark/openvino/install/runtime/include/openvino/frontend/onnx/graph_iterator.hpp
-- Up-to-date: /home/chaofan/model_benchmark/benchmark/openvino/install/runtime/include/openvino/frontend/onnx/frontend.hpp
-- Up-to-date: /home/chaofan/model_benchmark/benchmark/openvino/install/runtime/include/openvino/frontend/onnx/decoder.hpp
-- Up-to-date: /home/chaofan/model_benchmark/benchmark/openvino/install/runtime/lib/intel64/libopenvino_pytorch_frontend.so.2026.3.0
-- Up-to-date: /home/chaofan/model_benchmark/benchmark/openvino/install/runtime/lib/intel64/libopenvino_pytorch_frontend.so.2630
-- Up-to-date: /home/chaofan/model_benchmark/benchmark/openvino/install/runtime/lib/intel64/libopenvino_pytorch_frontend.so
-- Up-to-date: /home/chaofan/model_benchmark/benchmark/openvino/install/runtime/include/openvino
-- Up-to-date: /home/chaofan/model_benchmark/benchmark/openvino/install/runtime/include/openvino/frontend
-- Up-to-date: /home/chaofan/model_benchmark/benchmark/openvino/install/runtime/include/openvino/frontend/pytorch
-- Up-to-date: /home/chaofan/model_benchmark/benchmark/openvino/install/runtime/include/openvino/frontend/pytorch/extension
-- Up-to-date: /home/chaofan/model_benchmark/benchmark/openvino/install/runtime/include/openvino/frontend/pytorch/extension/op.hpp
-- Up-to-date: /home/chaofan/model_benchmark/benchmark/openvino/install/runtime/include/openvino/frontend/pytorch/extension/conversion.hpp
-- Up-to-date: /home/chaofan/model_benchmark/benchmark/openvino/install/runtime/include/openvino/frontend/pytorch/visibility.hpp
-- Up-to-date: /home/chaofan/model_benchmark/benchmark/openvino/install/runtime/include/openvino/frontend/pytorch/node_context.hpp
-- Up-to-date: /home/chaofan/model_benchmark/benchmark/openvino/install/runtime/include/openvino/frontend/pytorch/frontend.hpp
-- Up-to-date: /home/chaofan/model_benchmark/benchmark/openvino/install/runtime/include/openvino/frontend/pytorch/decoder.hpp
-- Up-to-date: /home/chaofan/model_benchmark/benchmark/openvino/install/runtime/lib/intel64/libopenvino_tensorflow_frontend.so.2026.3.0
-- Up-to-date: /home/chaofan/model_benchmark/benchmark/openvino/install/runtime/lib/intel64/libopenvino_tensorflow_frontend.so.2630
-- Up-to-date: /home/chaofan/model_benchmark/benchmark/openvino/install/runtime/lib/intel64/libopenvino_tensorflow_frontend.so
-- Up-to-date: /home/chaofan/model_benchmark/benchmark/openvino/install/runtime/include/openvino
-- Up-to-date: /home/chaofan/model_benchmark/benchmark/openvino/install/runtime/include/openvino/frontend
-- Up-to-date: /home/chaofan/model_benchmark/benchmark/openvino/install/runtime/include/openvino/frontend/tensorflow
-- Up-to-date: /home/chaofan/model_benchmark/benchmark/openvino/install/runtime/include/openvino/frontend/tensorflow/extension
-- Up-to-date: /home/chaofan/model_benchmark/benchmark/openvino/install/runtime/include/openvino/frontend/tensorflow/extension/op.hpp
-- Up-to-date: /home/chaofan/model_benchmark/benchmark/openvino/install/runtime/include/openvino/frontend/tensorflow/extension/conversion.hpp
-- Up-to-date: /home/chaofan/model_benchmark/benchmark/openvino/install/runtime/include/openvino/frontend/tensorflow/exception.hpp
-- Up-to-date: /home/chaofan/model_benchmark/benchmark/openvino/install/runtime/include/openvino/frontend/tensorflow/visibility.hpp
-- Up-to-date: /home/chaofan/model_benchmark/benchmark/openvino/install/runtime/include/openvino/frontend/tensorflow/node_context.hpp
-- Up-to-date: /home/chaofan/model_benchmark/benchmark/openvino/install/runtime/include/openvino/frontend/tensorflow/special_types.hpp
-- Up-to-date: /home/chaofan/model_benchmark/benchmark/openvino/install/runtime/include/openvino/frontend/tensorflow/variable.hpp
-- Up-to-date: /home/chaofan/model_benchmark/benchmark/openvino/install/runtime/include/openvino/frontend/tensorflow/graph_iterator.hpp
-- Up-to-date: /home/chaofan/model_benchmark/benchmark/openvino/install/runtime/include/openvino/frontend/tensorflow/frontend.hpp
-- Up-to-date: /home/chaofan/model_benchmark/benchmark/openvino/install/runtime/include/openvino/frontend/tensorflow/variables_map.hpp
-- Up-to-date: /home/chaofan/model_benchmark/benchmark/openvino/install/runtime/include/openvino/frontend/tensorflow/decoder.hpp
-- Up-to-date: /home/chaofan/model_benchmark/benchmark/openvino/install/runtime/include/openvino/frontend/tensorflow/hash_table.hpp
-- Up-to-date: /home/chaofan/model_benchmark/benchmark/openvino/install/runtime/lib/intel64/libopenvino_tensorflow_lite_frontend.so.2026.3.0
-- Up-to-date: /home/chaofan/model_benchmark/benchmark/openvino/install/runtime/lib/intel64/libopenvino_tensorflow_lite_frontend.so.2630
-- Up-to-date: /home/chaofan/model_benchmark/benchmark/openvino/install/runtime/lib/intel64/libopenvino_tensorflow_lite_frontend.so
-- Up-to-date: /home/chaofan/model_benchmark/benchmark/openvino/install/runtime/include/openvino
-- Up-to-date: /home/chaofan/model_benchmark/benchmark/openvino/install/runtime/include/openvino/frontend
-- Up-to-date: /home/chaofan/model_benchmark/benchmark/openvino/install/runtime/include/openvino/frontend/tensorflow_lite
-- Up-to-date: /home/chaofan/model_benchmark/benchmark/openvino/install/runtime/include/openvino/frontend/tensorflow_lite/extension
-- Up-to-date: /home/chaofan/model_benchmark/benchmark/openvino/install/runtime/include/openvino/frontend/tensorflow_lite/extension/op.hpp
-- Up-to-date: /home/chaofan/model_benchmark/benchmark/openvino/install/runtime/include/openvino/frontend/tensorflow_lite/extension/conversion.hpp
-- Up-to-date: /home/chaofan/model_benchmark/benchmark/openvino/install/runtime/include/openvino/frontend/tensorflow_lite/visibility.hpp
-- Up-to-date: /home/chaofan/model_benchmark/benchmark/openvino/install/runtime/include/openvino/frontend/tensorflow_lite/node_context.hpp
-- Up-to-date: /home/chaofan/model_benchmark/benchmark/openvino/install/runtime/include/openvino/frontend/tensorflow_lite/quantization_info.hpp
-- Up-to-date: /home/chaofan/model_benchmark/benchmark/openvino/install/runtime/include/openvino/frontend/tensorflow_lite/graph_iterator.hpp
-- Up-to-date: /home/chaofan/model_benchmark/benchmark/openvino/install/runtime/include/openvino/frontend/tensorflow_lite/frontend.hpp
-- Up-to-date: /home/chaofan/model_benchmark/benchmark/openvino/install/runtime/include/openvino/frontend/tensorflow_lite/sparsity_info.hpp
-- Up-to-date: /home/chaofan/model_benchmark/benchmark/openvino/install/runtime/include/openvino/frontend/tensorflow_lite/decoder.hpp
-- Up-to-date: /home/chaofan/model_benchmark/benchmark/openvino/install/runtime/lib/intel64/libopenvino_paddle_frontend.so.2026.3.0
-- Up-to-date: /home/chaofan/model_benchmark/benchmark/openvino/install/runtime/lib/intel64/libopenvino_paddle_frontend.so.2630
-- Up-to-date: /home/chaofan/model_benchmark/benchmark/openvino/install/runtime/lib/intel64/libopenvino_paddle_frontend.so
-- Up-to-date: /home/chaofan/model_benchmark/benchmark/openvino/install/runtime/include/openvino
-- Up-to-date: /home/chaofan/model_benchmark/benchmark/openvino/install/runtime/include/openvino/frontend
-- Up-to-date: /home/chaofan/model_benchmark/benchmark/openvino/install/runtime/include/openvino/frontend/paddle
-- Up-to-date: /home/chaofan/model_benchmark/benchmark/openvino/install/runtime/include/openvino/frontend/paddle/extension
-- Up-to-date: /home/chaofan/model_benchmark/benchmark/openvino/install/runtime/include/openvino/frontend/paddle/extension/op.hpp
-- Up-to-date: /home/chaofan/model_benchmark/benchmark/openvino/install/runtime/include/openvino/frontend/paddle/extension/conversion.hpp
-- Up-to-date: /home/chaofan/model_benchmark/benchmark/openvino/install/runtime/include/openvino/frontend/paddle/exception.hpp
-- Up-to-date: /home/chaofan/model_benchmark/benchmark/openvino/install/runtime/include/openvino/frontend/paddle/visibility.hpp
-- Up-to-date: /home/chaofan/model_benchmark/benchmark/openvino/install/runtime/include/openvino/frontend/paddle/node_context.hpp
-- Up-to-date: /home/chaofan/model_benchmark/benchmark/openvino/install/runtime/include/openvino/frontend/paddle/frontend.hpp
-- Up-to-date: /home/chaofan/model_benchmark/benchmark/openvino/install/runtime/include/openvino/frontend/paddle/decoder.hpp
-- Up-to-date: /home/chaofan/model_benchmark/benchmark/openvino/install/runtime/lib/intel64/libopenvino_auto_plugin.so
-- Up-to-date: /home/chaofan/model_benchmark/benchmark/openvino/install/runtime/lib/intel64/libopenvino_auto_batch_plugin.so
-- Up-to-date: /home/chaofan/model_benchmark/benchmark/openvino/install/runtime/lib/intel64/libopenvino_hetero_plugin.so
-- Up-to-date: /home/chaofan/model_benchmark/benchmark/openvino/install/runtime/lib/intel64/libopenvino_intel_cpu_plugin.so
-- Up-to-date: /home/chaofan/model_benchmark/benchmark/openvino/install/runtime/lib/intel64/cache.json
-- Installing: /home/chaofan/model_benchmark/benchmark/openvino/install/runtime/lib/intel64/libopenvino_intel_gpu_plugin.so
-- Set non-toolchain portion of runtime path of "/home/chaofan/model_benchmark/benchmark/openvino/install/runtime/lib/intel64/libopenvino_intel_gpu_plugin.so" to ""
-- Up-to-date: /home/chaofan/model_benchmark/benchmark/openvino/install/runtime/lib/intel64/libopenvino_intel_npu_compiler.so
-- Up-to-date: /home/chaofan/model_benchmark/benchmark/openvino/install/runtime/lib/intel64/libopenvino_intel_npu_compiler_loader.so
-- Up-to-date: /home/chaofan/model_benchmark/benchmark/openvino/install/runtime/lib/intel64/libopenvino_intel_npu_vm_runtime.so
-- Up-to-date: /home/chaofan/model_benchmark/benchmark/openvino/install/runtime/lib/intel64/libopenvino_intel_npu_plugin.so
-- Up-to-date: /home/chaofan/model_benchmark/benchmark/openvino/install/tools/compile_tool/compile_tool
-- Up-to-date: /home/chaofan/model_benchmark/benchmark/openvino/install/tools/compile_tool/README.md
-- Up-to-date: /home/chaofan/model_benchmark/benchmark/openvino/install/runtime/include
-- Up-to-date: /home/chaofan/model_benchmark/benchmark/openvino/install/runtime/include/openvino
-- Up-to-date: /home/chaofan/model_benchmark/benchmark/openvino/install/runtime/include/openvino/openvino.hpp
-- Up-to-date: /home/chaofan/model_benchmark/benchmark/openvino/install/runtime/include/openvino/runtime
-- Up-to-date: /home/chaofan/model_benchmark/benchmark/openvino/install/runtime/include/openvino/runtime/intel_cpu
-- Up-to-date: /home/chaofan/model_benchmark/benchmark/openvino/install/runtime/include/openvino/runtime/intel_cpu/properties.hpp
-- Up-to-date: /home/chaofan/model_benchmark/benchmark/openvino/install/runtime/include/openvino/runtime/profiling_info.hpp
-- Up-to-date: /home/chaofan/model_benchmark/benchmark/openvino/install/runtime/include/openvino/runtime/common.hpp
-- Up-to-date: /home/chaofan/model_benchmark/benchmark/openvino/install/runtime/include/openvino/runtime/core.hpp
-- Up-to-date: /home/chaofan/model_benchmark/benchmark/openvino/install/runtime/include/openvino/runtime/exception.hpp
-- Up-to-date: /home/chaofan/model_benchmark/benchmark/openvino/install/runtime/include/openvino/runtime/remote_tensor.hpp
-- Up-to-date: /home/chaofan/model_benchmark/benchmark/openvino/install/runtime/include/openvino/runtime/intel_gpu
-- Up-to-date: /home/chaofan/model_benchmark/benchmark/openvino/install/runtime/include/openvino/runtime/intel_gpu/remote_properties.hpp
-- Up-to-date: /home/chaofan/model_benchmark/benchmark/openvino/install/runtime/include/openvino/runtime/intel_gpu/ocl
-- Up-to-date: /home/chaofan/model_benchmark/benchmark/openvino/install/runtime/include/openvino/runtime/intel_gpu/ocl/dx.hpp
-- Up-to-date: /home/chaofan/model_benchmark/benchmark/openvino/install/runtime/include/openvino/runtime/intel_gpu/ocl/ocl.hpp
-- Up-to-date: /home/chaofan/model_benchmark/benchmark/openvino/install/runtime/include/openvino/runtime/intel_gpu/ocl/ocl_wrapper.hpp
-- Up-to-date: /home/chaofan/model_benchmark/benchmark/openvino/install/runtime/include/openvino/runtime/intel_gpu/ocl/va.hpp
-- Up-to-date: /home/chaofan/model_benchmark/benchmark/openvino/install/runtime/include/openvino/runtime/intel_gpu/properties.hpp
-- Up-to-date: /home/chaofan/model_benchmark/benchmark/openvino/install/runtime/include/openvino/runtime/infer_request.hpp
-- Up-to-date: /home/chaofan/model_benchmark/benchmark/openvino/install/runtime/include/openvino/runtime/variable_state.hpp
-- Up-to-date: /home/chaofan/model_benchmark/benchmark/openvino/install/runtime/include/openvino/runtime/runtime.hpp
-- Up-to-date: /home/chaofan/model_benchmark/benchmark/openvino/install/runtime/include/openvino/runtime/intel_npu
-- Up-to-date: /home/chaofan/model_benchmark/benchmark/openvino/install/runtime/include/openvino/runtime/intel_npu/remote_properties.hpp
-- Up-to-date: /home/chaofan/model_benchmark/benchmark/openvino/install/runtime/include/openvino/runtime/intel_npu/level_zero
-- Up-to-date: /home/chaofan/model_benchmark/benchmark/openvino/install/runtime/include/openvino/runtime/intel_npu/level_zero/level_zero.hpp
-- Up-to-date: /home/chaofan/model_benchmark/benchmark/openvino/install/runtime/include/openvino/runtime/intel_npu/properties.hpp
-- Up-to-date: /home/chaofan/model_benchmark/benchmark/openvino/install/runtime/include/openvino/runtime/compiled_model.hpp
-- Up-to-date: /home/chaofan/model_benchmark/benchmark/openvino/install/runtime/include/openvino/runtime/remote_context.hpp
-- Up-to-date: /home/chaofan/model_benchmark/benchmark/openvino/install/runtime/include/openvino/runtime/properties.hpp
-- Up-to-date: /home/chaofan/model_benchmark/benchmark/openvino/install/runtime/include/openvino/runtime/auto
-- Up-to-date: /home/chaofan/model_benchmark/benchmark/openvino/install/runtime/include/openvino/runtime/auto/properties.hpp
-- Up-to-date: /home/chaofan/model_benchmark/benchmark/openvino/install/runtime/lib/intel64/libopenvino.so.2026.3.0
-- Up-to-date: /home/chaofan/model_benchmark/benchmark/openvino/install/runtime/lib/intel64/libopenvino.so.2630
-- Up-to-date: /home/chaofan/model_benchmark/benchmark/openvino/install/runtime/lib/intel64/libopenvino.so
-- Up-to-date: /home/chaofan/model_benchmark/benchmark/openvino/install/runtime/cmake/OpenVINOTargets.cmake
-- Up-to-date: /home/chaofan/model_benchmark/benchmark/openvino/install/runtime/cmake/OpenVINOTargets-release.cmake
-- Up-to-date: /home/chaofan/model_benchmark/benchmark/openvino/install/runtime/cmake/OpenVINOConfig.cmake
-- Up-to-date: /home/chaofan/model_benchmark/benchmark/openvino/install/runtime/cmake/OpenVINOConfig-version.cmake
-- Up-to-date: /home/chaofan/model_benchmark/benchmark/openvino/install/runtime/lib/intel64/pkgconfig/openvino.pc
-- Up-to-date: /home/chaofan/model_benchmark/benchmark/openvino/install/runtime/lib/intel64/libopenvino_c.so.2026.3.0
-- Up-to-date: /home/chaofan/model_benchmark/benchmark/openvino/install/runtime/lib/intel64/libopenvino_c.so.2630
-- Up-to-date: /home/chaofan/model_benchmark/benchmark/openvino/install/runtime/lib/intel64/libopenvino_c.so
-- Up-to-date: /home/chaofan/model_benchmark/benchmark/openvino/install/runtime/include/openvino
-- Up-to-date: /home/chaofan/model_benchmark/benchmark/openvino/install/runtime/include/openvino/c
-- Up-to-date: /home/chaofan/model_benchmark/benchmark/openvino/install/runtime/include/openvino/c/ov_compiled_model.h
-- Up-to-date: /home/chaofan/model_benchmark/benchmark/openvino/install/runtime/include/openvino/c/ov_common.h
-- Up-to-date: /home/chaofan/model_benchmark/benchmark/openvino/install/runtime/include/openvino/c/ov_util.h
-- Up-to-date: /home/chaofan/model_benchmark/benchmark/openvino/install/runtime/include/openvino/c/ov_property.h
-- Up-to-date: /home/chaofan/model_benchmark/benchmark/openvino/install/runtime/include/openvino/c/ov_core.h
-- Up-to-date: /home/chaofan/model_benchmark/benchmark/openvino/install/runtime/include/openvino/c/ov_prepostprocess.h
-- Up-to-date: /home/chaofan/model_benchmark/benchmark/openvino/install/runtime/include/openvino/c/ov_infer_request.h
-- Up-to-date: /home/chaofan/model_benchmark/benchmark/openvino/install/runtime/include/openvino/c/ov_partial_shape.h
-- Up-to-date: /home/chaofan/model_benchmark/benchmark/openvino/install/runtime/include/openvino/c/ov_shape.h
-- Up-to-date: /home/chaofan/model_benchmark/benchmark/openvino/install/runtime/include/openvino/c/openvino.h
-- Up-to-date: /home/chaofan/model_benchmark/benchmark/openvino/install/runtime/include/openvino/c/ov_tensor.h
-- Up-to-date: /home/chaofan/model_benchmark/benchmark/openvino/install/runtime/include/openvino/c/ov_node.h
-- Up-to-date: /home/chaofan/model_benchmark/benchmark/openvino/install/runtime/include/openvino/c/ov_remote_context.h
-- Up-to-date: /home/chaofan/model_benchmark/benchmark/openvino/install/runtime/include/openvino/c/ov_dimension.h
-- Up-to-date: /home/chaofan/model_benchmark/benchmark/openvino/install/runtime/include/openvino/c/deprecated.h
-- Up-to-date: /home/chaofan/model_benchmark/benchmark/openvino/install/runtime/include/openvino/c/ov_layout.h
-- Up-to-date: /home/chaofan/model_benchmark/benchmark/openvino/install/runtime/include/openvino/c/ov_rank.h
-- Up-to-date: /home/chaofan/model_benchmark/benchmark/openvino/install/runtime/include/openvino/c/ov_model.h
-- Up-to-date: /home/chaofan/model_benchmark/benchmark/openvino/install/runtime/include/openvino/c/gpu
-- Up-to-date: /home/chaofan/model_benchmark/benchmark/openvino/install/runtime/include/openvino/c/gpu/gpu_plugin_properties.h
-- Up-to-date: /home/chaofan/model_benchmark/benchmark/openvino/install/runtime/include/openvino/c/auto
-- Up-to-date: /home/chaofan/model_benchmark/benchmark/openvino/install/runtime/include/openvino/c/auto/properties.h
-- Up-to-date: /home/chaofan/model_benchmark/benchmark/openvino/install/samples/cpp
-- Up-to-date: /home/chaofan/model_benchmark/benchmark/openvino/install/samples/cpp/classification_sample_async
-- Up-to-date: /home/chaofan/model_benchmark/benchmark/openvino/install/samples/cpp/classification_sample_async/classification_sample_async.h
-- Up-to-date: /home/chaofan/model_benchmark/benchmark/openvino/install/samples/cpp/classification_sample_async/main.cpp
-- Up-to-date: /home/chaofan/model_benchmark/benchmark/openvino/install/samples/cpp/classification_sample_async/README.md
-- Up-to-date: /home/chaofan/model_benchmark/benchmark/openvino/install/samples/cpp/classification_sample_async/CMakeLists.txt
-- Up-to-date: /home/chaofan/model_benchmark/benchmark/openvino/install/samples/cpp/hello_classification
-- Up-to-date: /home/chaofan/model_benchmark/benchmark/openvino/install/samples/cpp/hello_classification/main.cpp
-- Up-to-date: /home/chaofan/model_benchmark/benchmark/openvino/install/samples/cpp/hello_classification/README.md
-- Up-to-date: /home/chaofan/model_benchmark/benchmark/openvino/install/samples/cpp/hello_classification/CMakeLists.txt
-- Up-to-date: /home/chaofan/model_benchmark/benchmark/openvino/install/samples/cpp/benchmark_app
-- Up-to-date: /home/chaofan/model_benchmark/benchmark/openvino/install/samples/cpp/benchmark_app/inputs_filling.cpp
-- Up-to-date: /home/chaofan/model_benchmark/benchmark/openvino/install/samples/cpp/benchmark_app/remote_tensors_filling.cpp
-- Up-to-date: /home/chaofan/model_benchmark/benchmark/openvino/install/samples/cpp/benchmark_app/statistics_report.cpp
-- Up-to-date: /home/chaofan/model_benchmark/benchmark/openvino/install/samples/cpp/benchmark_app/utils.hpp
-- Up-to-date: /home/chaofan/model_benchmark/benchmark/openvino/install/samples/cpp/benchmark_app/statistics_report.hpp
-- Up-to-date: /home/chaofan/model_benchmark/benchmark/openvino/install/samples/cpp/benchmark_app/infer_request_wrap.hpp
-- Up-to-date: /home/chaofan/model_benchmark/benchmark/openvino/install/samples/cpp/benchmark_app/main.cpp
-- Up-to-date: /home/chaofan/model_benchmark/benchmark/openvino/install/samples/cpp/benchmark_app/remote_tensors_filling.hpp
-- Up-to-date: /home/chaofan/model_benchmark/benchmark/openvino/install/samples/cpp/benchmark_app/README.md
-- Up-to-date: /home/chaofan/model_benchmark/benchmark/openvino/install/samples/cpp/benchmark_app/inputs_filling.hpp
-- Up-to-date: /home/chaofan/model_benchmark/benchmark/openvino/install/samples/cpp/benchmark_app/utils.cpp
-- Up-to-date: /home/chaofan/model_benchmark/benchmark/openvino/install/samples/cpp/benchmark_app/CMakeLists.txt
-- Up-to-date: /home/chaofan/model_benchmark/benchmark/openvino/install/samples/cpp/benchmark_app/benchmark_app.hpp
-- Up-to-date: /home/chaofan/model_benchmark/benchmark/openvino/install/samples/cpp/hello_nv12_input_classification
-- Up-to-date: /home/chaofan/model_benchmark/benchmark/openvino/install/samples/cpp/hello_nv12_input_classification/main.cpp
-- Up-to-date: /home/chaofan/model_benchmark/benchmark/openvino/install/samples/cpp/hello_nv12_input_classification/README.md
-- Up-to-date: /home/chaofan/model_benchmark/benchmark/openvino/install/samples/cpp/hello_nv12_input_classification/CMakeLists.txt
-- Up-to-date: /home/chaofan/model_benchmark/benchmark/openvino/install/samples/cpp/hello_query_device
-- Up-to-date: /home/chaofan/model_benchmark/benchmark/openvino/install/samples/cpp/hello_query_device/main.cpp
-- Up-to-date: /home/chaofan/model_benchmark/benchmark/openvino/install/samples/cpp/hello_query_device/README.md
-- Up-to-date: /home/chaofan/model_benchmark/benchmark/openvino/install/samples/cpp/hello_query_device/CMakeLists.txt
-- Up-to-date: /home/chaofan/model_benchmark/benchmark/openvino/install/samples/cpp/model_creation_sample
-- Up-to-date: /home/chaofan/model_benchmark/benchmark/openvino/install/samples/cpp/model_creation_sample/lenet.labels
-- Up-to-date: /home/chaofan/model_benchmark/benchmark/openvino/install/samples/cpp/model_creation_sample/lenet.bin
-- Up-to-date: /home/chaofan/model_benchmark/benchmark/openvino/install/samples/cpp/model_creation_sample/main.cpp
-- Up-to-date: /home/chaofan/model_benchmark/benchmark/openvino/install/samples/cpp/model_creation_sample/README.md
-- Up-to-date: /home/chaofan/model_benchmark/benchmark/openvino/install/samples/cpp/model_creation_sample/CMakeLists.txt
-- Up-to-date: /home/chaofan/model_benchmark/benchmark/openvino/install/samples/cpp/model_creation_sample/model_creation_sample.hpp
-- Up-to-date: /home/chaofan/model_benchmark/benchmark/openvino/install/samples/cpp/CMakeLists.txt
-- Up-to-date: /home/chaofan/model_benchmark/benchmark/openvino/install/samples/cpp/common
-- Up-to-date: /home/chaofan/model_benchmark/benchmark/openvino/install/samples/cpp/common/format_reader
-- Up-to-date: /home/chaofan/model_benchmark/benchmark/openvino/install/samples/cpp/common/format_reader/src
-- Up-to-date: /home/chaofan/model_benchmark/benchmark/openvino/install/samples/cpp/common/format_reader/src/register.h
-- Up-to-date: /home/chaofan/model_benchmark/benchmark/openvino/install/samples/cpp/common/format_reader/src/npy.h
-- Up-to-date: /home/chaofan/model_benchmark/benchmark/openvino/install/samples/cpp/common/format_reader/src/opencv_wrapper.cpp
-- Up-to-date: /home/chaofan/model_benchmark/benchmark/openvino/install/samples/cpp/common/format_reader/src/MnistUbyte.cpp
-- Up-to-date: /home/chaofan/model_benchmark/benchmark/openvino/install/samples/cpp/common/format_reader/src/yuv_nv12.h
-- Up-to-date: /home/chaofan/model_benchmark/benchmark/openvino/install/samples/cpp/common/format_reader/src/npy.cpp
-- Up-to-date: /home/chaofan/model_benchmark/benchmark/openvino/install/samples/cpp/common/format_reader/src/bmp.cpp
-- Up-to-date: /home/chaofan/model_benchmark/benchmark/openvino/install/samples/cpp/common/format_reader/src/bmp.h
-- Up-to-date: /home/chaofan/model_benchmark/benchmark/openvino/install/samples/cpp/common/format_reader/src/format_reader.cpp
-- Up-to-date: /home/chaofan/model_benchmark/benchmark/openvino/install/samples/cpp/common/format_reader/src/MnistUbyte.h
-- Up-to-date: /home/chaofan/model_benchmark/benchmark/openvino/install/samples/cpp/common/format_reader/src/opencv_wrapper.h
-- Up-to-date: /home/chaofan/model_benchmark/benchmark/openvino/install/samples/cpp/common/format_reader/src/yuv_nv12.cpp
-- Up-to-date: /home/chaofan/model_benchmark/benchmark/openvino/install/samples/cpp/common/format_reader/CMakeLists.txt
-- Up-to-date: /home/chaofan/model_benchmark/benchmark/openvino/install/samples/cpp/common/format_reader/include
-- Up-to-date: /home/chaofan/model_benchmark/benchmark/openvino/install/samples/cpp/common/format_reader/include/format_reader.h
-- Up-to-date: /home/chaofan/model_benchmark/benchmark/openvino/install/samples/cpp/common/format_reader/include/format_reader_ptr.h
-- Up-to-date: /home/chaofan/model_benchmark/benchmark/openvino/install/samples/cpp/common/utils
-- Up-to-date: /home/chaofan/model_benchmark/benchmark/openvino/install/samples/cpp/common/utils/src
-- Up-to-date: /home/chaofan/model_benchmark/benchmark/openvino/install/samples/cpp/common/utils/src/args_helper.cpp
-- Up-to-date: /home/chaofan/model_benchmark/benchmark/openvino/install/samples/cpp/common/utils/src/slog.cpp
-- Up-to-date: /home/chaofan/model_benchmark/benchmark/openvino/install/samples/cpp/common/utils/src/latency_metrics.cpp
-- Up-to-date: /home/chaofan/model_benchmark/benchmark/openvino/install/samples/cpp/common/utils/CMakeLists.txt
-- Up-to-date: /home/chaofan/model_benchmark/benchmark/openvino/install/samples/cpp/common/utils/include
-- Up-to-date: /home/chaofan/model_benchmark/benchmark/openvino/install/samples/cpp/common/utils/include/samples
-- Up-to-date: /home/chaofan/model_benchmark/benchmark/openvino/install/samples/cpp/common/utils/include/samples/os
-- Up-to-date: /home/chaofan/model_benchmark/benchmark/openvino/install/samples/cpp/common/utils/include/samples/os/windows
-- Up-to-date: /home/chaofan/model_benchmark/benchmark/openvino/install/samples/cpp/common/utils/include/samples/os/windows/w_dirent.h
-- Up-to-date: /home/chaofan/model_benchmark/benchmark/openvino/install/samples/cpp/common/utils/include/samples/common.hpp
-- Up-to-date: /home/chaofan/model_benchmark/benchmark/openvino/install/samples/cpp/common/utils/include/samples/args_helper.hpp
-- Up-to-date: /home/chaofan/model_benchmark/benchmark/openvino/install/samples/cpp/common/utils/include/samples/classification_results.h
-- Up-to-date: /home/chaofan/model_benchmark/benchmark/openvino/install/samples/cpp/common/utils/include/samples/slog.hpp
-- Up-to-date: /home/chaofan/model_benchmark/benchmark/openvino/install/samples/cpp/common/utils/include/samples/console_progress.hpp
-- Up-to-date: /home/chaofan/model_benchmark/benchmark/openvino/install/samples/cpp/common/utils/include/samples/csv_dumper.hpp
-- Up-to-date: /home/chaofan/model_benchmark/benchmark/openvino/install/samples/cpp/common/utils/include/samples/latency_metrics.hpp
-- Up-to-date: /home/chaofan/model_benchmark/benchmark/openvino/install/samples/cpp/common/CMakeLists.txt
-- Up-to-date: /home/chaofan/model_benchmark/benchmark/openvino/install/samples/cpp/hello_reshape_ssd
-- Up-to-date: /home/chaofan/model_benchmark/benchmark/openvino/install/samples/cpp/hello_reshape_ssd/main.cpp
-- Up-to-date: /home/chaofan/model_benchmark/benchmark/openvino/install/samples/cpp/hello_reshape_ssd/README.md
-- Up-to-date: /home/chaofan/model_benchmark/benchmark/openvino/install/samples/cpp/hello_reshape_ssd/CMakeLists.txt
-- Up-to-date: /home/chaofan/model_benchmark/benchmark/openvino/install/samples/cpp/benchmark
-- Up-to-date: /home/chaofan/model_benchmark/benchmark/openvino/install/samples/cpp/benchmark/sync_benchmark
-- Up-to-date: /home/chaofan/model_benchmark/benchmark/openvino/install/samples/cpp/benchmark/sync_benchmark/main.cpp
-- Up-to-date: /home/chaofan/model_benchmark/benchmark/openvino/install/samples/cpp/benchmark/sync_benchmark/README.md
-- Up-to-date: /home/chaofan/model_benchmark/benchmark/openvino/install/samples/cpp/benchmark/sync_benchmark/CMakeLists.txt
-- Up-to-date: /home/chaofan/model_benchmark/benchmark/openvino/install/samples/cpp/benchmark/throughput_benchmark
-- Up-to-date: /home/chaofan/model_benchmark/benchmark/openvino/install/samples/cpp/benchmark/throughput_benchmark/main.cpp
-- Up-to-date: /home/chaofan/model_benchmark/benchmark/openvino/install/samples/cpp/benchmark/throughput_benchmark/README.md
-- Up-to-date: /home/chaofan/model_benchmark/benchmark/openvino/install/samples/cpp/benchmark/throughput_benchmark/CMakeLists.txt
-- Up-to-date: /home/chaofan/model_benchmark/benchmark/openvino/install/samples/cpp/benchmark/CMakeLists.txt
-- Up-to-date: /home/chaofan/model_benchmark/benchmark/openvino/install/samples/cpp/build_samples.sh
-- Up-to-date: /home/chaofan/model_benchmark/benchmark/openvino/install/samples/c/build_samples.sh
-- Up-to-date: /home/chaofan/model_benchmark/benchmark/openvino/install/samples/c
-- Up-to-date: /home/chaofan/model_benchmark/benchmark/openvino/install/samples/c/hello_classification
-- Up-to-date: /home/chaofan/model_benchmark/benchmark/openvino/install/samples/c/hello_classification/infer_result_util.h
-- Up-to-date: /home/chaofan/model_benchmark/benchmark/openvino/install/samples/c/hello_classification/main.c
-- Up-to-date: /home/chaofan/model_benchmark/benchmark/openvino/install/samples/c/hello_classification/infer_result_util.c
-- Up-to-date: /home/chaofan/model_benchmark/benchmark/openvino/install/samples/c/hello_classification/README.md
-- Up-to-date: /home/chaofan/model_benchmark/benchmark/openvino/install/samples/c/hello_classification/CMakeLists.txt
-- Up-to-date: /home/chaofan/model_benchmark/benchmark/openvino/install/samples/c/hello_nv12_input_classification
-- Up-to-date: /home/chaofan/model_benchmark/benchmark/openvino/install/samples/c/hello_nv12_input_classification/main.c
-- Up-to-date: /home/chaofan/model_benchmark/benchmark/openvino/install/samples/c/hello_nv12_input_classification/README.md
-- Up-to-date: /home/chaofan/model_benchmark/benchmark/openvino/install/samples/c/hello_nv12_input_classification/CMakeLists.txt
-- Up-to-date: /home/chaofan/model_benchmark/benchmark/openvino/install/samples/c/common
-- Up-to-date: /home/chaofan/model_benchmark/benchmark/openvino/install/samples/c/common/sample_util
-- Up-to-date: /home/chaofan/model_benchmark/benchmark/openvino/install/samples/c/common/sample_util/src
-- Up-to-date: /home/chaofan/model_benchmark/benchmark/openvino/install/samples/c/common/sample_util/src/path_util.c
-- Up-to-date: /home/chaofan/model_benchmark/benchmark/openvino/install/samples/c/common/sample_util/CMakeLists.txt
-- Up-to-date: /home/chaofan/model_benchmark/benchmark/openvino/install/samples/c/common/sample_util/include
-- Up-to-date: /home/chaofan/model_benchmark/benchmark/openvino/install/samples/c/common/sample_util/include/samples_util
-- Up-to-date: /home/chaofan/model_benchmark/benchmark/openvino/install/samples/c/common/sample_util/include/samples_util/path_util.h
-- Up-to-date: /home/chaofan/model_benchmark/benchmark/openvino/install/samples/c/common/opencv_c_wrapper
-- Up-to-date: /home/chaofan/model_benchmark/benchmark/openvino/install/samples/c/common/opencv_c_wrapper/src
-- Up-to-date: /home/chaofan/model_benchmark/benchmark/openvino/install/samples/c/common/opencv_c_wrapper/src/bmp_reader.c
-- Up-to-date: /home/chaofan/model_benchmark/benchmark/openvino/install/samples/c/common/opencv_c_wrapper/src/opencv_c_wrapper.cpp
-- Up-to-date: /home/chaofan/model_benchmark/benchmark/openvino/install/samples/c/common/opencv_c_wrapper/src/bmp_reader.h
-- Up-to-date: /home/chaofan/model_benchmark/benchmark/openvino/install/samples/c/common/opencv_c_wrapper/CMakeLists.txt
-- Up-to-date: /home/chaofan/model_benchmark/benchmark/openvino/install/samples/c/common/opencv_c_wrapper/include
-- Up-to-date: /home/chaofan/model_benchmark/benchmark/openvino/install/samples/c/common/opencv_c_wrapper/include/opencv_c_wrapper.h
-- Up-to-date: /home/chaofan/model_benchmark/benchmark/openvino/install/samples/c/common/CMakeLists.txt
-- Up-to-date: /home/chaofan/model_benchmark/benchmark/openvino/install/samples/c/CMakeLists.txt
-- Up-to-date: /home/chaofan/model_benchmark/benchmark/openvino/install/samples/python
-- Up-to-date: /home/chaofan/model_benchmark/benchmark/openvino/install/samples/python/classification_sample_async
-- Up-to-date: /home/chaofan/model_benchmark/benchmark/openvino/install/samples/python/classification_sample_async/classification_sample_async.py
-- Up-to-date: /home/chaofan/model_benchmark/benchmark/openvino/install/samples/python/classification_sample_async/requirements.txt
-- Up-to-date: /home/chaofan/model_benchmark/benchmark/openvino/install/samples/python/classification_sample_async/README.md
-- Up-to-date: /home/chaofan/model_benchmark/benchmark/openvino/install/samples/python/hello_classification
-- Up-to-date: /home/chaofan/model_benchmark/benchmark/openvino/install/samples/python/hello_classification/hello_classification.py
-- Up-to-date: /home/chaofan/model_benchmark/benchmark/openvino/install/samples/python/hello_classification/requirements.txt
-- Up-to-date: /home/chaofan/model_benchmark/benchmark/openvino/install/samples/python/hello_classification/README.md
-- Up-to-date: /home/chaofan/model_benchmark/benchmark/openvino/install/samples/python/setup.cfg
-- Up-to-date: /home/chaofan/model_benchmark/benchmark/openvino/install/samples/python/hello_query_device
-- Up-to-date: /home/chaofan/model_benchmark/benchmark/openvino/install/samples/python/hello_query_device/README.md
-- Up-to-date: /home/chaofan/model_benchmark/benchmark/openvino/install/samples/python/hello_query_device/hello_query_device.py
-- Up-to-date: /home/chaofan/model_benchmark/benchmark/openvino/install/samples/python/model_creation_sample
-- Up-to-date: /home/chaofan/model_benchmark/benchmark/openvino/install/samples/python/model_creation_sample/lenet.bin
-- Up-to-date: /home/chaofan/model_benchmark/benchmark/openvino/install/samples/python/model_creation_sample/model_creation_sample.py
-- Up-to-date: /home/chaofan/model_benchmark/benchmark/openvino/install/samples/python/model_creation_sample/data.py
-- Up-to-date: /home/chaofan/model_benchmark/benchmark/openvino/install/samples/python/model_creation_sample/README.md
-- Up-to-date: /home/chaofan/model_benchmark/benchmark/openvino/install/samples/python/hello_reshape_ssd
-- Up-to-date: /home/chaofan/model_benchmark/benchmark/openvino/install/samples/python/hello_reshape_ssd/requirements.txt
-- Up-to-date: /home/chaofan/model_benchmark/benchmark/openvino/install/samples/python/hello_reshape_ssd/README.md
-- Up-to-date: /home/chaofan/model_benchmark/benchmark/openvino/install/samples/python/hello_reshape_ssd/hello_reshape_ssd.py
-- Up-to-date: /home/chaofan/model_benchmark/benchmark/openvino/install/samples/python/benchmark
-- Up-to-date: /home/chaofan/model_benchmark/benchmark/openvino/install/samples/python/benchmark/sync_benchmark
-- Up-to-date: /home/chaofan/model_benchmark/benchmark/openvino/install/samples/python/benchmark/sync_benchmark/README.md
-- Up-to-date: /home/chaofan/model_benchmark/benchmark/openvino/install/samples/python/benchmark/sync_benchmark/sync_benchmark.py
-- Up-to-date: /home/chaofan/model_benchmark/benchmark/openvino/install/samples/python/benchmark/throughput_benchmark
-- Up-to-date: /home/chaofan/model_benchmark/benchmark/openvino/install/samples/python/benchmark/throughput_benchmark/throughput_benchmark.py
-- Up-to-date: /home/chaofan/model_benchmark/benchmark/openvino/install/samples/python/benchmark/throughput_benchmark/README.md
-- Up-to-date: /home/chaofan/model_benchmark/benchmark/openvino/install/samples/python/benchmark/bert_benchmark
-- Up-to-date: /home/chaofan/model_benchmark/benchmark/openvino/install/samples/python/benchmark/bert_benchmark/bert_benchmark.py
-- Up-to-date: /home/chaofan/model_benchmark/benchmark/openvino/install/samples/python/benchmark/bert_benchmark/requirements.txt
-- Up-to-date: /home/chaofan/model_benchmark/benchmark/openvino/install/samples/python/benchmark/bert_benchmark/README.md
-- Up-to-date: /home/chaofan/model_benchmark/benchmark/openvino/install/./setupvars.sh
-- Up-to-date: /home/chaofan/model_benchmark/benchmark/openvino/install/install_dependencies/install_openvino_dependencies.sh
-- Up-to-date: /home/chaofan/model_benchmark/benchmark/openvino/install/licenses
-- Up-to-date: /home/chaofan/model_benchmark/benchmark/openvino/install/licenses/onetbb_third-party-programs.txt
-- Up-to-date: /home/chaofan/model_benchmark/benchmark/openvino/install/licenses/runtime-third-party-programs.txt
-- Up-to-date: /home/chaofan/model_benchmark/benchmark/openvino/install/licenses/onednn_third-party-programs.txt
53c31dff5b401b08697b4f419a6ffd3b3fc6d49ce2998f9035385e16999451b8  /home/chaofan/model_benchmark/benchmark/openvino/qwen3.5_patch/results_1k512_highround_rerun_20260824/plugins/pa_opt3_opt4_opt5.so
-- OpenVINO version is 2026.3.0 (Build 22454)
-- Found clang-format: CLANG_FORMAT-NOTFOUND
CMake Warning at cmake/developer_package/clang_format/clang_format.cmake:23 (message):
  Supported clang-format-18 is not found!
Call Stack (most recent call first):
  cmake/developer_package/OpenVINODeveloperScriptsConfig.cmake:315 (include)
  CMakeLists.txt:39 (find_package)


CMake Warning at cmake/developer_package/ncc_naming_style/ncc_naming_style.cmake:91 (message):
  clang-15 libclang-15-dev are not found (required for ncc naming style
  check)
Call Stack (most recent call first):
  cmake/developer_package/OpenVINODeveloperScriptsConfig.cmake:317 (include)
  CMakeLists.txt:39 (find_package)


-- OpenVINO Runtime enabled features: 
-- 
--     CI_BUILD_NUMBER: 2026.3.0-22454-09c4cc4117e-qwen-ttft-optimizations
--     ENABLE_LTO = OFF
--     OS_FOLDER = OFF
--     USE_BUILD_TYPE_SUBFOLDER = ON
--     CMAKE_COMPILE_WARNING_AS_ERROR = OFF
--     ENABLE_QSPECTRE = OFF
--     ENABLE_INTEGRITYCHECK = OFF
--     ENABLE_SANITIZER = OFF
--     ENABLE_UB_SANITIZER = OFF
--     ENABLE_THREAD_SANITIZER = OFF
--     ENABLE_COVERAGE = OFF
--     ENABLE_API_VALIDATOR = OFF
--     ENABLE_PDB_IN_RELEASE = OFF
--     ENABLE_SSE42 = ON
--     ENABLE_AVX2 = ON
--     ENABLE_AVX512F = ON
--     ENABLE_NEON_FP16 = OFF
--     ENABLE_SVE = OFF
--     BUILD_SHARED_LIBS = ON
--     ENABLE_LIBRARY_VERSIONING = ON
--     ENABLE_FASTER_BUILD = OFF
--     ENABLE_CLANG_FORMAT = OFF
--     ENABLE_CLANG_TIDY = OFF
--     ENABLE_CLANG_TIDY_FIX = OFF
--     ENABLE_NCC_STYLE = OFF
--     ENABLE_UNSAFE_LOCATIONS = OFF
--     ENABLE_FUZZING = OFF
--     ENABLE_PROXY = ON
--     ENABLE_INTEL_CPU = ON
--     ENABLE_ARM_COMPUTE_CMAKE = OFF
--     ENABLE_TESTS = OFF
--     ENABLE_TESTS_PER_SOURCE = OFF
--     ENABLE_INTEL_GPU = ON
--     GPU_RT_TYPE = OCL
--     ENABLE_ONEDNN_FOR_GPU = ON
--     ENABLE_CM_FOR_GPU = ON
--     ENABLE_INTEL_NPU = ON
--     ENABLE_INTEL_NPU_INTERNAL = ON
--     ENABLE_DEBUG_CAPS = OFF
--     ENABLE_NPU_DEBUG_CAPS = OFF
--     ENABLE_GPU_DEBUG_CAPS = OFF
--     ENABLE_CPU_DEBUG_CAPS = OFF
--     ENABLE_SNIPPETS_DEBUG_CAPS = OFF
--     ENABLE_SNIPPETS_LIBXSMM_TPP = OFF
--     ENABLE_PROFILING_ITT = BASE
--     ENABLE_PROFILING_FILTER = ALL
--     ENABLE_PROFILING_FIRST_INFERENCE = ON
--     SELECTIVE_BUILD = OFF
--     ENABLE_DOCS = OFF
--     ENABLE_PKGCONFIG_GEN = ON
--     THREADING = TBB_ADAPTIVE
--     ENABLE_INTEL_OPENMP = OFF
--     ENABLE_TBBBIND_2_5 = ON
--     ENABLE_MULTI = ON
--     ENABLE_AUTO = ON
--     ENABLE_AUTO_BATCH = ON
--     ENABLE_HETERO = ON
--     ENABLE_TEMPLATE = ON
--     ENABLE_PLUGINS_XML = OFF
--     ENABLE_FUNCTIONAL_TESTS = OFF
--     ENABLE_SAMPLES = ON
--     ENABLE_GIL_PYTHON_API = ON
--     ENABLE_OV_ONNX_FRONTEND = ON
--     ENABLE_OV_PADDLE_FRONTEND = ON
--     ENABLE_OV_IR_FRONTEND = ON
--     ENABLE_OV_PYTORCH_FRONTEND = ON
--     ENABLE_OV_JAX_FRONTEND = ON
--     ENABLE_OV_TF_FRONTEND = ON
--     ENABLE_OV_TF_LITE_FRONTEND = ON
--     ENABLE_SNAPPY_COMPRESSION = ON
--     ENABLE_STRICT_DEPENDENCIES = OFF
--     ENABLE_SYSTEM_TBB = OFF
--     ENABLE_SYSTEM_PUGIXML = OFF
--     ENABLE_SYSTEM_FLATBUFFERS = ON
--     ENABLE_SYSTEM_OPENCL = ON
--     ENABLE_SYSTEM_PROTOBUF = OFF
--     ENABLE_SYSTEM_SNAPPY = OFF
--     ENABLE_SYSTEM_LEVEL_ZERO = OFF
--     ENABLE_JS = ON
--     ENABLE_OPENVINO_DEBUG = OFF
-- 
-- CMAKE_VERSION ......................... 3.28.3
-- CMAKE_CROSSCOMPILING .................. FALSE
-- OpenVINO_SOURCE_DIR ................... /home/chaofan/model_benchmark/benchmark/openvino
-- OpenVINO_BINARY_DIR ................... /home/chaofan/model_benchmark/benchmark/openvino/build
-- CMAKE_GENERATOR ....................... Unix Makefiles
-- CPACK_GENERATOR ....................... TGZ
-- CMAKE_C_COMPILER_ID ................... GNU
-- CMAKE_CXX_COMPILER_ID ................. GNU
-- CMAKE_CXX_STANDARD .................... 17
-- CMAKE_BUILD_TYPE ...................... Release
-- LIBC_VERSION .......................... 2.39
-- STDLIB ................................ GNU
-- Building loader as dynamic library
-- Saved Product GUID: 1.29.0
-- project version: 1.29.0
-- Using Product GUID: 22be7d28-d853-4d43-95c8-074d8b96fc0e for version 1.29.0
-- Protocol Buffers Configuring...
-- 
-- 3.21.12.0
-- Configuration script parsing status [
--   Description : Protocol Buffers
--   Version     : 3.21.12.0 (3.21.12)
--   Contact     : protobuf@googlegroups.com
-- ]
-- Protocol Buffers Configuring done
-- ONNX_PROTOC_EXECUTABLE: $<TARGET_FILE:protobuf::protoc>
-- Protobuf_VERSION: 
Generated: /home/chaofan/model_benchmark/benchmark/openvino/build/thirdparty/onnx/onnx/onnx/onnx_openvino_onnx-ml.proto
Generated: /home/chaofan/model_benchmark/benchmark/openvino/build/thirdparty/onnx/onnx/onnx/onnx-operators_openvino_onnx-ml.proto
Generated: /home/chaofan/model_benchmark/benchmark/openvino/build/thirdparty/onnx/onnx/onnx/onnx-data_openvino_onnx.proto
-- 
-- ******** Summary ********
--   CMake version                     : 3.28.3
--   CMake command                     : /usr/bin/cmake
--   System                            : Linux
--   C++ compiler                      : /usr/bin/c++
--   C++ compiler version              : 13.3.0
--   CXX flags                         : -Wsuggest-override  -fsigned-char -ffunction-sections -fdata-sections -fdiagnostics-show-option -Wall -Wignored-qualifiers -Wundef -Wno-suggest-override -Wnon-virtual-dtor
--   Build type                        : Release
--   Compile definitions               : OV_BUILD_POSTFIX="";OV_NATIVE_PARENT_PROJECT_ROOT_DIR="openvino"
--   CMAKE_PREFIX_PATH                 : 
--   CMAKE_INSTALL_PREFIX              : /home/chaofan/model_benchmark/benchmark/openvino/install
--   CMAKE_MODULE_PATH                 : 
-- 
--   ONNX version                      : 1.18.0
--   ONNX NAMESPACE                    : openvino_onnx
--   ONNX_USE_LITE_PROTO               : ON
--   USE_PROTOBUF_SHARED_LIBS          : OFF
--   ONNX_DISABLE_EXCEPTIONS           : OFF
--   ONNX_DISABLE_STATIC_REGISTRATION  : OFF
--   ONNX_WERROR                       : OFF
--   ONNX_BUILD_TESTS                  : OFF
--   BUILD_SHARED_LIBS                 : OFF
-- 
--   Protobuf compiler                 : $<TARGET_FILE:protobuf::protoc>
--   Protobuf includes                 : 
--   Protobuf libraries                : 
--   ONNX_BUILD_PYTHON                 : OFF
-- TBB (2021.13.1) is found at /home/chaofan/model_benchmark/benchmark/openvino/temp/Linux_x86_64/tbb/lib/cmake/TBB
-- Static tbbbind_2_5 package usage is disabled, since oneTBB (ver. 2021.13.1) provides dynamic TBBBind 2.5+
-- DNNL_TARGET_ARCH: X64
-- DNNL_LIBRARY_NAME: openvino_onednn_cpu
-- Threadpool testing: standalone
-- Enabled testing coverage: CI
-- Enabled workload: INFERENCE
-- Enabled primitives: CONVOLUTION;DECONVOLUTION;CONCAT;LRN;INNER_PRODUCT;MATMUL;POOLING;REDUCTION;REORDER;RNN;SOFTMAX
-- Enabled primitive CPU ISA: ALL
-- Enabled primitive GPU ISA: ALL
-- Enabled GeMM kernels ISA: SSE41
-- Primitive cache is enabled
-- RapidJSON found. Headers: /usr/include
-- Resolving prebuilt NPU Plugin Compiler dependencies...
-- The prebuilt compiler version is 8.2.0.9802763
-- Using prebuilt NPU Plugin Compiler libraries from /home/chaofan/model_benchmark/benchmark/openvino/temp/Linux_x86_64/npu_compiler_8_2_0_9802763
-- build_manifest.json for npu plugin compiler:

    openvino_version: 2026.3.0.1,
    openvino_sha: 4089686065a,
    npu_compiler_version: 2026.3.0.2026.3.0-1-4089686065a-980276366f8,
    npu_compiler_sha: 980276366f8,
    llvm_version: 21.1.8.0f0abce229b,
    tbb_version: 2021.13.1


-- Copying prebuilt Plugin compiler library /home/chaofan/model_benchmark/benchmark/openvino/temp/Linux_x86_64/npu_compiler_8_2_0_9802763/lib/libopenvino_intel_npu_compiler.so to /home/chaofan/model_benchmark/benchmark/openvino/bin/intel64/Release
-- Copying prebuilt Plugin compiler loader library /home/chaofan/model_benchmark/benchmark/openvino/temp/Linux_x86_64/npu_compiler_8_2_0_9802763/lib/libopenvino_intel_npu_compiler_loader.so to /home/chaofan/model_benchmark/benchmark/openvino/bin/intel64/Release
-- Copying prebuilt Plugin compiler VM runtime library /home/chaofan/model_benchmark/benchmark/openvino/temp/Linux_x86_64/npu_compiler_8_2_0_9802763/lib/libnpu_interpreter_runtime.so to /home/chaofan/model_benchmark/benchmark/openvino/bin/intel64/Release/libopenvino_intel_npu_vm_runtime.so
-- NPU single-image-test tool is disabled due to missing dependencies: opencv_core;opencv_imgproc;opencv_imgcodecs
-- Python3 executable: /usr/bin/python3
-- Python3 version: 3.12.3
-- Python3 interpreter ID: Python
-- Python3 SOABI: cpython-312-x86_64-linux-gnu
-- Python3 include dirs: /usr/include/python3.12
-- Python3 libraries: 
CMake Warning at cmake/developer_package/python_requirements.cmake:118 (message):
  Python requirement file
  /home/chaofan/model_benchmark/benchmark/openvino/src/bindings/python/wheel/requirements-dev.txt
  is not installed,
Call Stack (most recent call first):
  src/bindings/python/CMakeLists.txt:148 (ov_check_pip_packages)


CMake Warning at samples/cpp/common/format_reader/CMakeLists.txt:22 (message):
  OpenCV ver.  3.0+ is not found, format_reader will be built without OpenCV
  support


CMake Warning at samples/cpp/benchmark_app/CMakeLists.txt:112 (message):
  OpenCV ver.  3.0+ is not found, benchmark_app will be built without OpenCV
  support.  Set OpenCV_DIR


CMake Warning at samples/c/common/opencv_c_wrapper/CMakeLists.txt:20 (message):
  OpenCV ver.  3.0+ is not found, opencv_c_wrapper is built without OPENCV
  support


-- Register template to be built in build-modules/template
-- Register template_extension to be built in build-modules/template_extension
-- /usr/bin/pkg-config: libva (1.23.0) is found at /usr
-- Configuring done (4.6s)
-- Generating done (0.9s)
-- Build files have been written to: /home/chaofan/model_benchmark/benchmark/openvino/build
=== opt3_opt4_opt5_opt6 ===
[  0%] Updating file if the file changed (/home/chaofan/model_benchmark/benchmark/openvino/build/src/plugins/intel_gpu/src/graph/impls/cm/codegen/include/gpu_cm_kernel_sources.inc) ...
[  0%] Built target onednn_gpu_build
[  0%] Built target _ov_plugins_hpp
[  0%] Generating /home/chaofan/model_benchmark/benchmark/openvino/build/src/plugins/intel_gpu/src/graph/impls/ocl_v2/codegen/cache/gpu_ocl_kernel_sources.inc ...
[  0%] Built target ittnotify
[  0%] Built target openvino_shutdown
[  0%] Built target pugixml-static
[  0%] Built target openvino_shape_inference
[  0%] Built target run_cm_codegen
[  0%] Built target openvino_intel_gpu_common_obj
.
----------------------------------------------------------------------
Ran 1 test in 0.011s

OK
processing test_kernel.cl
[  0%] Built target openvino_util
[  0%] Built target run_codegen_test
[  0%] Built target openvino_intel_gpu_onednn_obj
[  0%] Built target openvino_intel_gpu_cm_obj
[  0%] Built target openvino_itt
[  2%] Built target openvino_intel_gpu_cpu_obj
[  2%] Built target openvino_proxy_plugin_obj
[  2%] Built target openvino_frontend_common_obj
[  5%] Built target openvino_runtime_obj
[  8%] Built target openvino_reference
[  8%] Built target openvino_core_obj_version
[ 13%] Built target openvino_intel_gpu_ocl_obj
[ 19%] Built target openvino_lp_transformations_obj
processing col2im.cl
processing ctc_loss.cl
processing expert_gemm_common.cl
processing expert_gemm_compute.cl
processing gated_delta_net_ref.cl
processing gather_matmul.cl
processing gather_matmul_batched.cl
processing gathermatmul_gather.cl
processing gathermatmul_scatter.cl
processing gathermatmul_sort.cl
processing group_normalization_bfyx_opt.cl
processing group_normalization_fsv16.cl
processing group_normalization_ref.cl
processing lora_horizontal_fused.cl
processing lora_opt.cl
processing lora_ref.cl
processing moe_3gemm_swiglu_fuse.cl
processing moe_3gemm_swiglu_mlp.cl
processing moe_gather_ref.cl
processing moe_gemm.cl
processing moe_mask_gen.cl
processing moe_router_fused.cl
processing moe_scatter_reduction_opt.cl
processing moe_scatter_reduction_ref.cl
processing pa_adaptive_rkv_diversity_ref.cl
processing pa_kv_cache_reorder_ref.cl
processing pa_kv_cache_rotate_ref.cl
processing pa_kv_cache_update_ref.cl
processing paged_attention_opt.cl
processing paged_causal_conv1d_ref.cl
processing paged_gated_delta_net_opt.cl
processing paged_gated_delta_net_ref.cl
processing rope_opt.cl
processing scatter_nd_update_copy.cl
processing scatter_nd_update_opt.cl
processing scatter_nd_update_ref.cl
processing sdpa_micro.cl
processing sdpa_opt.cl
processing sdpa_ref.cl
processing segment_max_opt.cl
processing segment_max_ref.cl
processing slice_scatter_opt.cl
processing slice_scatter_ref.cl
[ 19%] Updating file if the file changed (/home/chaofan/model_benchmark/benchmark/openvino/build/src/plugins/intel_gpu/src/graph/impls/ocl_v2/codegen/include/gpu_ocl_kernel_sources.inc) ...
[ 19%] Built target run_ocl_codegen
[ 22%] Building CXX object src/plugins/intel_gpu/src/graph/impls/ocl_v2/CMakeFiles/openvino_intel_gpu_ocl_v2_obj.dir/paged_causal_conv1d_ref.cpp.o
[ 22%] Building CXX object src/plugins/intel_gpu/src/graph/impls/ocl_v2/CMakeFiles/openvino_intel_gpu_ocl_v2_obj.dir/utils/kernels_db.cpp.o
[ 38%] Built target openvino_transformations_obj
[ 58%] Built target openvino_core_obj
[ 58%] Built target openvino
[ 58%] Built target openvino_intel_gpu_runtime
[ 77%] Built target openvino_intel_gpu_kernels
[ 77%] Built target openvino_intel_gpu_ocl_v2_obj
[ 77%] Building CXX object src/plugins/intel_gpu/src/graph/CMakeFiles/openvino_intel_gpu_graph.dir/graph_optimizer/prepare_primitive_fusing.cpp.o
[ 77%] Linking CXX static library /home/chaofan/model_benchmark/benchmark/openvino/bin/intel64/Release/libopenvino_intel_gpu_graph.a
[ 88%] Built target openvino_intel_gpu_graph
[ 88%] Built target openvino_intel_gpu_plugin_version
[ 88%] Building CXX object src/plugins/intel_gpu/CMakeFiles/openvino_intel_gpu_plugin.dir/src/plugin/transformations/move_swish_up_through_reshape.cpp.o
[ 88%] Building CXX object src/plugins/intel_gpu/CMakeFiles/openvino_intel_gpu_plugin.dir/src/plugin/transformations_pipeline.cpp.o
[ 88%] Linking CXX shared module /home/chaofan/model_benchmark/benchmark/openvino/bin/intel64/Release/libopenvino_intel_gpu_plugin.so
[100%] Built target openvino_intel_gpu_plugin
-- Install configuration: "Release"
-- Up-to-date: /home/chaofan/model_benchmark/benchmark/openvino/install/samples/cpp/thirdparty/gflags
-- Up-to-date: /home/chaofan/model_benchmark/benchmark/openvino/install/samples/cpp/thirdparty/gflags/gflags
-- Up-to-date: /home/chaofan/model_benchmark/benchmark/openvino/install/samples/cpp/thirdparty/gflags/gflags/cmake
-- Up-to-date: /home/chaofan/model_benchmark/benchmark/openvino/install/samples/cpp/thirdparty/gflags/gflags/cmake/package.pc.in
-- Up-to-date: /home/chaofan/model_benchmark/benchmark/openvino/install/samples/cpp/thirdparty/gflags/gflags/cmake/README_runtime.txt
-- Up-to-date: /home/chaofan/model_benchmark/benchmark/openvino/install/samples/cpp/thirdparty/gflags/gflags/cmake/config.cmake.in
-- Up-to-date: /home/chaofan/model_benchmark/benchmark/openvino/install/samples/cpp/thirdparty/gflags/gflags/cmake/package.cmake.in
-- Up-to-date: /home/chaofan/model_benchmark/benchmark/openvino/install/samples/cpp/thirdparty/gflags/gflags/cmake/version.cmake.in
-- Up-to-date: /home/chaofan/model_benchmark/benchmark/openvino/install/samples/cpp/thirdparty/gflags/gflags/cmake/cmake_uninstall.cmake.in
-- Up-to-date: /home/chaofan/model_benchmark/benchmark/openvino/install/samples/cpp/thirdparty/gflags/gflags/cmake/utils.cmake
-- Up-to-date: /home/chaofan/model_benchmark/benchmark/openvino/install/samples/cpp/thirdparty/gflags/gflags/cmake/execute_test.cmake
-- Up-to-date: /home/chaofan/model_benchmark/benchmark/openvino/install/samples/cpp/thirdparty/gflags/gflags/src
-- Up-to-date: /home/chaofan/model_benchmark/benchmark/openvino/install/samples/cpp/thirdparty/gflags/gflags/src/gflags_reporting.cc
-- Up-to-date: /home/chaofan/model_benchmark/benchmark/openvino/install/samples/cpp/thirdparty/gflags/gflags/src/config.h
-- Up-to-date: /home/chaofan/model_benchmark/benchmark/openvino/install/samples/cpp/thirdparty/gflags/gflags/src/gflags.cc
-- Up-to-date: /home/chaofan/model_benchmark/benchmark/openvino/install/samples/cpp/thirdparty/gflags/gflags/src/gflags_completions.h.in
-- Up-to-date: /home/chaofan/model_benchmark/benchmark/openvino/install/samples/cpp/thirdparty/gflags/gflags/src/gflags_completions.cc
-- Up-to-date: /home/chaofan/model_benchmark/benchmark/openvino/install/samples/cpp/thirdparty/gflags/gflags/src/defines.h.in
-- Up-to-date: /home/chaofan/model_benchmark/benchmark/openvino/install/samples/cpp/thirdparty/gflags/gflags/src/gflags_declare.h.in
-- Up-to-date: /home/chaofan/model_benchmark/benchmark/openvino/install/samples/cpp/thirdparty/gflags/gflags/src/gflags.h.in
-- Up-to-date: /home/chaofan/model_benchmark/benchmark/openvino/install/samples/cpp/thirdparty/gflags/gflags/src/gflags_ns.h.in
-- Up-to-date: /home/chaofan/model_benchmark/benchmark/openvino/install/samples/cpp/thirdparty/gflags/gflags/src/mutex.h
-- Up-to-date: /home/chaofan/model_benchmark/benchmark/openvino/install/samples/cpp/thirdparty/gflags/gflags/src/windows_port.h
-- Up-to-date: /home/chaofan/model_benchmark/benchmark/openvino/install/samples/cpp/thirdparty/gflags/gflags/src/windows_port.cc
-- Up-to-date: /home/chaofan/model_benchmark/benchmark/openvino/install/samples/cpp/thirdparty/gflags/gflags/src/util.h
-- Up-to-date: /home/chaofan/model_benchmark/benchmark/openvino/install/samples/cpp/thirdparty/gflags/gflags/CMakeLists.txt
-- Up-to-date: /home/chaofan/model_benchmark/benchmark/openvino/install/samples/cpp/thirdparty/gflags/gflags/COPYING.txt
-- Up-to-date: /home/chaofan/model_benchmark/benchmark/openvino/install/samples/cpp/thirdparty/gflags/CMakeLists.txt
-- Up-to-date: /home/chaofan/model_benchmark/benchmark/openvino/install/samples/cpp/thirdparty/nlohmann_json
-- Up-to-date: /home/chaofan/model_benchmark/benchmark/openvino/install/samples/cpp/thirdparty/nlohmann_json/LICENSE.MIT
-- Up-to-date: /home/chaofan/model_benchmark/benchmark/openvino/install/samples/cpp/thirdparty/nlohmann_json/single_include
-- Up-to-date: /home/chaofan/model_benchmark/benchmark/openvino/install/samples/cpp/thirdparty/nlohmann_json/single_include/nlohmann
-- Up-to-date: /home/chaofan/model_benchmark/benchmark/openvino/install/samples/cpp/thirdparty/nlohmann_json/single_include/nlohmann/json_fwd.hpp
-- Up-to-date: /home/chaofan/model_benchmark/benchmark/openvino/install/samples/cpp/thirdparty/nlohmann_json/single_include/nlohmann/json.hpp
-- Up-to-date: /home/chaofan/model_benchmark/benchmark/openvino/install/samples/cpp/thirdparty/nlohmann_json/cmake
-- Up-to-date: /home/chaofan/model_benchmark/benchmark/openvino/install/samples/cpp/thirdparty/nlohmann_json/cmake/pkg-config.pc.in
-- Up-to-date: /home/chaofan/model_benchmark/benchmark/openvino/install/samples/cpp/thirdparty/nlohmann_json/cmake/config.cmake.in
-- Up-to-date: /home/chaofan/model_benchmark/benchmark/openvino/install/samples/cpp/thirdparty/nlohmann_json/cmake/nlohmann_jsonConfigVersion.cmake.in
-- Up-to-date: /home/chaofan/model_benchmark/benchmark/openvino/install/samples/cpp/thirdparty/nlohmann_json/cmake/test.cmake
-- Up-to-date: /home/chaofan/model_benchmark/benchmark/openvino/install/samples/cpp/thirdparty/nlohmann_json/cmake/download_test_data.cmake
-- Up-to-date: /home/chaofan/model_benchmark/benchmark/openvino/install/samples/cpp/thirdparty/nlohmann_json/cmake/scripts
-- Up-to-date: /home/chaofan/model_benchmark/benchmark/openvino/install/samples/cpp/thirdparty/nlohmann_json/cmake/scripts/gen_bazel_build_file.cmake
-- Up-to-date: /home/chaofan/model_benchmark/benchmark/openvino/install/samples/cpp/thirdparty/nlohmann_json/cmake/ci.cmake
-- Up-to-date: /home/chaofan/model_benchmark/benchmark/openvino/install/samples/cpp/thirdparty/nlohmann_json/LICENSES
-- Up-to-date: /home/chaofan/model_benchmark/benchmark/openvino/install/samples/cpp/thirdparty/nlohmann_json/LICENSES/BSD-3-Clause.txt
-- Up-to-date: /home/chaofan/model_benchmark/benchmark/openvino/install/samples/cpp/thirdparty/nlohmann_json/LICENSES/MIT.txt
-- Up-to-date: /home/chaofan/model_benchmark/benchmark/openvino/install/samples/cpp/thirdparty/nlohmann_json/LICENSES/GPL-3.0-only.txt
-- Up-to-date: /home/chaofan/model_benchmark/benchmark/openvino/install/samples/cpp/thirdparty/nlohmann_json/LICENSES/Apache-2.0.txt
-- Up-to-date: /home/chaofan/model_benchmark/benchmark/openvino/install/samples/cpp/thirdparty/nlohmann_json/nlohmann_json.natvis
-- Up-to-date: /home/chaofan/model_benchmark/benchmark/openvino/install/samples/cpp/thirdparty/nlohmann_json/CMakeLists.txt
-- Up-to-date: /home/chaofan/model_benchmark/benchmark/openvino/install/samples/cpp/thirdparty/nlohmann_json/include
-- Up-to-date: /home/chaofan/model_benchmark/benchmark/openvino/install/samples/cpp/thirdparty/nlohmann_json/include/nlohmann
-- Up-to-date: /home/chaofan/model_benchmark/benchmark/openvino/install/samples/cpp/thirdparty/nlohmann_json/include/nlohmann/ordered_map.hpp
-- Up-to-date: /home/chaofan/model_benchmark/benchmark/openvino/install/samples/cpp/thirdparty/nlohmann_json/include/nlohmann/adl_serializer.hpp
-- Up-to-date: /home/chaofan/model_benchmark/benchmark/openvino/install/samples/cpp/thirdparty/nlohmann_json/include/nlohmann/thirdparty
-- Up-to-date: /home/chaofan/model_benchmark/benchmark/openvino/install/samples/cpp/thirdparty/nlohmann_json/include/nlohmann/thirdparty/hedley
-- Up-to-date: /home/chaofan/model_benchmark/benchmark/openvino/install/samples/cpp/thirdparty/nlohmann_json/include/nlohmann/thirdparty/hedley/hedley.hpp
-- Up-to-date: /home/chaofan/model_benchmark/benchmark/openvino/install/samples/cpp/thirdparty/nlohmann_json/include/nlohmann/thirdparty/hedley/hedley_undef.hpp
-- Up-to-date: /home/chaofan/model_benchmark/benchmark/openvino/install/samples/cpp/thirdparty/nlohmann_json/include/nlohmann/json_fwd.hpp
-- Up-to-date: /home/chaofan/model_benchmark/benchmark/openvino/install/samples/cpp/thirdparty/nlohmann_json/include/nlohmann/detail
-- Up-to-date: /home/chaofan/model_benchmark/benchmark/openvino/install/samples/cpp/thirdparty/nlohmann_json/include/nlohmann/detail/json_custom_base_class.hpp
-- Up-to-date: /home/chaofan/model_benchmark/benchmark/openvino/install/samples/cpp/thirdparty/nlohmann_json/include/nlohmann/detail/string_concat.hpp
-- Up-to-date: /home/chaofan/model_benchmark/benchmark/openvino/install/samples/cpp/thirdparty/nlohmann_json/include/nlohmann/detail/exceptions.hpp
-- Up-to-date: /home/chaofan/model_benchmark/benchmark/openvino/install/samples/cpp/thirdparty/nlohmann_json/include/nlohmann/detail/json_pointer.hpp
-- Up-to-date: /home/chaofan/model_benchmark/benchmark/openvino/install/samples/cpp/thirdparty/nlohmann_json/include/nlohmann/detail/hash.hpp
-- Up-to-date: /home/chaofan/model_benchmark/benchmark/openvino/install/samples/cpp/thirdparty/nlohmann_json/include/nlohmann/detail/conversions
-- Up-to-date: /home/chaofan/model_benchmark/benchmark/openvino/install/samples/cpp/thirdparty/nlohmann_json/include/nlohmann/detail/conversions/to_chars.hpp
-- Up-to-date: /home/chaofan/model_benchmark/benchmark/openvino/install/samples/cpp/thirdparty/nlohmann_json/include/nlohmann/detail/conversions/to_json.hpp
-- Up-to-date: /home/chaofan/model_benchmark/benchmark/openvino/install/samples/cpp/thirdparty/nlohmann_json/include/nlohmann/detail/conversions/from_json.hpp
-- Up-to-date: /home/chaofan/model_benchmark/benchmark/openvino/install/samples/cpp/thirdparty/nlohmann_json/include/nlohmann/detail/iterators
-- Up-to-date: /home/chaofan/model_benchmark/benchmark/openvino/install/samples/cpp/thirdparty/nlohmann_json/include/nlohmann/detail/iterators/json_reverse_iterator.hpp
-- Up-to-date: /home/chaofan/model_benchmark/benchmark/openvino/install/samples/cpp/thirdparty/nlohmann_json/include/nlohmann/detail/iterators/iteration_proxy.hpp
-- Up-to-date: /home/chaofan/model_benchmark/benchmark/openvino/install/samples/cpp/thirdparty/nlohmann_json/include/nlohmann/detail/iterators/internal_iterator.hpp
-- Up-to-date: /home/chaofan/model_benchmark/benchmark/openvino/install/samples/cpp/thirdparty/nlohmann_json/include/nlohmann/detail/iterators/iterator_traits.hpp
-- Up-to-date: /home/chaofan/model_benchmark/benchmark/openvino/install/samples/cpp/thirdparty/nlohmann_json/include/nlohmann/detail/iterators/primitive_iterator.hpp
-- Up-to-date: /home/chaofan/model_benchmark/benchmark/openvino/install/samples/cpp/thirdparty/nlohmann_json/include/nlohmann/detail/iterators/iter_impl.hpp
-- Up-to-date: /home/chaofan/model_benchmark/benchmark/openvino/install/samples/cpp/thirdparty/nlohmann_json/include/nlohmann/detail/abi_macros.hpp
-- Up-to-date: /home/chaofan/model_benchmark/benchmark/openvino/install/samples/cpp/thirdparty/nlohmann_json/include/nlohmann/detail/output
-- Up-to-date: /home/chaofan/model_benchmark/benchmark/openvino/install/samples/cpp/thirdparty/nlohmann_json/include/nlohmann/detail/output/serializer.hpp
-- Up-to-date: /home/chaofan/model_benchmark/benchmark/openvino/install/samples/cpp/thirdparty/nlohmann_json/include/nlohmann/detail/output/binary_writer.hpp
-- Up-to-date: /home/chaofan/model_benchmark/benchmark/openvino/install/samples/cpp/thirdparty/nlohmann_json/include/nlohmann/detail/output/output_adapters.hpp
-- Up-to-date: /home/chaofan/model_benchmark/benchmark/openvino/install/samples/cpp/thirdparty/nlohmann_json/include/nlohmann/detail/input
-- Up-to-date: /home/chaofan/model_benchmark/benchmark/openvino/install/samples/cpp/thirdparty/nlohmann_json/include/nlohmann/detail/input/parser.hpp
-- Up-to-date: /home/chaofan/model_benchmark/benchmark/openvino/install/samples/cpp/thirdparty/nlohmann_json/include/nlohmann/detail/input/lexer.hpp
-- Up-to-date: /home/chaofan/model_benchmark/benchmark/openvino/install/samples/cpp/thirdparty/nlohmann_json/include/nlohmann/detail/input/input_adapters.hpp
-- Up-to-date: /home/chaofan/model_benchmark/benchmark/openvino/install/samples/cpp/thirdparty/nlohmann_json/include/nlohmann/detail/input/binary_reader.hpp
-- Up-to-date: /home/chaofan/model_benchmark/benchmark/openvino/install/samples/cpp/thirdparty/nlohmann_json/include/nlohmann/detail/input/json_sax.hpp
-- Up-to-date: /home/chaofan/model_benchmark/benchmark/openvino/install/samples/cpp/thirdparty/nlohmann_json/include/nlohmann/detail/input/position_t.hpp
-- Up-to-date: /home/chaofan/model_benchmark/benchmark/openvino/install/samples/cpp/thirdparty/nlohmann_json/include/nlohmann/detail/json_ref.hpp
-- Up-to-date: /home/chaofan/model_benchmark/benchmark/openvino/install/samples/cpp/thirdparty/nlohmann_json/include/nlohmann/detail/meta
-- Up-to-date: /home/chaofan/model_benchmark/benchmark/openvino/install/samples/cpp/thirdparty/nlohmann_json/include/nlohmann/detail/meta/std_fs.hpp
-- Up-to-date: /home/chaofan/model_benchmark/benchmark/openvino/install/samples/cpp/thirdparty/nlohmann_json/include/nlohmann/detail/meta/void_t.hpp
-- Up-to-date: /home/chaofan/model_benchmark/benchmark/openvino/install/samples/cpp/thirdparty/nlohmann_json/include/nlohmann/detail/meta/detected.hpp
-- Up-to-date: /home/chaofan/model_benchmark/benchmark/openvino/install/samples/cpp/thirdparty/nlohmann_json/include/nlohmann/detail/meta/cpp_future.hpp
-- Up-to-date: /home/chaofan/model_benchmark/benchmark/openvino/install/samples/cpp/thirdparty/nlohmann_json/include/nlohmann/detail/meta/is_sax.hpp
-- Up-to-date: /home/chaofan/model_benchmark/benchmark/openvino/install/samples/cpp/thirdparty/nlohmann_json/include/nlohmann/detail/meta/call_std
-- Up-to-date: /home/chaofan/model_benchmark/benchmark/openvino/install/samples/cpp/thirdparty/nlohmann_json/include/nlohmann/detail/meta/call_std/begin.hpp
-- Up-to-date: /home/chaofan/model_benchmark/benchmark/openvino/install/samples/cpp/thirdparty/nlohmann_json/include/nlohmann/detail/meta/call_std/end.hpp
-- Up-to-date: /home/chaofan/model_benchmark/benchmark/openvino/install/samples/cpp/thirdparty/nlohmann_json/include/nlohmann/detail/meta/identity_tag.hpp
-- Up-to-date: /home/chaofan/model_benchmark/benchmark/openvino/install/samples/cpp/thirdparty/nlohmann_json/include/nlohmann/detail/meta/type_traits.hpp
-- Up-to-date: /home/chaofan/model_benchmark/benchmark/openvino/install/samples/cpp/thirdparty/nlohmann_json/include/nlohmann/detail/string_escape.hpp
-- Up-to-date: /home/chaofan/model_benchmark/benchmark/openvino/install/samples/cpp/thirdparty/nlohmann_json/include/nlohmann/detail/macro_unscope.hpp
-- Up-to-date: /home/chaofan/model_benchmark/benchmark/openvino/install/samples/cpp/thirdparty/nlohmann_json/include/nlohmann/detail/macro_scope.hpp
-- Up-to-date: /home/chaofan/model_benchmark/benchmark/openvino/install/samples/cpp/thirdparty/nlohmann_json/include/nlohmann/detail/value_t.hpp
-- Up-to-date: /home/chaofan/model_benchmark/benchmark/openvino/install/samples/cpp/thirdparty/nlohmann_json/include/nlohmann/json.hpp
-- Up-to-date: /home/chaofan/model_benchmark/benchmark/openvino/install/samples/cpp/thirdparty/nlohmann_json/include/nlohmann/byte_container_with_subtype.hpp
-- Up-to-date: /home/chaofan/model_benchmark/benchmark/openvino/install/runtime/3rdparty/tbb/lib
-- Up-to-date: /home/chaofan/model_benchmark/benchmark/openvino/install/runtime/3rdparty/tbb/lib/libtbbbind_2_5.so.3
-- Up-to-date: /home/chaofan/model_benchmark/benchmark/openvino/install/runtime/3rdparty/tbb/lib/libhwloc.so
-- Up-to-date: /home/chaofan/model_benchmark/benchmark/openvino/install/runtime/3rdparty/tbb/lib/libtbbmalloc.so
-- Up-to-date: /home/chaofan/model_benchmark/benchmark/openvino/install/runtime/3rdparty/tbb/lib/libtbbmalloc_proxy.so.2
-- Up-to-date: /home/chaofan/model_benchmark/benchmark/openvino/install/runtime/3rdparty/tbb/lib/libtbbbind_2_5.so
-- Up-to-date: /home/chaofan/model_benchmark/benchmark/openvino/install/runtime/3rdparty/tbb/lib/libtbbbind_2_5.so.3.13
-- Up-to-date: /home/chaofan/model_benchmark/benchmark/openvino/install/runtime/3rdparty/tbb/lib/libtbb.so.12.13
-- Up-to-date: /home/chaofan/model_benchmark/benchmark/openvino/install/runtime/3rdparty/tbb/lib/libtbb.so
-- Up-to-date: /home/chaofan/model_benchmark/benchmark/openvino/install/runtime/3rdparty/tbb/lib/libhwloc.so.15
-- Up-to-date: /home/chaofan/model_benchmark/benchmark/openvino/install/runtime/3rdparty/tbb/lib/libhwloc.so.15.6.4
-- Up-to-date: /home/chaofan/model_benchmark/benchmark/openvino/install/runtime/3rdparty/tbb/lib/pkgconfig
-- Up-to-date: /home/chaofan/model_benchmark/benchmark/openvino/install/runtime/3rdparty/tbb/lib/pkgconfig/tbb.pc
-- Up-to-date: /home/chaofan/model_benchmark/benchmark/openvino/install/runtime/3rdparty/tbb/lib/libtbbmalloc_proxy.so.2.13
-- Up-to-date: /home/chaofan/model_benchmark/benchmark/openvino/install/runtime/3rdparty/tbb/lib/libtbbmalloc.so.2
-- Up-to-date: /home/chaofan/model_benchmark/benchmark/openvino/install/runtime/3rdparty/tbb/lib/libtbbmalloc_proxy.so
-- Up-to-date: /home/chaofan/model_benchmark/benchmark/openvino/install/runtime/3rdparty/tbb/lib/libtbb.so.12
-- Up-to-date: /home/chaofan/model_benchmark/benchmark/openvino/install/runtime/3rdparty/tbb/lib/libtbbmalloc.so.2.13
-- Up-to-date: /home/chaofan/model_benchmark/benchmark/openvino/install/runtime/3rdparty/tbb/TBB-LICENSE
-- Up-to-date: /home/chaofan/model_benchmark/benchmark/openvino/install/runtime/3rdparty/tbb/lib/cmake
-- Up-to-date: /home/chaofan/model_benchmark/benchmark/openvino/install/runtime/3rdparty/tbb/lib/cmake/TBB
-- Up-to-date: /home/chaofan/model_benchmark/benchmark/openvino/install/runtime/3rdparty/tbb/lib/cmake/TBB/TBBTargets.cmake
-- Up-to-date: /home/chaofan/model_benchmark/benchmark/openvino/install/runtime/3rdparty/tbb/lib/cmake/TBB/TBBTargets-release.cmake
-- Up-to-date: /home/chaofan/model_benchmark/benchmark/openvino/install/runtime/3rdparty/tbb/lib/cmake/TBB/TBBConfigVersion.cmake
-- Up-to-date: /home/chaofan/model_benchmark/benchmark/openvino/install/runtime/3rdparty/tbb/lib/cmake/TBB/TBBConfig.cmake
-- Up-to-date: /home/chaofan/model_benchmark/benchmark/openvino/install/runtime/3rdparty/tbb/include
-- Up-to-date: /home/chaofan/model_benchmark/benchmark/openvino/install/runtime/3rdparty/tbb/include/tbb
-- Up-to-date: /home/chaofan/model_benchmark/benchmark/openvino/install/runtime/3rdparty/tbb/include/tbb/profiling.h
-- Up-to-date: /home/chaofan/model_benchmark/benchmark/openvino/install/runtime/3rdparty/tbb/include/tbb/info.h
-- Up-to-date: /home/chaofan/model_benchmark/benchmark/openvino/install/runtime/3rdparty/tbb/include/tbb/task.h
-- Up-to-date: /home/chaofan/model_benchmark/benchmark/openvino/install/runtime/3rdparty/tbb/include/tbb/blocked_rangeNd.h
-- Up-to-date: /home/chaofan/model_benchmark/benchmark/openvino/install/runtime/3rdparty/tbb/include/tbb/concurrent_map.h
-- Up-to-date: /home/chaofan/model_benchmark/benchmark/openvino/install/runtime/3rdparty/tbb/include/tbb/null_mutex.h
-- Up-to-date: /home/chaofan/model_benchmark/benchmark/openvino/install/runtime/3rdparty/tbb/include/tbb/queuing_mutex.h
-- Up-to-date: /home/chaofan/model_benchmark/benchmark/openvino/install/runtime/3rdparty/tbb/include/tbb/combinable.h
-- Up-to-date: /home/chaofan/model_benchmark/benchmark/openvino/install/runtime/3rdparty/tbb/include/tbb/task_group.h
-- Up-to-date: /home/chaofan/model_benchmark/benchmark/openvino/install/runtime/3rdparty/tbb/include/tbb/null_rw_mutex.h
-- Up-to-date: /home/chaofan/model_benchmark/benchmark/openvino/install/runtime/3rdparty/tbb/include/tbb/tbb_allocator.h
-- Up-to-date: /home/chaofan/model_benchmark/benchmark/openvino/install/runtime/3rdparty/tbb/include/tbb/flow_graph_abstractions.h
-- Up-to-date: /home/chaofan/model_benchmark/benchmark/openvino/install/runtime/3rdparty/tbb/include/tbb/tick_count.h
-- Up-to-date: /home/chaofan/model_benchmark/benchmark/openvino/install/runtime/3rdparty/tbb/include/tbb/concurrent_hash_map.h
-- Up-to-date: /home/chaofan/model_benchmark/benchmark/openvino/install/runtime/3rdparty/tbb/include/tbb/parallel_pipeline.h
-- Up-to-date: /home/chaofan/model_benchmark/benchmark/openvino/install/runtime/3rdparty/tbb/include/tbb/enumerable_thread_specific.h
-- Up-to-date: /home/chaofan/model_benchmark/benchmark/openvino/install/runtime/3rdparty/tbb/include/tbb/parallel_sort.h
-- Up-to-date: /home/chaofan/model_benchmark/benchmark/openvino/install/runtime/3rdparty/tbb/include/tbb/concurrent_queue.h
-- Up-to-date: /home/chaofan/model_benchmark/benchmark/openvino/install/runtime/3rdparty/tbb/include/tbb/global_control.h
-- Up-to-date: /home/chaofan/model_benchmark/benchmark/openvino/install/runtime/3rdparty/tbb/include/tbb/scalable_allocator.h
-- Up-to-date: /home/chaofan/model_benchmark/benchmark/openvino/install/runtime/3rdparty/tbb/include/tbb/parallel_invoke.h
-- Up-to-date: /home/chaofan/model_benchmark/benchmark/openvino/install/runtime/3rdparty/tbb/include/tbb/queuing_rw_mutex.h
-- Up-to-date: /home/chaofan/model_benchmark/benchmark/openvino/install/runtime/3rdparty/tbb/include/tbb/concurrent_set.h
-- Up-to-date: /home/chaofan/model_benchmark/benchmark/openvino/install/runtime/3rdparty/tbb/include/tbb/cache_aligned_allocator.h
-- Up-to-date: /home/chaofan/model_benchmark/benchmark/openvino/install/runtime/3rdparty/tbb/include/tbb/concurrent_priority_queue.h
-- Up-to-date: /home/chaofan/model_benchmark/benchmark/openvino/install/runtime/3rdparty/tbb/include/tbb/parallel_for_each.h
-- Up-to-date: /home/chaofan/model_benchmark/benchmark/openvino/install/runtime/3rdparty/tbb/include/tbb/task_scheduler_observer.h
-- Up-to-date: /home/chaofan/model_benchmark/benchmark/openvino/install/runtime/3rdparty/tbb/include/tbb/tbb.h
-- Up-to-date: /home/chaofan/model_benchmark/benchmark/openvino/install/runtime/3rdparty/tbb/include/tbb/blocked_range2d.h
-- Up-to-date: /home/chaofan/model_benchmark/benchmark/openvino/install/runtime/3rdparty/tbb/include/tbb/memory_pool.h
-- Up-to-date: /home/chaofan/model_benchmark/benchmark/openvino/install/runtime/3rdparty/tbb/include/tbb/partitioner.h
-- Up-to-date: /home/chaofan/model_benchmark/benchmark/openvino/install/runtime/3rdparty/tbb/include/tbb/parallel_reduce.h
-- Up-to-date: /home/chaofan/model_benchmark/benchmark/openvino/install/runtime/3rdparty/tbb/include/tbb/spin_mutex.h
-- Up-to-date: /home/chaofan/model_benchmark/benchmark/openvino/install/runtime/3rdparty/tbb/include/tbb/flow_graph.h
-- Up-to-date: /home/chaofan/model_benchmark/benchmark/openvino/install/runtime/3rdparty/tbb/include/tbb/mutex.h
-- Up-to-date: /home/chaofan/model_benchmark/benchmark/openvino/install/runtime/3rdparty/tbb/include/tbb/concurrent_unordered_set.h
-- Up-to-date: /home/chaofan/model_benchmark/benchmark/openvino/install/runtime/3rdparty/tbb/include/tbb/rw_mutex.h
-- Up-to-date: /home/chaofan/model_benchmark/benchmark/openvino/install/runtime/3rdparty/tbb/include/tbb/collaborative_call_once.h
-- Up-to-date: /home/chaofan/model_benchmark/benchmark/openvino/install/runtime/3rdparty/tbb/include/tbb/concurrent_vector.h
-- Up-to-date: /home/chaofan/model_benchmark/benchmark/openvino/install/runtime/3rdparty/tbb/include/tbb/task_arena.h
-- Up-to-date: /home/chaofan/model_benchmark/benchmark/openvino/install/runtime/3rdparty/tbb/include/tbb/blocked_range3d.h
-- Up-to-date: /home/chaofan/model_benchmark/benchmark/openvino/install/runtime/3rdparty/tbb/include/tbb/blocked_range.h
-- Up-to-date: /home/chaofan/model_benchmark/benchmark/openvino/install/runtime/3rdparty/tbb/include/tbb/parallel_scan.h
-- Up-to-date: /home/chaofan/model_benchmark/benchmark/openvino/install/runtime/3rdparty/tbb/include/tbb/spin_rw_mutex.h
-- Up-to-date: /home/chaofan/model_benchmark/benchmark/openvino/install/runtime/3rdparty/tbb/include/tbb/version.h
-- Up-to-date: /home/chaofan/model_benchmark/benchmark/openvino/install/runtime/3rdparty/tbb/include/tbb/concurrent_unordered_map.h
-- Up-to-date: /home/chaofan/model_benchmark/benchmark/openvino/install/runtime/3rdparty/tbb/include/tbb/parallel_for.h
-- Up-to-date: /home/chaofan/model_benchmark/benchmark/openvino/install/runtime/3rdparty/tbb/include/tbb/concurrent_lru_cache.h
-- Up-to-date: /home/chaofan/model_benchmark/benchmark/openvino/install/runtime/3rdparty/tbb/include/tbb/tbbmalloc_proxy.h
-- Up-to-date: /home/chaofan/model_benchmark/benchmark/openvino/install/runtime/3rdparty/tbb/include/oneapi
-- Up-to-date: /home/chaofan/model_benchmark/benchmark/openvino/install/runtime/3rdparty/tbb/include/oneapi/tbb
-- Up-to-date: /home/chaofan/model_benchmark/benchmark/openvino/install/runtime/3rdparty/tbb/include/oneapi/tbb/profiling.h
-- Up-to-date: /home/chaofan/model_benchmark/benchmark/openvino/install/runtime/3rdparty/tbb/include/oneapi/tbb/info.h
-- Up-to-date: /home/chaofan/model_benchmark/benchmark/openvino/install/runtime/3rdparty/tbb/include/oneapi/tbb/task.h
-- Up-to-date: /home/chaofan/model_benchmark/benchmark/openvino/install/runtime/3rdparty/tbb/include/oneapi/tbb/blocked_rangeNd.h
-- Up-to-date: /home/chaofan/model_benchmark/benchmark/openvino/install/runtime/3rdparty/tbb/include/oneapi/tbb/concurrent_map.h
-- Up-to-date: /home/chaofan/model_benchmark/benchmark/openvino/install/runtime/3rdparty/tbb/include/oneapi/tbb/null_mutex.h
-- Up-to-date: /home/chaofan/model_benchmark/benchmark/openvino/install/runtime/3rdparty/tbb/include/oneapi/tbb/queuing_mutex.h
-- Up-to-date: /home/chaofan/model_benchmark/benchmark/openvino/install/runtime/3rdparty/tbb/include/oneapi/tbb/combinable.h
-- Up-to-date: /home/chaofan/model_benchmark/benchmark/openvino/install/runtime/3rdparty/tbb/include/oneapi/tbb/task_group.h
-- Up-to-date: /home/chaofan/model_benchmark/benchmark/openvino/install/runtime/3rdparty/tbb/include/oneapi/tbb/null_rw_mutex.h
-- Up-to-date: /home/chaofan/model_benchmark/benchmark/openvino/install/runtime/3rdparty/tbb/include/oneapi/tbb/tbb_allocator.h
-- Up-to-date: /home/chaofan/model_benchmark/benchmark/openvino/install/runtime/3rdparty/tbb/include/oneapi/tbb/flow_graph_abstractions.h
-- Up-to-date: /home/chaofan/model_benchmark/benchmark/openvino/install/runtime/3rdparty/tbb/include/oneapi/tbb/tick_count.h
-- Up-to-date: /home/chaofan/model_benchmark/benchmark/openvino/install/runtime/3rdparty/tbb/include/oneapi/tbb/detail
-- Up-to-date: /home/chaofan/model_benchmark/benchmark/openvino/install/runtime/3rdparty/tbb/include/oneapi/tbb/detail/_aggregator.h
-- Up-to-date: /home/chaofan/model_benchmark/benchmark/openvino/install/runtime/3rdparty/tbb/include/oneapi/tbb/detail/_aligned_space.h
-- Up-to-date: /home/chaofan/model_benchmark/benchmark/openvino/install/runtime/3rdparty/tbb/include/oneapi/tbb/detail/_segment_table.h
-- Up-to-date: /home/chaofan/model_benchmark/benchmark/openvino/install/runtime/3rdparty/tbb/include/oneapi/tbb/detail/_concurrent_queue_base.h
-- Up-to-date: /home/chaofan/model_benchmark/benchmark/openvino/install/runtime/3rdparty/tbb/include/oneapi/tbb/detail/_intrusive_list_node.h
-- Up-to-date: /home/chaofan/model_benchmark/benchmark/openvino/install/runtime/3rdparty/tbb/include/oneapi/tbb/detail/_hash_compare.h
-- Up-to-date: /home/chaofan/model_benchmark/benchmark/openvino/install/runtime/3rdparty/tbb/include/oneapi/tbb/detail/_waitable_atomic.h
-- Up-to-date: /home/chaofan/model_benchmark/benchmark/openvino/install/runtime/3rdparty/tbb/include/oneapi/tbb/detail/_flow_graph_impl.h
-- Up-to-date: /home/chaofan/model_benchmark/benchmark/openvino/install/runtime/3rdparty/tbb/include/oneapi/tbb/detail/_rtm_mutex.h
-- Up-to-date: /home/chaofan/model_benchmark/benchmark/openvino/install/runtime/3rdparty/tbb/include/oneapi/tbb/detail/_flow_graph_tagged_buffer_impl.h
-- Up-to-date: /home/chaofan/model_benchmark/benchmark/openvino/install/runtime/3rdparty/tbb/include/oneapi/tbb/detail/_namespace_injection.h
-- Up-to-date: /home/chaofan/model_benchmark/benchmark/openvino/install/runtime/3rdparty/tbb/include/oneapi/tbb/detail/_task_handle.h
-- Up-to-date: /home/chaofan/model_benchmark/benchmark/openvino/install/runtime/3rdparty/tbb/include/oneapi/tbb/detail/_flow_graph_indexer_impl.h
-- Up-to-date: /home/chaofan/model_benchmark/benchmark/openvino/install/runtime/3rdparty/tbb/include/oneapi/tbb/detail/_attach.h
-- Up-to-date: /home/chaofan/model_benchmark/benchmark/openvino/install/runtime/3rdparty/tbb/include/oneapi/tbb/detail/_flow_graph_cache_impl.h
-- Up-to-date: /home/chaofan/model_benchmark/benchmark/openvino/install/runtime/3rdparty/tbb/include/oneapi/tbb/detail/_pipeline_filters.h
-- Up-to-date: /home/chaofan/model_benchmark/benchmark/openvino/install/runtime/3rdparty/tbb/include/oneapi/tbb/detail/_export.h
-- Up-to-date: /home/chaofan/model_benchmark/benchmark/openvino/install/runtime/3rdparty/tbb/include/oneapi/tbb/detail/_string_resource.h
-- Up-to-date: /home/chaofan/model_benchmark/benchmark/openvino/install/runtime/3rdparty/tbb/include/oneapi/tbb/detail/_utils.h
-- Up-to-date: /home/chaofan/model_benchmark/benchmark/openvino/install/runtime/3rdparty/tbb/include/oneapi/tbb/detail/_flow_graph_body_impl.h
-- Up-to-date: /home/chaofan/model_benchmark/benchmark/openvino/install/runtime/3rdparty/tbb/include/oneapi/tbb/detail/_concurrent_unordered_base.h
-- Up-to-date: /home/chaofan/model_benchmark/benchmark/openvino/install/runtime/3rdparty/tbb/include/oneapi/tbb/detail/_flow_graph_node_set_impl.h
-- Up-to-date: /home/chaofan/model_benchmark/benchmark/openvino/install/runtime/3rdparty/tbb/include/oneapi/tbb/detail/_flow_graph_trace_impl.h
-- Up-to-date: /home/chaofan/model_benchmark/benchmark/openvino/install/runtime/3rdparty/tbb/include/oneapi/tbb/detail/_small_object_pool.h
-- Up-to-date: /home/chaofan/model_benchmark/benchmark/openvino/install/runtime/3rdparty/tbb/include/oneapi/tbb/detail/_assert.h
-- Up-to-date: /home/chaofan/model_benchmark/benchmark/openvino/install/runtime/3rdparty/tbb/include/oneapi/tbb/detail/_flow_graph_node_impl.h
-- Up-to-date: /home/chaofan/model_benchmark/benchmark/openvino/install/runtime/3rdparty/tbb/include/oneapi/tbb/detail/_containers_helpers.h
-- Up-to-date: /home/chaofan/model_benchmark/benchmark/openvino/install/runtime/3rdparty/tbb/include/oneapi/tbb/detail/_machine.h
-- Up-to-date: /home/chaofan/model_benchmark/benchmark/openvino/install/runtime/3rdparty/tbb/include/oneapi/tbb/detail/_config.h
-- Up-to-date: /home/chaofan/model_benchmark/benchmark/openvino/install/runtime/3rdparty/tbb/include/oneapi/tbb/detail/_flow_graph_types_impl.h
-- Up-to-date: /home/chaofan/model_benchmark/benchmark/openvino/install/runtime/3rdparty/tbb/include/oneapi/tbb/detail/_exception.h
-- Up-to-date: /home/chaofan/model_benchmark/benchmark/openvino/install/runtime/3rdparty/tbb/include/oneapi/tbb/detail/_mutex_common.h
-- Up-to-date: /home/chaofan/model_benchmark/benchmark/openvino/install/runtime/3rdparty/tbb/include/oneapi/tbb/detail/_flow_graph_nodes_deduction.h
-- Up-to-date: /home/chaofan/model_benchmark/benchmark/openvino/install/runtime/3rdparty/tbb/include/oneapi/tbb/detail/_flow_graph_item_buffer_impl.h
-- Up-to-date: /home/chaofan/model_benchmark/benchmark/openvino/install/runtime/3rdparty/tbb/include/oneapi/tbb/detail/_scoped_lock.h
-- Up-to-date: /home/chaofan/model_benchmark/benchmark/openvino/install/runtime/3rdparty/tbb/include/oneapi/tbb/detail/_flow_graph_join_impl.h
-- Up-to-date: /home/chaofan/model_benchmark/benchmark/openvino/install/runtime/3rdparty/tbb/include/oneapi/tbb/detail/_template_helpers.h
-- Up-to-date: /home/chaofan/model_benchmark/benchmark/openvino/install/runtime/3rdparty/tbb/include/oneapi/tbb/detail/_rtm_rw_mutex.h
-- Up-to-date: /home/chaofan/model_benchmark/benchmark/openvino/install/runtime/3rdparty/tbb/include/oneapi/tbb/detail/_task.h
-- Up-to-date: /home/chaofan/model_benchmark/benchmark/openvino/install/runtime/3rdparty/tbb/include/oneapi/tbb/detail/_pipeline_filters_deduction.h
-- Up-to-date: /home/chaofan/model_benchmark/benchmark/openvino/install/runtime/3rdparty/tbb/include/oneapi/tbb/detail/_concurrent_skip_list.h
-- Up-to-date: /home/chaofan/model_benchmark/benchmark/openvino/install/runtime/3rdparty/tbb/include/oneapi/tbb/detail/_node_handle.h
-- Up-to-date: /home/chaofan/model_benchmark/benchmark/openvino/install/runtime/3rdparty/tbb/include/oneapi/tbb/detail/_allocator_traits.h
-- Up-to-date: /home/chaofan/model_benchmark/benchmark/openvino/install/runtime/3rdparty/tbb/include/oneapi/tbb/detail/_range_common.h
-- Up-to-date: /home/chaofan/model_benchmark/benchmark/openvino/install/runtime/3rdparty/tbb/include/oneapi/tbb/concurrent_hash_map.h
-- Up-to-date: /home/chaofan/model_benchmark/benchmark/openvino/install/runtime/3rdparty/tbb/include/oneapi/tbb/parallel_pipeline.h
-- Up-to-date: /home/chaofan/model_benchmark/benchmark/openvino/install/runtime/3rdparty/tbb/include/oneapi/tbb/enumerable_thread_specific.h
-- Up-to-date: /home/chaofan/model_benchmark/benchmark/openvino/install/runtime/3rdparty/tbb/include/oneapi/tbb/parallel_sort.h
-- Up-to-date: /home/chaofan/model_benchmark/benchmark/openvino/install/runtime/3rdparty/tbb/include/oneapi/tbb/concurrent_queue.h
-- Up-to-date: /home/chaofan/model_benchmark/benchmark/openvino/install/runtime/3rdparty/tbb/include/oneapi/tbb/global_control.h
-- Up-to-date: /home/chaofan/model_benchmark/benchmark/openvino/install/runtime/3rdparty/tbb/include/oneapi/tbb/scalable_allocator.h
-- Up-to-date: /home/chaofan/model_benchmark/benchmark/openvino/install/runtime/3rdparty/tbb/include/oneapi/tbb/parallel_invoke.h
-- Up-to-date: /home/chaofan/model_benchmark/benchmark/openvino/install/runtime/3rdparty/tbb/include/oneapi/tbb/queuing_rw_mutex.h
-- Up-to-date: /home/chaofan/model_benchmark/benchmark/openvino/install/runtime/3rdparty/tbb/include/oneapi/tbb/concurrent_set.h
-- Up-to-date: /home/chaofan/model_benchmark/benchmark/openvino/install/runtime/3rdparty/tbb/include/oneapi/tbb/cache_aligned_allocator.h
-- Up-to-date: /home/chaofan/model_benchmark/benchmark/openvino/install/runtime/3rdparty/tbb/include/oneapi/tbb/concurrent_priority_queue.h
-- Up-to-date: /home/chaofan/model_benchmark/benchmark/openvino/install/runtime/3rdparty/tbb/include/oneapi/tbb/parallel_for_each.h
-- Up-to-date: /home/chaofan/model_benchmark/benchmark/openvino/install/runtime/3rdparty/tbb/include/oneapi/tbb/task_scheduler_observer.h
-- Up-to-date: /home/chaofan/model_benchmark/benchmark/openvino/install/runtime/3rdparty/tbb/include/oneapi/tbb/blocked_range2d.h
-- Up-to-date: /home/chaofan/model_benchmark/benchmark/openvino/install/runtime/3rdparty/tbb/include/oneapi/tbb/memory_pool.h
-- Up-to-date: /home/chaofan/model_benchmark/benchmark/openvino/install/runtime/3rdparty/tbb/include/oneapi/tbb/partitioner.h
-- Up-to-date: /home/chaofan/model_benchmark/benchmark/openvino/install/runtime/3rdparty/tbb/include/oneapi/tbb/parallel_reduce.h
-- Up-to-date: /home/chaofan/model_benchmark/benchmark/openvino/install/runtime/3rdparty/tbb/include/oneapi/tbb/spin_mutex.h
-- Up-to-date: /home/chaofan/model_benchmark/benchmark/openvino/install/runtime/3rdparty/tbb/include/oneapi/tbb/flow_graph.h
-- Up-to-date: /home/chaofan/model_benchmark/benchmark/openvino/install/runtime/3rdparty/tbb/include/oneapi/tbb/mutex.h
-- Up-to-date: /home/chaofan/model_benchmark/benchmark/openvino/install/runtime/3rdparty/tbb/include/oneapi/tbb/concurrent_unordered_set.h
-- Up-to-date: /home/chaofan/model_benchmark/benchmark/openvino/install/runtime/3rdparty/tbb/include/oneapi/tbb/rw_mutex.h
-- Up-to-date: /home/chaofan/model_benchmark/benchmark/openvino/install/runtime/3rdparty/tbb/include/oneapi/tbb/collaborative_call_once.h
-- Up-to-date: /home/chaofan/model_benchmark/benchmark/openvino/install/runtime/3rdparty/tbb/include/oneapi/tbb/concurrent_vector.h
-- Up-to-date: /home/chaofan/model_benchmark/benchmark/openvino/install/runtime/3rdparty/tbb/include/oneapi/tbb/task_arena.h
-- Up-to-date: /home/chaofan/model_benchmark/benchmark/openvino/install/runtime/3rdparty/tbb/include/oneapi/tbb/blocked_range3d.h
-- Up-to-date: /home/chaofan/model_benchmark/benchmark/openvino/install/runtime/3rdparty/tbb/include/oneapi/tbb/blocked_range.h
-- Up-to-date: /home/chaofan/model_benchmark/benchmark/openvino/install/runtime/3rdparty/tbb/include/oneapi/tbb/parallel_scan.h
-- Up-to-date: /home/chaofan/model_benchmark/benchmark/openvino/install/runtime/3rdparty/tbb/include/oneapi/tbb/spin_rw_mutex.h
-- Up-to-date: /home/chaofan/model_benchmark/benchmark/openvino/install/runtime/3rdparty/tbb/include/oneapi/tbb/version.h
-- Up-to-date: /home/chaofan/model_benchmark/benchmark/openvino/install/runtime/3rdparty/tbb/include/oneapi/tbb/concurrent_unordered_map.h
-- Up-to-date: /home/chaofan/model_benchmark/benchmark/openvino/install/runtime/3rdparty/tbb/include/oneapi/tbb/parallel_for.h
-- Up-to-date: /home/chaofan/model_benchmark/benchmark/openvino/install/runtime/3rdparty/tbb/include/oneapi/tbb/concurrent_lru_cache.h
-- Up-to-date: /home/chaofan/model_benchmark/benchmark/openvino/install/runtime/3rdparty/tbb/include/oneapi/tbb/tbbmalloc_proxy.h
-- Up-to-date: /home/chaofan/model_benchmark/benchmark/openvino/install/runtime/3rdparty/tbb/include/oneapi/tbb.h
-- Up-to-date: /home/chaofan/model_benchmark/benchmark/openvino/install/runtime/include
-- Up-to-date: /home/chaofan/model_benchmark/benchmark/openvino/install/runtime/include/openvino
-- Up-to-date: /home/chaofan/model_benchmark/benchmark/openvino/install/runtime/include/openvino/opsets
-- Up-to-date: /home/chaofan/model_benchmark/benchmark/openvino/install/runtime/include/openvino/opsets/opset5.hpp
-- Up-to-date: /home/chaofan/model_benchmark/benchmark/openvino/install/runtime/include/openvino/opsets/opset9_tbl.hpp
-- Up-to-date: /home/chaofan/model_benchmark/benchmark/openvino/install/runtime/include/openvino/opsets/opset12.hpp
-- Up-to-date: /home/chaofan/model_benchmark/benchmark/openvino/install/runtime/include/openvino/opsets/opset2_tbl.hpp
-- Up-to-date: /home/chaofan/model_benchmark/benchmark/openvino/install/runtime/include/openvino/opsets/opset6_tbl.hpp
-- Up-to-date: /home/chaofan/model_benchmark/benchmark/openvino/install/runtime/include/openvino/opsets/opset8_tbl.hpp
-- Up-to-date: /home/chaofan/model_benchmark/benchmark/openvino/install/runtime/include/openvino/opsets/opset13_tbl.hpp
-- Up-to-date: /home/chaofan/model_benchmark/benchmark/openvino/install/runtime/include/openvino/opsets/opset10_tbl.hpp
-- Up-to-date: /home/chaofan/model_benchmark/benchmark/openvino/install/runtime/include/openvino/opsets/opset.hpp
-- Up-to-date: /home/chaofan/model_benchmark/benchmark/openvino/install/runtime/include/openvino/opsets/opset16.hpp
-- Up-to-date: /home/chaofan/model_benchmark/benchmark/openvino/install/runtime/include/openvino/opsets/opset11.hpp
-- Up-to-date: /home/chaofan/model_benchmark/benchmark/openvino/install/runtime/include/openvino/opsets/opset16_tbl.hpp
-- Up-to-date: /home/chaofan/model_benchmark/benchmark/openvino/install/runtime/include/openvino/opsets/opset3_tbl.hpp
-- Up-to-date: /home/chaofan/model_benchmark/benchmark/openvino/install/runtime/include/openvino/opsets/opset3.hpp
-- Up-to-date: /home/chaofan/model_benchmark/benchmark/openvino/install/runtime/include/openvino/opsets/opset14.hpp
-- Up-to-date: /home/chaofan/model_benchmark/benchmark/openvino/install/runtime/include/openvino/opsets/opset11_tbl.hpp
-- Up-to-date: /home/chaofan/model_benchmark/benchmark/openvino/install/runtime/include/openvino/opsets/opset7.hpp
-- Up-to-date: /home/chaofan/model_benchmark/benchmark/openvino/install/runtime/include/openvino/opsets/opset15_tbl.hpp
-- Up-to-date: /home/chaofan/model_benchmark/benchmark/openvino/install/runtime/include/openvino/opsets/opset14_tbl.hpp
-- Up-to-date: /home/chaofan/model_benchmark/benchmark/openvino/install/runtime/include/openvino/opsets/opset4.hpp
-- Up-to-date: /home/chaofan/model_benchmark/benchmark/openvino/install/runtime/include/openvino/opsets/opset7_tbl.hpp
-- Up-to-date: /home/chaofan/model_benchmark/benchmark/openvino/install/runtime/include/openvino/opsets/opset12_tbl.hpp
-- Up-to-date: /home/chaofan/model_benchmark/benchmark/openvino/install/runtime/include/openvino/opsets/opset17_tbl.hpp
-- Up-to-date: /home/chaofan/model_benchmark/benchmark/openvino/install/runtime/include/openvino/opsets/opset13.hpp
-- Up-to-date: /home/chaofan/model_benchmark/benchmark/openvino/install/runtime/include/openvino/opsets/opset8.hpp
-- Up-to-date: /home/chaofan/model_benchmark/benchmark/openvino/install/runtime/include/openvino/opsets/opset6.hpp
-- Up-to-date: /home/chaofan/model_benchmark/benchmark/openvino/install/runtime/include/openvino/opsets/opset17.hpp
-- Up-to-date: /home/chaofan/model_benchmark/benchmark/openvino/install/runtime/include/openvino/opsets/opset1_tbl.hpp
-- Up-to-date: /home/chaofan/model_benchmark/benchmark/openvino/install/runtime/include/openvino/opsets/opset1.hpp
-- Up-to-date: /home/chaofan/model_benchmark/benchmark/openvino/install/runtime/include/openvino/opsets/opset9.hpp
-- Up-to-date: /home/chaofan/model_benchmark/benchmark/openvino/install/runtime/include/openvino/opsets/opset2.hpp
-- Up-to-date: /home/chaofan/model_benchmark/benchmark/openvino/install/runtime/include/openvino/opsets/opset15.hpp
-- Up-to-date: /home/chaofan/model_benchmark/benchmark/openvino/install/runtime/include/openvino/opsets/opset5_tbl.hpp
-- Up-to-date: /home/chaofan/model_benchmark/benchmark/openvino/install/runtime/include/openvino/opsets/opset10.hpp
-- Up-to-date: /home/chaofan/model_benchmark/benchmark/openvino/install/runtime/include/openvino/opsets/opset4_tbl.hpp
-- Up-to-date: /home/chaofan/model_benchmark/benchmark/openvino/install/runtime/include/openvino/pass
-- Up-to-date: /home/chaofan/model_benchmark/benchmark/openvino/install/runtime/include/openvino/pass/backward_graph_rewrite.hpp
-- Up-to-date: /home/chaofan/model_benchmark/benchmark/openvino/install/runtime/include/openvino/pass/low_latency.hpp
-- Up-to-date: /home/chaofan/model_benchmark/benchmark/openvino/install/runtime/include/openvino/pass/serialize.hpp
-- Up-to-date: /home/chaofan/model_benchmark/benchmark/openvino/install/runtime/include/openvino/pass/manager.hpp
-- Up-to-date: /home/chaofan/model_benchmark/benchmark/openvino/install/runtime/include/openvino/pass/pass_config.hpp
-- Up-to-date: /home/chaofan/model_benchmark/benchmark/openvino/install/runtime/include/openvino/pass/pass.hpp
-- Up-to-date: /home/chaofan/model_benchmark/benchmark/openvino/install/runtime/include/openvino/pass/convert_fp32_to_fp16.hpp
-- Up-to-date: /home/chaofan/model_benchmark/benchmark/openvino/install/runtime/include/openvino/pass/graph_rewrite.hpp
-- Up-to-date: /home/chaofan/model_benchmark/benchmark/openvino/install/runtime/include/openvino/pass/visualize_tree.hpp
-- Up-to-date: /home/chaofan/model_benchmark/benchmark/openvino/install/runtime/include/openvino/pass/matcher_pass.hpp
-- Up-to-date: /home/chaofan/model_benchmark/benchmark/openvino/install/runtime/include/openvino/pass/sdpa_to_vlsdpa.hpp
-- Up-to-date: /home/chaofan/model_benchmark/benchmark/openvino/install/runtime/include/openvino/pass/validate.hpp
-- Up-to-date: /home/chaofan/model_benchmark/benchmark/openvino/install/runtime/include/openvino/pass/node_registry.hpp
-- Up-to-date: /home/chaofan/model_benchmark/benchmark/openvino/install/runtime/include/openvino/pass/stateful_to_stateless.hpp
-- Up-to-date: /home/chaofan/model_benchmark/benchmark/openvino/install/runtime/include/openvino/pass/make_stateful.hpp
-- Up-to-date: /home/chaofan/model_benchmark/benchmark/openvino/install/runtime/include/openvino/pass/pattern
-- Up-to-date: /home/chaofan/model_benchmark/benchmark/openvino/install/runtime/include/openvino/pass/pattern/matcher.hpp
-- Up-to-date: /home/chaofan/model_benchmark/benchmark/openvino/install/runtime/include/openvino/pass/pattern/multi_matcher.hpp
-- Up-to-date: /home/chaofan/model_benchmark/benchmark/openvino/install/runtime/include/openvino/pass/pattern/op
-- Up-to-date: /home/chaofan/model_benchmark/benchmark/openvino/install/runtime/include/openvino/pass/pattern/op/op.hpp
-- Up-to-date: /home/chaofan/model_benchmark/benchmark/openvino/install/runtime/include/openvino/pass/pattern/op/predicate.hpp
-- Up-to-date: /home/chaofan/model_benchmark/benchmark/openvino/install/runtime/include/openvino/pass/pattern/op/any.hpp
-- Up-to-date: /home/chaofan/model_benchmark/benchmark/openvino/install/runtime/include/openvino/pass/pattern/op/any_output.hpp
-- Up-to-date: /home/chaofan/model_benchmark/benchmark/openvino/install/runtime/include/openvino/pass/pattern/op/any_of.hpp
-- Up-to-date: /home/chaofan/model_benchmark/benchmark/openvino/install/runtime/include/openvino/pass/pattern/op/or.hpp
-- Up-to-date: /home/chaofan/model_benchmark/benchmark/openvino/install/runtime/include/openvino/pass/pattern/op/label.hpp
-- Up-to-date: /home/chaofan/model_benchmark/benchmark/openvino/install/runtime/include/openvino/pass/pattern/op/block_util.hpp
-- Up-to-date: /home/chaofan/model_benchmark/benchmark/openvino/install/runtime/include/openvino/pass/pattern/op/true.hpp
-- Up-to-date: /home/chaofan/model_benchmark/benchmark/openvino/install/runtime/include/openvino/pass/pattern/op/wrap_type.hpp
-- Up-to-date: /home/chaofan/model_benchmark/benchmark/openvino/install/runtime/include/openvino/pass/pattern/op/block.hpp
-- Up-to-date: /home/chaofan/model_benchmark/benchmark/openvino/install/runtime/include/openvino/pass/pattern/op/pattern.hpp
-- Up-to-date: /home/chaofan/model_benchmark/benchmark/openvino/install/runtime/include/openvino/pass/pattern/op/optional.hpp
-- Up-to-date: /home/chaofan/model_benchmark/benchmark/openvino/install/runtime/include/openvino/pass/pa_kv_reorder_fusion.hpp
-- Up-to-date: /home/chaofan/model_benchmark/benchmark/openvino/install/runtime/include/openvino/pass/constant_folding.hpp
-- Up-to-date: /home/chaofan/model_benchmark/benchmark/openvino/install/runtime/include/openvino/pass/sdpa_to_paged_attention.hpp
-- Up-to-date: /home/chaofan/model_benchmark/benchmark/openvino/install/runtime/include/openvino/op
-- Up-to-date: /home/chaofan/model_benchmark/benchmark/openvino/install/runtime/include/openvino/op/embeddingbag_packedsum.hpp
-- Up-to-date: /home/chaofan/model_benchmark/benchmark/openvino/install/runtime/include/openvino/op/minimum.hpp
-- Up-to-date: /home/chaofan/model_benchmark/benchmark/openvino/install/runtime/include/openvino/op/matrix_nms.hpp
-- Up-to-date: /home/chaofan/model_benchmark/benchmark/openvino/install/runtime/include/openvino/op/experimental_detectron_detection_output.hpp
-- Up-to-date: /home/chaofan/model_benchmark/benchmark/openvino/install/runtime/include/openvino/op/cos.hpp
-- Up-to-date: /home/chaofan/model_benchmark/benchmark/openvino/install/runtime/include/openvino/op/prior_box_clustered.hpp
-- Up-to-date: /home/chaofan/model_benchmark/benchmark/openvino/install/runtime/include/openvino/op/experimental_detectron_generate_proposals.hpp
-- Up-to-date: /home/chaofan/model_benchmark/benchmark/openvino/install/runtime/include/openvino/op/embeddingbag_offsets.hpp
-- Up-to-date: /home/chaofan/model_benchmark/benchmark/openvino/install/runtime/include/openvino/op/softsign.hpp
-- Up-to-date: /home/chaofan/model_benchmark/benchmark/openvino/install/runtime/include/openvino/op/op.hpp
-- Up-to-date: /home/chaofan/model_benchmark/benchmark/openvino/install/runtime/include/openvino/op/logical_not.hpp
-- Up-to-date: /home/chaofan/model_benchmark/benchmark/openvino/install/runtime/include/openvino/op/selu.hpp
-- Up-to-date: /home/chaofan/model_benchmark/benchmark/openvino/install/runtime/include/openvino/op/identity.hpp
-- Up-to-date: /home/chaofan/model_benchmark/benchmark/openvino/install/runtime/include/openvino/op/split.hpp
-- Up-to-date: /home/chaofan/model_benchmark/benchmark/openvino/install/runtime/include/openvino/op/reduce_l2.hpp
-- Up-to-date: /home/chaofan/model_benchmark/benchmark/openvino/install/runtime/include/openvino/op/i420_to_rgb.hpp
-- Up-to-date: /home/chaofan/model_benchmark/benchmark/openvino/install/runtime/include/openvino/op/maximum.hpp
-- Up-to-date: /home/chaofan/model_benchmark/benchmark/openvino/install/runtime/include/openvino/op/atanh.hpp
-- Up-to-date: /home/chaofan/model_benchmark/benchmark/openvino/install/runtime/include/openvino/op/grn.hpp
-- Up-to-date: /home/chaofan/model_benchmark/benchmark/openvino/install/runtime/include/openvino/op/deformable_convolution.hpp
-- Up-to-date: /home/chaofan/model_benchmark/benchmark/openvino/install/runtime/include/openvino/op/roll.hpp
-- Up-to-date: /home/chaofan/model_benchmark/benchmark/openvino/install/runtime/include/openvino/op/reduce_logical_and.hpp
-- Up-to-date: /home/chaofan/model_benchmark/benchmark/openvino/install/runtime/include/openvino/op/convolution.hpp
-- Up-to-date: /home/chaofan/model_benchmark/benchmark/openvino/install/runtime/include/openvino/op/unique.hpp
-- Up-to-date: /home/chaofan/model_benchmark/benchmark/openvino/install/runtime/include/openvino/op/tan.hpp
-- Up-to-date: /home/chaofan/model_benchmark/benchmark/openvino/install/runtime/include/openvino/op/rdft.hpp
-- Up-to-date: /home/chaofan/model_benchmark/benchmark/openvino/install/runtime/include/openvino/op/parameter.hpp
-- Up-to-date: /home/chaofan/model_benchmark/benchmark/openvino/install/runtime/include/openvino/op/cosh.hpp
-- Up-to-date: /home/chaofan/model_benchmark/benchmark/openvino/install/runtime/include/openvino/op/power.hpp
-- Up-to-date: /home/chaofan/model_benchmark/benchmark/openvino/install/runtime/include/openvino/op/loop.hpp
-- Up-to-date: /home/chaofan/model_benchmark/benchmark/openvino/install/runtime/include/openvino/op/experimental_detectron_prior_grid_generator.hpp
-- Up-to-date: /home/chaofan/model_benchmark/benchmark/openvino/install/runtime/include/openvino/op/batch_norm.hpp
-- Up-to-date: /home/chaofan/model_benchmark/benchmark/openvino/install/runtime/include/openvino/op/tile.hpp
-- Up-to-date: /home/chaofan/model_benchmark/benchmark/openvino/install/runtime/include/openvino/op/space_to_depth.hpp
-- Up-to-date: /home/chaofan/model_benchmark/benchmark/openvino/install/runtime/include/openvino/op/gru_cell.hpp
-- Up-to-date: /home/chaofan/model_benchmark/benchmark/openvino/install/runtime/include/openvino/op/ceiling.hpp
-- Up-to-date: /home/chaofan/model_benchmark/benchmark/openvino/install/runtime/include/openvino/op/non_max_suppression.hpp
-- Up-to-date: /home/chaofan/model_benchmark/benchmark/openvino/install/runtime/include/openvino/op/space_to_batch.hpp
-- Up-to-date: /home/chaofan/model_benchmark/benchmark/openvino/install/runtime/include/openvino/op/softplus.hpp
-- Up-to-date: /home/chaofan/model_benchmark/benchmark/openvino/install/runtime/include/openvino/op/reduce_min.hpp
-- Up-to-date: /home/chaofan/model_benchmark/benchmark/openvino/install/runtime/include/openvino/op/squared_difference.hpp
-- Up-to-date: /home/chaofan/model_benchmark/benchmark/openvino/install/runtime/include/openvino/op/sink.hpp
-- Up-to-date: /home/chaofan/model_benchmark/benchmark/openvino/install/runtime/include/openvino/op/ops.hpp
-- Up-to-date: /home/chaofan/model_benchmark/benchmark/openvino/install/runtime/include/openvino/op/idft.hpp
-- Up-to-date: /home/chaofan/model_benchmark/benchmark/openvino/install/runtime/include/openvino/op/reduce_logical_or.hpp
-- Up-to-date: /home/chaofan/model_benchmark/benchmark/openvino/install/runtime/include/openvino/op/logical_or.hpp
-- Up-to-date: /home/chaofan/model_benchmark/benchmark/openvino/install/runtime/include/openvino/op/convert.hpp
-- Up-to-date: /home/chaofan/model_benchmark/benchmark/openvino/install/runtime/include/openvino/op/divide.hpp
-- Up-to-date: /home/chaofan/model_benchmark/benchmark/openvino/install/runtime/include/openvino/op/proposal.hpp
-- Up-to-date: /home/chaofan/model_benchmark/benchmark/openvino/install/runtime/include/openvino/op/segment_max.hpp
-- Up-to-date: /home/chaofan/model_benchmark/benchmark/openvino/install/runtime/include/openvino/op/atan.hpp
-- Up-to-date: /home/chaofan/model_benchmark/benchmark/openvino/install/runtime/include/openvino/op/experimental_detectron_topkrois.hpp
-- Up-to-date: /home/chaofan/model_benchmark/benchmark/openvino/install/runtime/include/openvino/op/dft.hpp
-- Up-to-date: /home/chaofan/model_benchmark/benchmark/openvino/install/runtime/include/openvino/op/irdft.hpp
-- Up-to-date: /home/chaofan/model_benchmark/benchmark/openvino/install/runtime/include/openvino/op/lstm_cell.hpp
-- Up-to-date: /home/chaofan/model_benchmark/benchmark/openvino/install/runtime/include/openvino/op/rnn_sequence.hpp
-- Up-to-date: /home/chaofan/model_benchmark/benchmark/openvino/install/runtime/include/openvino/op/istft.hpp
-- Up-to-date: /home/chaofan/model_benchmark/benchmark/openvino/install/runtime/include/openvino/op/reorg_yolo.hpp
-- Up-to-date: /home/chaofan/model_benchmark/benchmark/openvino/install/runtime/include/openvino/op/is_inf.hpp
-- Up-to-date: /home/chaofan/model_benchmark/benchmark/openvino/install/runtime/include/openvino/op/concat.hpp
-- Up-to-date: /home/chaofan/model_benchmark/benchmark/openvino/install/runtime/include/openvino/op/bitwise_or.hpp
-- Up-to-date: /home/chaofan/model_benchmark/benchmark/openvino/install/runtime/include/openvino/op/util
-- Up-to-date: /home/chaofan/model_benchmark/benchmark/openvino/install/runtime/include/openvino/op/util/recurrent_sequence.hpp
-- Up-to-date: /home/chaofan/model_benchmark/benchmark/openvino/install/runtime/include/openvino/op/util/elementwise_args.hpp
-- Up-to-date: /home/chaofan/model_benchmark/benchmark/openvino/install/runtime/include/openvino/op/util/convert_color_nv12_base.hpp
-- Up-to-date: /home/chaofan/model_benchmark/benchmark/openvino/install/runtime/include/openvino/op/util/variable_context.hpp
-- Up-to-date: /home/chaofan/model_benchmark/benchmark/openvino/install/runtime/include/openvino/op/util/variable_value.hpp
-- Up-to-date: /home/chaofan/model_benchmark/benchmark/openvino/install/runtime/include/openvino/op/util/activation_functions.hpp
-- Up-to-date: /home/chaofan/model_benchmark/benchmark/openvino/install/runtime/include/openvino/op/util/roi_align_base.hpp
-- Up-to-date: /home/chaofan/model_benchmark/benchmark/openvino/install/runtime/include/openvino/op/util/detection_output_base.hpp
-- Up-to-date: /home/chaofan/model_benchmark/benchmark/openvino/install/runtime/include/openvino/op/util/avg_pool_base.hpp
-- Up-to-date: /home/chaofan/model_benchmark/benchmark/openvino/install/runtime/include/openvino/op/util/scatter_nd_base.hpp
-- Up-to-date: /home/chaofan/model_benchmark/benchmark/openvino/install/runtime/include/openvino/op/util/topk_base.hpp
-- Up-to-date: /home/chaofan/model_benchmark/benchmark/openvino/install/runtime/include/openvino/op/util/read_value_base.hpp
-- Up-to-date: /home/chaofan/model_benchmark/benchmark/openvino/install/runtime/include/openvino/op/util/scatter_elements_update_base.hpp
-- Up-to-date: /home/chaofan/model_benchmark/benchmark/openvino/install/runtime/include/openvino/op/util/unary_elementwise_arithmetic.hpp
-- Up-to-date: /home/chaofan/model_benchmark/benchmark/openvino/install/runtime/include/openvino/op/util/convert_color_i420_base.hpp
-- Up-to-date: /home/chaofan/model_benchmark/benchmark/openvino/install/runtime/include/openvino/op/util/deformable_convolution_base.hpp
-- Up-to-date: /home/chaofan/model_benchmark/benchmark/openvino/install/runtime/include/openvino/op/util/binary_elementwise_bitwise.hpp
-- Up-to-date: /home/chaofan/model_benchmark/benchmark/openvino/install/runtime/include/openvino/op/util/logical_reduction_keep_dims.hpp
-- Up-to-date: /home/chaofan/model_benchmark/benchmark/openvino/install/runtime/include/openvino/op/util/binary_elementwise_comparison.hpp
-- Up-to-date: /home/chaofan/model_benchmark/benchmark/openvino/install/runtime/include/openvino/op/util/framework_node.hpp
-- Up-to-date: /home/chaofan/model_benchmark/benchmark/openvino/install/runtime/include/openvino/op/util/embeddingbag_offsets_base.hpp
-- Up-to-date: /home/chaofan/model_benchmark/benchmark/openvino/install/runtime/include/openvino/op/util/squeeze_base.hpp
-- Up-to-date: /home/chaofan/model_benchmark/benchmark/openvino/install/runtime/include/openvino/op/util/scatter_base.hpp
-- Up-to-date: /home/chaofan/model_benchmark/benchmark/openvino/install/runtime/include/openvino/op/util/embeddingbag_packed_base.hpp
-- Up-to-date: /home/chaofan/model_benchmark/benchmark/openvino/install/runtime/include/openvino/op/util/sub_graph_base.hpp
-- Up-to-date: /home/chaofan/model_benchmark/benchmark/openvino/install/runtime/include/openvino/op/util/one_hot_base.hpp
-- Up-to-date: /home/chaofan/model_benchmark/benchmark/openvino/install/runtime/include/openvino/op/util/arithmetic_reduction.hpp
-- Up-to-date: /home/chaofan/model_benchmark/benchmark/openvino/install/runtime/include/openvino/op/util/fft_base.hpp
-- Up-to-date: /home/chaofan/model_benchmark/benchmark/openvino/install/runtime/include/openvino/op/util/binary_elementwise_logical.hpp
-- Up-to-date: /home/chaofan/model_benchmark/benchmark/openvino/install/runtime/include/openvino/op/util/pad_base.hpp
-- Up-to-date: /home/chaofan/model_benchmark/benchmark/openvino/install/runtime/include/openvino/op/util/convolution_backprop_base.hpp
-- Up-to-date: /home/chaofan/model_benchmark/benchmark/openvino/install/runtime/include/openvino/op/util/variable_extension.hpp
-- Up-to-date: /home/chaofan/model_benchmark/benchmark/openvino/install/runtime/include/openvino/op/util/assign_base.hpp
-- Up-to-date: /home/chaofan/model_benchmark/benchmark/openvino/install/runtime/include/openvino/op/util/variable.hpp
-- Up-to-date: /home/chaofan/model_benchmark/benchmark/openvino/install/runtime/include/openvino/op/util/interpolate_base.hpp
-- Up-to-date: /home/chaofan/model_benchmark/benchmark/openvino/install/runtime/include/openvino/op/util/attr_types.hpp
-- Up-to-date: /home/chaofan/model_benchmark/benchmark/openvino/install/runtime/include/openvino/op/util/binary_elementwise_arithmetic.hpp
-- Up-to-date: /home/chaofan/model_benchmark/benchmark/openvino/install/runtime/include/openvino/op/util/gather_base.hpp
-- Up-to-date: /home/chaofan/model_benchmark/benchmark/openvino/install/runtime/include/openvino/op/util/multiclass_nms_base.hpp
-- Up-to-date: /home/chaofan/model_benchmark/benchmark/openvino/install/runtime/include/openvino/op/util/index_reduction.hpp
-- Up-to-date: /home/chaofan/model_benchmark/benchmark/openvino/install/runtime/include/openvino/op/util/logical_reduction.hpp
-- Up-to-date: /home/chaofan/model_benchmark/benchmark/openvino/install/runtime/include/openvino/op/util/symbolic_info.hpp
-- Up-to-date: /home/chaofan/model_benchmark/benchmark/openvino/install/runtime/include/openvino/op/util/max_pool_base.hpp
-- Up-to-date: /home/chaofan/model_benchmark/benchmark/openvino/install/runtime/include/openvino/op/util/op_types.hpp
-- Up-to-date: /home/chaofan/model_benchmark/benchmark/openvino/install/runtime/include/openvino/op/util/reduction_base.hpp
-- Up-to-date: /home/chaofan/model_benchmark/benchmark/openvino/install/runtime/include/openvino/op/util/convolution_base.hpp
-- Up-to-date: /home/chaofan/model_benchmark/benchmark/openvino/install/runtime/include/openvino/op/util/gather_nd_base.hpp
-- Up-to-date: /home/chaofan/model_benchmark/benchmark/openvino/install/runtime/include/openvino/op/util/shape_of_base.hpp
-- Up-to-date: /home/chaofan/model_benchmark/benchmark/openvino/install/runtime/include/openvino/op/util/precision_sensitive_attribute.hpp
-- Up-to-date: /home/chaofan/model_benchmark/benchmark/openvino/install/runtime/include/openvino/op/util/broadcast_base.hpp
-- Up-to-date: /home/chaofan/model_benchmark/benchmark/openvino/install/runtime/include/openvino/op/util/rnn_cell_base.hpp
-- Up-to-date: /home/chaofan/model_benchmark/benchmark/openvino/install/runtime/include/openvino/op/util/multi_subgraph_base.hpp
-- Up-to-date: /home/chaofan/model_benchmark/benchmark/openvino/install/runtime/include/openvino/op/util/arithmetic_reductions_keep_dims.hpp
-- Up-to-date: /home/chaofan/model_benchmark/benchmark/openvino/install/runtime/include/openvino/op/prior_box.hpp
-- Up-to-date: /home/chaofan/model_benchmark/benchmark/openvino/install/runtime/include/openvino/op/fake_quantize.hpp
-- Up-to-date: /home/chaofan/model_benchmark/benchmark/openvino/install/runtime/include/openvino/op/i420_to_bgr.hpp
-- Up-to-date: /home/chaofan/model_benchmark/benchmark/openvino/install/runtime/include/openvino/op/gather_tree.hpp
-- Up-to-date: /home/chaofan/model_benchmark/benchmark/openvino/install/runtime/include/openvino/op/gelu.hpp
-- Up-to-date: /home/chaofan/model_benchmark/benchmark/openvino/install/runtime/include/openvino/op/convert_promote_types.hpp
-- Up-to-date: /home/chaofan/model_benchmark/benchmark/openvino/install/runtime/include/openvino/op/topk.hpp
-- Up-to-date: /home/chaofan/model_benchmark/benchmark/openvino/install/runtime/include/openvino/op/acos.hpp
-- Up-to-date: /home/chaofan/model_benchmark/benchmark/openvino/install/runtime/include/openvino/op/sign.hpp
-- Up-to-date: /home/chaofan/model_benchmark/benchmark/openvino/install/runtime/include/openvino/op/max_pool.hpp
-- Up-to-date: /home/chaofan/model_benchmark/benchmark/openvino/install/runtime/include/openvino/op/sigmoid.hpp
-- Up-to-date: /home/chaofan/model_benchmark/benchmark/openvino/install/runtime/include/openvino/op/greater_eq.hpp
-- Up-to-date: /home/chaofan/model_benchmark/benchmark/openvino/install/runtime/include/openvino/op/bitwise_xor.hpp
-- Up-to-date: /home/chaofan/model_benchmark/benchmark/openvino/install/runtime/include/openvino/op/slice_scatter.hpp
-- Up-to-date: /home/chaofan/model_benchmark/benchmark/openvino/install/runtime/include/openvino/op/bucketize.hpp
-- Up-to-date: /home/chaofan/model_benchmark/benchmark/openvino/install/runtime/include/openvino/op/tensor_iterator.hpp
-- Up-to-date: /home/chaofan/model_benchmark/benchmark/openvino/install/runtime/include/openvino/op/strided_slice.hpp
-- Up-to-date: /home/chaofan/model_benchmark/benchmark/openvino/install/runtime/include/openvino/op/constant.hpp
-- Up-to-date: /home/chaofan/model_benchmark/benchmark/openvino/install/runtime/include/openvino/op/bitwise_right_shift.hpp
-- Up-to-date: /home/chaofan/model_benchmark/benchmark/openvino/install/runtime/include/openvino/op/reduce_prod.hpp
-- Up-to-date: /home/chaofan/model_benchmark/benchmark/openvino/install/runtime/include/openvino/op/gather.hpp
-- Up-to-date: /home/chaofan/model_benchmark/benchmark/openvino/install/runtime/include/openvino/op/string_tensor_pack.hpp
-- Up-to-date: /home/chaofan/model_benchmark/benchmark/openvino/install/runtime/include/openvino/op/interpolate.hpp
-- Up-to-date: /home/chaofan/model_benchmark/benchmark/openvino/install/runtime/include/openvino/op/variadic_split.hpp
-- Up-to-date: /home/chaofan/model_benchmark/benchmark/openvino/install/runtime/include/openvino/op/transpose.hpp
-- Up-to-date: /home/chaofan/model_benchmark/benchmark/openvino/install/runtime/include/openvino/op/einsum.hpp
-- Up-to-date: /home/chaofan/model_benchmark/benchmark/openvino/install/runtime/include/openvino/op/reverse_sequence.hpp
-- Up-to-date: /home/chaofan/model_benchmark/benchmark/openvino/install/runtime/include/openvino/op/erfinv.hpp
-- Up-to-date: /home/chaofan/model_benchmark/benchmark/openvino/install/runtime/include/openvino/op/abs.hpp
-- Up-to-date: /home/chaofan/model_benchmark/benchmark/openvino/install/runtime/include/openvino/op/ctc_greedy_decoder.hpp
-- Up-to-date: /home/chaofan/model_benchmark/benchmark/openvino/install/runtime/include/openvino/op/fake_convert.hpp
-- Up-to-date: /home/chaofan/model_benchmark/benchmark/openvino/install/runtime/include/openvino/op/floor.hpp
-- Up-to-date: /home/chaofan/model_benchmark/benchmark/openvino/install/runtime/include/openvino/op/hswish.hpp
-- Up-to-date: /home/chaofan/model_benchmark/benchmark/openvino/install/runtime/include/openvino/op/acosh.hpp
-- Up-to-date: /home/chaofan/model_benchmark/benchmark/openvino/install/runtime/include/openvino/op/assign.hpp
-- Up-to-date: /home/chaofan/model_benchmark/benchmark/openvino/install/runtime/include/openvino/op/gru_sequence.hpp
-- Up-to-date: /home/chaofan/model_benchmark/benchmark/openvino/install/runtime/include/openvino/op/range.hpp
-- Up-to-date: /home/chaofan/model_benchmark/benchmark/openvino/install/runtime/include/openvino/op/scatter_elements_update.hpp
-- Up-to-date: /home/chaofan/model_benchmark/benchmark/openvino/install/runtime/include/openvino/op/log.hpp
-- Up-to-date: /home/chaofan/model_benchmark/benchmark/openvino/install/runtime/include/openvino/op/generate_proposals.hpp
-- Up-to-date: /home/chaofan/model_benchmark/benchmark/openvino/install/runtime/include/openvino/op/binary_convolution.hpp
-- Up-to-date: /home/chaofan/model_benchmark/benchmark/openvino/install/runtime/include/openvino/op/lrn.hpp
-- Up-to-date: /home/chaofan/model_benchmark/benchmark/openvino/install/runtime/include/openvino/op/logical_and.hpp
-- Up-to-date: /home/chaofan/model_benchmark/benchmark/openvino/install/runtime/include/openvino/op/sqrt.hpp
-- Up-to-date: /home/chaofan/model_benchmark/benchmark/openvino/install/runtime/include/openvino/op/nv12_to_bgr.hpp
-- Up-to-date: /home/chaofan/model_benchmark/benchmark/openvino/install/runtime/include/openvino/op/result.hpp
-- Up-to-date: /home/chaofan/model_benchmark/benchmark/openvino/install/runtime/include/openvino/op/non_zero.hpp
-- Up-to-date: /home/chaofan/model_benchmark/benchmark/openvino/install/runtime/include/openvino/op/roi_pooling.hpp
-- Up-to-date: /home/chaofan/model_benchmark/benchmark/openvino/install/runtime/include/openvino/op/hsigmoid.hpp
-- Up-to-date: /home/chaofan/model_benchmark/benchmark/openvino/install/runtime/include/openvino/op/adaptive_avg_pool.hpp
-- Up-to-date: /home/chaofan/model_benchmark/benchmark/openvino/install/runtime/include/openvino/op/experimental_detectron_roi_feature.hpp
-- Up-to-date: /home/chaofan/model_benchmark/benchmark/openvino/install/runtime/include/openvino/op/batch_to_space.hpp
-- Up-to-date: /home/chaofan/model_benchmark/benchmark/openvino/install/runtime/include/openvino/op/inverse.hpp
-- Up-to-date: /home/chaofan/model_benchmark/benchmark/openvino/install/runtime/include/openvino/op/swish.hpp
-- Up-to-date: /home/chaofan/model_benchmark/benchmark/openvino/install/runtime/include/openvino/op/gather_nd.hpp
-- Up-to-date: /home/chaofan/model_benchmark/benchmark/openvino/install/runtime/include/openvino/op/nms_rotated.hpp
-- Up-to-date: /home/chaofan/model_benchmark/benchmark/openvino/install/runtime/include/openvino/op/rnn_cell.hpp
-- Up-to-date: /home/chaofan/model_benchmark/benchmark/openvino/install/runtime/include/openvino/op/stft.hpp
-- Up-to-date: /home/chaofan/model_benchmark/benchmark/openvino/install/runtime/include/openvino/op/col2im.hpp
-- Up-to-date: /home/chaofan/model_benchmark/benchmark/openvino/install/runtime/include/openvino/op/eye.hpp
-- Up-to-date: /home/chaofan/model_benchmark/benchmark/openvino/install/runtime/include/openvino/op/scatter_update.hpp
-- Up-to-date: /home/chaofan/model_benchmark/benchmark/openvino/install/runtime/include/openvino/op/round.hpp
-- Up-to-date: /home/chaofan/model_benchmark/benchmark/openvino/install/runtime/include/openvino/op/mod.hpp
-- Up-to-date: /home/chaofan/model_benchmark/benchmark/openvino/install/runtime/include/openvino/op/xor.hpp
-- Up-to-date: /home/chaofan/model_benchmark/benchmark/openvino/install/runtime/include/openvino/op/hard_sigmoid.hpp
-- Up-to-date: /home/chaofan/model_benchmark/benchmark/openvino/install/runtime/include/openvino/op/multinomial.hpp
-- Up-to-date: /home/chaofan/model_benchmark/benchmark/openvino/install/runtime/include/openvino/op/floor_mod.hpp
-- Up-to-date: /home/chaofan/model_benchmark/benchmark/openvino/install/runtime/include/openvino/op/gather_elements.hpp
-- Up-to-date: /home/chaofan/model_benchmark/benchmark/openvino/install/runtime/include/openvino/op/deformable_psroi_pooling.hpp
-- Up-to-date: /home/chaofan/model_benchmark/benchmark/openvino/install/runtime/include/openvino/op/embeddingbag_offsets_sum.hpp
-- Up-to-date: /home/chaofan/model_benchmark/benchmark/openvino/install/runtime/include/openvino/op/shuffle_channels.hpp
-- Up-to-date: /home/chaofan/model_benchmark/benchmark/openvino/install/runtime/include/openvino/op/scatter_nd_update.hpp
-- Up-to-date: /home/chaofan/model_benchmark/benchmark/openvino/install/runtime/include/openvino/op/reduce_sum.hpp
-- Up-to-date: /home/chaofan/model_benchmark/benchmark/openvino/install/runtime/include/openvino/op/is_nan.hpp
-- Up-to-date: /home/chaofan/model_benchmark/benchmark/openvino/install/runtime/include/openvino/op/detection_output.hpp
-- Up-to-date: /home/chaofan/model_benchmark/benchmark/openvino/install/runtime/include/openvino/op/is_finite.hpp
-- Up-to-date: /home/chaofan/model_benchmark/benchmark/openvino/install/runtime/include/openvino/op/multiclass_nms.hpp
-- Up-to-date: /home/chaofan/model_benchmark/benchmark/openvino/install/runtime/include/openvino/op/region_yolo.hpp
-- Up-to-date: /home/chaofan/model_benchmark/benchmark/openvino/install/runtime/include/openvino/op/broadcast.hpp
-- Up-to-date: /home/chaofan/model_benchmark/benchmark/openvino/install/runtime/include/openvino/op/less_eq.hpp
-- Up-to-date: /home/chaofan/model_benchmark/benchmark/openvino/install/runtime/include/openvino/op/mish.hpp
-- Up-to-date: /home/chaofan/model_benchmark/benchmark/openvino/install/runtime/include/openvino/op/read_value.hpp
-- Up-to-date: /home/chaofan/model_benchmark/benchmark/openvino/install/runtime/include/openvino/op/sin.hpp
-- Up-to-date: /home/chaofan/model_benchmark/benchmark/openvino/install/runtime/include/openvino/op/matmul.hpp
-- Up-to-date: /home/chaofan/model_benchmark/benchmark/openvino/install/runtime/include/openvino/op/roi_align.hpp
-- Up-to-date: /home/chaofan/model_benchmark/benchmark/openvino/install/runtime/include/openvino/op/prelu.hpp
-- Up-to-date: /home/chaofan/model_benchmark/benchmark/openvino/install/runtime/include/openvino/op/adaptive_max_pool.hpp
-- Up-to-date: /home/chaofan/model_benchmark/benchmark/openvino/install/runtime/include/openvino/op/ctc_greedy_decoder_seq_len.hpp
-- Up-to-date: /home/chaofan/model_benchmark/benchmark/openvino/install/runtime/include/openvino/op/slice.hpp
-- Up-to-date: /home/chaofan/model_benchmark/benchmark/openvino/install/runtime/include/openvino/op/sparse_fill_empty_rows.hpp
-- Up-to-date: /home/chaofan/model_benchmark/benchmark/openvino/install/runtime/include/openvino/op/grouped_matmul.hpp
-- Up-to-date: /home/chaofan/model_benchmark/benchmark/openvino/install/runtime/include/openvino/op/reshape.hpp
-- Up-to-date: /home/chaofan/model_benchmark/benchmark/openvino/install/runtime/include/openvino/op/exp.hpp
-- Up-to-date: /home/chaofan/model_benchmark/benchmark/openvino/install/runtime/include/openvino/op/mvn.hpp
-- Up-to-date: /home/chaofan/model_benchmark/benchmark/openvino/install/runtime/include/openvino/op/random_uniform.hpp
-- Up-to-date: /home/chaofan/model_benchmark/benchmark/openvino/install/runtime/include/openvino/op/psroi_pooling.hpp
-- Up-to-date: /home/chaofan/model_benchmark/benchmark/openvino/install/runtime/include/openvino/op/scaled_dot_product_attention.hpp
-- Up-to-date: /home/chaofan/model_benchmark/benchmark/openvino/install/runtime/include/openvino/op/clamp.hpp
-- Up-to-date: /home/chaofan/model_benchmark/benchmark/openvino/install/runtime/include/openvino/op/select.hpp
-- Up-to-date: /home/chaofan/model_benchmark/benchmark/openvino/install/runtime/include/openvino/op/logical_xor.hpp
-- Up-to-date: /home/chaofan/model_benchmark/benchmark/openvino/install/runtime/include/openvino/op/search_sorted.hpp
-- Up-to-date: /home/chaofan/model_benchmark/benchmark/openvino/install/runtime/include/openvino/op/negative.hpp
-- Up-to-date: /home/chaofan/model_benchmark/benchmark/openvino/install/runtime/include/openvino/op/group_conv.hpp
-- Up-to-date: /home/chaofan/model_benchmark/benchmark/openvino/install/runtime/include/openvino/op/erf.hpp
-- Up-to-date: /home/chaofan/model_benchmark/benchmark/openvino/install/runtime/include/openvino/op/reduce_max.hpp
-- Up-to-date: /home/chaofan/model_benchmark/benchmark/openvino/install/runtime/include/openvino/op/cum_sum.hpp
-- Up-to-date: /home/chaofan/model_benchmark/benchmark/openvino/install/runtime/include/openvino/op/shape_of.hpp
-- Up-to-date: /home/chaofan/model_benchmark/benchmark/openvino/install/runtime/include/openvino/op/depth_to_space.hpp
-- Up-to-date: /home/chaofan/model_benchmark/benchmark/openvino/install/runtime/include/openvino/op/normalize_l2.hpp
-- Up-to-date: /home/chaofan/model_benchmark/benchmark/openvino/install/runtime/include/openvino/op/log_softmax.hpp
-- Up-to-date: /home/chaofan/model_benchmark/benchmark/openvino/install/runtime/include/openvino/op/extractimagepatches.hpp
-- Up-to-date: /home/chaofan/model_benchmark/benchmark/openvino/install/runtime/include/openvino/op/grid_sample.hpp
-- Up-to-date: /home/chaofan/model_benchmark/benchmark/openvino/install/runtime/include/openvino/op/unsqueeze.hpp
-- Up-to-date: /home/chaofan/model_benchmark/benchmark/openvino/install/runtime/include/openvino/op/relu.hpp
-- Up-to-date: /home/chaofan/model_benchmark/benchmark/openvino/install/runtime/include/openvino/op/ctc_loss.hpp
-- Up-to-date: /home/chaofan/model_benchmark/benchmark/openvino/install/runtime/include/openvino/op/less.hpp
-- Up-to-date: /home/chaofan/model_benchmark/benchmark/openvino/install/runtime/include/openvino/op/subtract.hpp
-- Up-to-date: /home/chaofan/model_benchmark/benchmark/openvino/install/runtime/include/openvino/op/convert_like.hpp
-- Up-to-date: /home/chaofan/model_benchmark/benchmark/openvino/install/runtime/include/openvino/op/bitwise_left_shift.hpp
-- Up-to-date: /home/chaofan/model_benchmark/benchmark/openvino/install/runtime/include/openvino/op/if.hpp
-- Up-to-date: /home/chaofan/model_benchmark/benchmark/openvino/install/runtime/include/openvino/op/reduce_l1.hpp
-- Up-to-date: /home/chaofan/model_benchmark/benchmark/openvino/install/runtime/include/openvino/op/embedding_segments_sum.hpp
-- Up-to-date: /home/chaofan/model_benchmark/benchmark/openvino/install/runtime/include/openvino/op/pad.hpp
-- Up-to-date: /home/chaofan/model_benchmark/benchmark/openvino/install/runtime/include/openvino/op/equal.hpp
-- Up-to-date: /home/chaofan/model_benchmark/benchmark/openvino/install/runtime/include/openvino/op/add.hpp
-- Up-to-date: /home/chaofan/model_benchmark/benchmark/openvino/install/runtime/include/openvino/op/avg_pool.hpp
-- Up-to-date: /home/chaofan/model_benchmark/benchmark/openvino/install/runtime/include/openvino/op/elu.hpp
-- Up-to-date: /home/chaofan/model_benchmark/benchmark/openvino/install/runtime/include/openvino/op/greater.hpp
-- Up-to-date: /home/chaofan/model_benchmark/benchmark/openvino/install/runtime/include/openvino/op/one_hot.hpp
-- Up-to-date: /home/chaofan/model_benchmark/benchmark/openvino/install/runtime/include/openvino/op/multiply.hpp
-- Up-to-date: /home/chaofan/model_benchmark/benchmark/openvino/install/runtime/include/openvino/op/sinh.hpp
-- Up-to-date: /home/chaofan/model_benchmark/benchmark/openvino/install/runtime/include/openvino/op/not_equal.hpp
-- Up-to-date: /home/chaofan/model_benchmark/benchmark/openvino/install/runtime/include/openvino/op/group_normalization.hpp
-- Up-to-date: /home/chaofan/model_benchmark/benchmark/openvino/install/runtime/include/openvino/op/asin.hpp
-- Up-to-date: /home/chaofan/model_benchmark/benchmark/openvino/install/runtime/include/openvino/op/bitwise_not.hpp
-- Up-to-date: /home/chaofan/model_benchmark/benchmark/openvino/install/runtime/include/openvino/op/reverse.hpp
-- Up-to-date: /home/chaofan/model_benchmark/benchmark/openvino/install/runtime/include/openvino/op/tanh.hpp
-- Up-to-date: /home/chaofan/model_benchmark/benchmark/openvino/install/runtime/include/openvino/op/roi_align_rotated.hpp
-- Up-to-date: /home/chaofan/model_benchmark/benchmark/openvino/install/runtime/include/openvino/op/asinh.hpp
-- Up-to-date: /home/chaofan/model_benchmark/benchmark/openvino/install/runtime/include/openvino/op/bitwise_and.hpp
-- Up-to-date: /home/chaofan/model_benchmark/benchmark/openvino/install/runtime/include/openvino/op/nv12_to_rgb.hpp
-- Up-to-date: /home/chaofan/model_benchmark/benchmark/openvino/install/runtime/include/openvino/op/reduce_mean.hpp
-- Up-to-date: /home/chaofan/model_benchmark/benchmark/openvino/install/runtime/include/openvino/op/softmax.hpp
-- Up-to-date: /home/chaofan/model_benchmark/benchmark/openvino/install/runtime/include/openvino/op/embeddingbag_packed.hpp
-- Up-to-date: /home/chaofan/model_benchmark/benchmark/openvino/install/runtime/include/openvino/op/string_tensor_unpack.hpp
-- Up-to-date: /home/chaofan/model_benchmark/benchmark/openvino/install/runtime/include/openvino/op/lstm_sequence.hpp
-- Up-to-date: /home/chaofan/model_benchmark/benchmark/openvino/install/runtime/include/openvino/op/squeeze.hpp
-- Up-to-date: /home/chaofan/model_benchmark/benchmark/openvino/install/runtime/include/openvino/runtime
-- Up-to-date: /home/chaofan/model_benchmark/benchmark/openvino/install/runtime/include/openvino/runtime/allocator.hpp
-- Up-to-date: /home/chaofan/model_benchmark/benchmark/openvino/install/runtime/include/openvino/runtime/tensor.hpp
-- Up-to-date: /home/chaofan/model_benchmark/benchmark/openvino/install/runtime/include/openvino/runtime/file_handle.hpp
-- Up-to-date: /home/chaofan/model_benchmark/benchmark/openvino/install/runtime/include/openvino/core
-- Up-to-date: /home/chaofan/model_benchmark/benchmark/openvino/install/runtime/include/openvino/core/axis_set.hpp
-- Up-to-date: /home/chaofan/model_benchmark/benchmark/openvino/install/runtime/include/openvino/core/any.hpp
-- Up-to-date: /home/chaofan/model_benchmark/benchmark/openvino/install/runtime/include/openvino/core/type.hpp
-- Up-to-date: /home/chaofan/model_benchmark/benchmark/openvino/install/runtime/include/openvino/core/version.hpp
-- Up-to-date: /home/chaofan/model_benchmark/benchmark/openvino/install/runtime/include/openvino/core/runtime_attribute.hpp
-- Up-to-date: /home/chaofan/model_benchmark/benchmark/openvino/install/runtime/include/openvino/core/enum_names.hpp
-- Up-to-date: /home/chaofan/model_benchmark/benchmark/openvino/install/runtime/include/openvino/core/attribute_adapter.hpp
-- Up-to-date: /home/chaofan/model_benchmark/benchmark/openvino/install/runtime/include/openvino/core/node_input.hpp
-- Up-to-date: /home/chaofan/model_benchmark/benchmark/openvino/install/runtime/include/openvino/core/core.hpp
-- Up-to-date: /home/chaofan/model_benchmark/benchmark/openvino/install/runtime/include/openvino/core/dimension.hpp
-- Up-to-date: /home/chaofan/model_benchmark/benchmark/openvino/install/runtime/include/openvino/core/strides.hpp
-- Up-to-date: /home/chaofan/model_benchmark/benchmark/openvino/install/runtime/include/openvino/core/coordinate_diff.hpp
-- Up-to-date: /home/chaofan/model_benchmark/benchmark/openvino/install/runtime/include/openvino/core/visibility.hpp
-- Up-to-date: /home/chaofan/model_benchmark/benchmark/openvino/install/runtime/include/openvino/core/interval.hpp
-- Up-to-date: /home/chaofan/model_benchmark/benchmark/openvino/install/runtime/include/openvino/core/extension.hpp
-- Up-to-date: /home/chaofan/model_benchmark/benchmark/openvino/install/runtime/include/openvino/core/layout.hpp
-- Up-to-date: /home/chaofan/model_benchmark/benchmark/openvino/install/runtime/include/openvino/core/rtti.hpp
-- Up-to-date: /home/chaofan/model_benchmark/benchmark/openvino/install/runtime/include/openvino/core/symbol.hpp
-- Up-to-date: /home/chaofan/model_benchmark/benchmark/openvino/install/runtime/include/openvino/core/coordinate.hpp
-- Up-to-date: /home/chaofan/model_benchmark/benchmark/openvino/install/runtime/include/openvino/core/core_visibility.hpp
-- Up-to-date: /home/chaofan/model_benchmark/benchmark/openvino/install/runtime/include/openvino/core/enum_mask.hpp
-- Up-to-date: /home/chaofan/model_benchmark/benchmark/openvino/install/runtime/include/openvino/core/except.hpp
-- Up-to-date: /home/chaofan/model_benchmark/benchmark/openvino/install/runtime/include/openvino/core/log.hpp
-- Up-to-date: /home/chaofan/model_benchmark/benchmark/openvino/install/runtime/include/openvino/core/partial_shape.hpp
-- Up-to-date: /home/chaofan/model_benchmark/benchmark/openvino/install/runtime/include/openvino/core/type
-- Up-to-date: /home/chaofan/model_benchmark/benchmark/openvino/install/runtime/include/openvino/core/type/float4_e2m1.hpp
-- Up-to-date: /home/chaofan/model_benchmark/benchmark/openvino/install/runtime/include/openvino/core/type/float16.hpp
-- Up-to-date: /home/chaofan/model_benchmark/benchmark/openvino/install/runtime/include/openvino/core/type/element_type_traits.hpp
-- Up-to-date: /home/chaofan/model_benchmark/benchmark/openvino/install/runtime/include/openvino/core/type/float8_e4m3.hpp
-- Up-to-date: /home/chaofan/model_benchmark/benchmark/openvino/install/runtime/include/openvino/core/type/float8_e8m0.hpp
-- Up-to-date: /home/chaofan/model_benchmark/benchmark/openvino/install/runtime/include/openvino/core/type/bfloat16.hpp
-- Up-to-date: /home/chaofan/model_benchmark/benchmark/openvino/install/runtime/include/openvino/core/type/element_type.hpp
-- Up-to-date: /home/chaofan/model_benchmark/benchmark/openvino/install/runtime/include/openvino/core/type/float8_e5m2.hpp
-- Up-to-date: /home/chaofan/model_benchmark/benchmark/openvino/install/runtime/include/openvino/core/axis_vector.hpp
-- Up-to-date: /home/chaofan/model_benchmark/benchmark/openvino/install/runtime/include/openvino/core/parallel.hpp
-- Up-to-date: /home/chaofan/model_benchmark/benchmark/openvino/install/runtime/include/openvino/core/graph_util.hpp
-- Up-to-date: /home/chaofan/model_benchmark/benchmark/openvino/install/runtime/include/openvino/core/rt_info.hpp
-- Up-to-date: /home/chaofan/model_benchmark/benchmark/openvino/install/runtime/include/openvino/core/op_extension.hpp
-- Up-to-date: /home/chaofan/model_benchmark/benchmark/openvino/install/runtime/include/openvino/core/model.hpp
-- Up-to-date: /home/chaofan/model_benchmark/benchmark/openvino/install/runtime/include/openvino/core/attribute_visitor.hpp
-- Up-to-date: /home/chaofan/model_benchmark/benchmark/openvino/install/runtime/include/openvino/core/node_output.hpp
-- Up-to-date: /home/chaofan/model_benchmark/benchmark/openvino/install/runtime/include/openvino/core/descriptor
-- Up-to-date: /home/chaofan/model_benchmark/benchmark/openvino/install/runtime/include/openvino/core/descriptor/input.hpp
-- Up-to-date: /home/chaofan/model_benchmark/benchmark/openvino/install/runtime/include/openvino/core/descriptor/output.hpp
-- Up-to-date: /home/chaofan/model_benchmark/benchmark/openvino/install/runtime/include/openvino/core/descriptor/tensor.hpp
-- Up-to-date: /home/chaofan/model_benchmark/benchmark/openvino/install/runtime/include/openvino/core/preprocess
-- Up-to-date: /home/chaofan/model_benchmark/benchmark/openvino/install/runtime/include/openvino/core/preprocess/output_info.hpp
-- Up-to-date: /home/chaofan/model_benchmark/benchmark/openvino/install/runtime/include/openvino/core/preprocess/output_tensor_info.hpp
-- Up-to-date: /home/chaofan/model_benchmark/benchmark/openvino/install/runtime/include/openvino/core/preprocess/input_info.hpp
-- Up-to-date: /home/chaofan/model_benchmark/benchmark/openvino/install/runtime/include/openvino/core/preprocess/output_model_info.hpp
-- Up-to-date: /home/chaofan/model_benchmark/benchmark/openvino/install/runtime/include/openvino/core/preprocess/input_tensor_info.hpp
-- Up-to-date: /home/chaofan/model_benchmark/benchmark/openvino/install/runtime/include/openvino/core/preprocess/pre_post_process.hpp
-- Up-to-date: /home/chaofan/model_benchmark/benchmark/openvino/install/runtime/include/openvino/core/preprocess/resize_algorithm.hpp
-- Up-to-date: /home/chaofan/model_benchmark/benchmark/openvino/install/runtime/include/openvino/core/preprocess/preprocess_steps.hpp
-- Up-to-date: /home/chaofan/model_benchmark/benchmark/openvino/install/runtime/include/openvino/core/preprocess/postprocess_steps.hpp
-- Up-to-date: /home/chaofan/model_benchmark/benchmark/openvino/install/runtime/include/openvino/core/preprocess/input_model_info.hpp
-- Up-to-date: /home/chaofan/model_benchmark/benchmark/openvino/install/runtime/include/openvino/core/preprocess/padding_mode.hpp
-- Up-to-date: /home/chaofan/model_benchmark/benchmark/openvino/install/runtime/include/openvino/core/preprocess/color_format.hpp
-- Up-to-date: /home/chaofan/model_benchmark/benchmark/openvino/install/runtime/include/openvino/core/node_vector.hpp
-- Up-to-date: /home/chaofan/model_benchmark/benchmark/openvino/install/runtime/include/openvino/core/deprecated.hpp
-- Up-to-date: /home/chaofan/model_benchmark/benchmark/openvino/install/runtime/include/openvino/core/shape.hpp
-- Up-to-date: /home/chaofan/model_benchmark/benchmark/openvino/install/runtime/include/openvino/core/rank.hpp
-- Up-to-date: /home/chaofan/model_benchmark/benchmark/openvino/install/runtime/include/openvino/core/node.hpp
-- Up-to-date: /home/chaofan/model_benchmark/benchmark/openvino/install/runtime/include/openvino
-- Up-to-date: /home/chaofan/model_benchmark/benchmark/openvino/install/runtime/include/openvino/frontend
-- Up-to-date: /home/chaofan/model_benchmark/benchmark/openvino/install/runtime/include/openvino/frontend/sequence_at.hpp
-- Up-to-date: /home/chaofan/model_benchmark/benchmark/openvino/install/runtime/include/openvino/frontend/sequence_mark.hpp
-- Up-to-date: /home/chaofan/model_benchmark/benchmark/openvino/install/runtime/include/openvino/frontend/extension
-- Up-to-date: /home/chaofan/model_benchmark/benchmark/openvino/install/runtime/include/openvino/frontend/extension/op.hpp
-- Up-to-date: /home/chaofan/model_benchmark/benchmark/openvino/install/runtime/include/openvino/frontend/extension/conversion.hpp
-- Up-to-date: /home/chaofan/model_benchmark/benchmark/openvino/install/runtime/include/openvino/frontend/extension/telemetry.hpp
-- Up-to-date: /home/chaofan/model_benchmark/benchmark/openvino/install/runtime/include/openvino/frontend/extension/decoder_transformation.hpp
-- Up-to-date: /home/chaofan/model_benchmark/benchmark/openvino/install/runtime/include/openvino/frontend/extension/progress_reporter.hpp
-- Up-to-date: /home/chaofan/model_benchmark/benchmark/openvino/install/runtime/include/openvino/frontend/extension/holder.hpp
-- Up-to-date: /home/chaofan/model_benchmark/benchmark/openvino/install/runtime/include/openvino/frontend/input_model.hpp
-- Up-to-date: /home/chaofan/model_benchmark/benchmark/openvino/install/runtime/include/openvino/frontend/sequence_erase.hpp
-- Up-to-date: /home/chaofan/model_benchmark/benchmark/openvino/install/runtime/include/openvino/frontend/sequence_length.hpp
-- Up-to-date: /home/chaofan/model_benchmark/benchmark/openvino/install/runtime/include/openvino/frontend/manager.hpp
-- Up-to-date: /home/chaofan/model_benchmark/benchmark/openvino/install/runtime/include/openvino/frontend/place.hpp
-- Up-to-date: /home/chaofan/model_benchmark/benchmark/openvino/install/runtime/include/openvino/frontend/complex_type_mark.hpp
-- Up-to-date: /home/chaofan/model_benchmark/benchmark/openvino/install/runtime/include/openvino/frontend/exception.hpp
-- Up-to-date: /home/chaofan/model_benchmark/benchmark/openvino/install/runtime/include/openvino/frontend/visibility.hpp
-- Up-to-date: /home/chaofan/model_benchmark/benchmark/openvino/install/runtime/include/openvino/frontend/extension.hpp
-- Up-to-date: /home/chaofan/model_benchmark/benchmark/openvino/install/runtime/include/openvino/frontend/concat_from_sequence.hpp
-- Up-to-date: /home/chaofan/model_benchmark/benchmark/openvino/install/runtime/include/openvino/frontend/node_context.hpp
-- Up-to-date: /home/chaofan/model_benchmark/benchmark/openvino/install/runtime/include/openvino/frontend/variable.hpp
-- Up-to-date: /home/chaofan/model_benchmark/benchmark/openvino/install/runtime/include/openvino/frontend/graph_iterator.hpp
-- Up-to-date: /home/chaofan/model_benchmark/benchmark/openvino/install/runtime/include/openvino/frontend/sequence_insert.hpp
-- Up-to-date: /home/chaofan/model_benchmark/benchmark/openvino/install/runtime/include/openvino/frontend/frontend.hpp
-- Up-to-date: /home/chaofan/model_benchmark/benchmark/openvino/install/runtime/include/openvino/frontend/decoder.hpp
-- Up-to-date: /home/chaofan/model_benchmark/benchmark/openvino/install/runtime/include/openvino/frontend/hash_table.hpp
-- Up-to-date: /home/chaofan/model_benchmark/benchmark/openvino/install/runtime/lib/intel64/libopenvino_ir_frontend.so.2026.3.0
-- Up-to-date: /home/chaofan/model_benchmark/benchmark/openvino/install/runtime/lib/intel64/libopenvino_ir_frontend.so.2630
-- Up-to-date: /home/chaofan/model_benchmark/benchmark/openvino/install/runtime/lib/intel64/libopenvino_onnx_frontend.so.2026.3.0
-- Up-to-date: /home/chaofan/model_benchmark/benchmark/openvino/install/runtime/lib/intel64/libopenvino_onnx_frontend.so.2630
-- Up-to-date: /home/chaofan/model_benchmark/benchmark/openvino/install/runtime/lib/intel64/libopenvino_onnx_frontend.so
-- Up-to-date: /home/chaofan/model_benchmark/benchmark/openvino/install/runtime/include/openvino
-- Up-to-date: /home/chaofan/model_benchmark/benchmark/openvino/install/runtime/include/openvino/frontend
-- Up-to-date: /home/chaofan/model_benchmark/benchmark/openvino/install/runtime/include/openvino/frontend/onnx
-- Up-to-date: /home/chaofan/model_benchmark/benchmark/openvino/install/runtime/include/openvino/frontend/onnx/extension
-- Up-to-date: /home/chaofan/model_benchmark/benchmark/openvino/install/runtime/include/openvino/frontend/onnx/extension/op.hpp
-- Up-to-date: /home/chaofan/model_benchmark/benchmark/openvino/install/runtime/include/openvino/frontend/onnx/extension/conversion.hpp
-- Up-to-date: /home/chaofan/model_benchmark/benchmark/openvino/install/runtime/include/openvino/frontend/onnx/visibility.hpp
-- Up-to-date: /home/chaofan/model_benchmark/benchmark/openvino/install/runtime/include/openvino/frontend/onnx/node_context.hpp
-- Up-to-date: /home/chaofan/model_benchmark/benchmark/openvino/install/runtime/include/openvino/frontend/onnx/graph_iterator.hpp
-- Up-to-date: /home/chaofan/model_benchmark/benchmark/openvino/install/runtime/include/openvino/frontend/onnx/frontend.hpp
-- Up-to-date: /home/chaofan/model_benchmark/benchmark/openvino/install/runtime/include/openvino/frontend/onnx/decoder.hpp
-- Up-to-date: /home/chaofan/model_benchmark/benchmark/openvino/install/runtime/lib/intel64/libopenvino_pytorch_frontend.so.2026.3.0
-- Up-to-date: /home/chaofan/model_benchmark/benchmark/openvino/install/runtime/lib/intel64/libopenvino_pytorch_frontend.so.2630
-- Up-to-date: /home/chaofan/model_benchmark/benchmark/openvino/install/runtime/lib/intel64/libopenvino_pytorch_frontend.so
-- Up-to-date: /home/chaofan/model_benchmark/benchmark/openvino/install/runtime/include/openvino
-- Up-to-date: /home/chaofan/model_benchmark/benchmark/openvino/install/runtime/include/openvino/frontend
-- Up-to-date: /home/chaofan/model_benchmark/benchmark/openvino/install/runtime/include/openvino/frontend/pytorch
-- Up-to-date: /home/chaofan/model_benchmark/benchmark/openvino/install/runtime/include/openvino/frontend/pytorch/extension
-- Up-to-date: /home/chaofan/model_benchmark/benchmark/openvino/install/runtime/include/openvino/frontend/pytorch/extension/op.hpp
-- Up-to-date: /home/chaofan/model_benchmark/benchmark/openvino/install/runtime/include/openvino/frontend/pytorch/extension/conversion.hpp
-- Up-to-date: /home/chaofan/model_benchmark/benchmark/openvino/install/runtime/include/openvino/frontend/pytorch/visibility.hpp
-- Up-to-date: /home/chaofan/model_benchmark/benchmark/openvino/install/runtime/include/openvino/frontend/pytorch/node_context.hpp
-- Up-to-date: /home/chaofan/model_benchmark/benchmark/openvino/install/runtime/include/openvino/frontend/pytorch/frontend.hpp
-- Up-to-date: /home/chaofan/model_benchmark/benchmark/openvino/install/runtime/include/openvino/frontend/pytorch/decoder.hpp
-- Up-to-date: /home/chaofan/model_benchmark/benchmark/openvino/install/runtime/lib/intel64/libopenvino_tensorflow_frontend.so.2026.3.0
-- Up-to-date: /home/chaofan/model_benchmark/benchmark/openvino/install/runtime/lib/intel64/libopenvino_tensorflow_frontend.so.2630
-- Up-to-date: /home/chaofan/model_benchmark/benchmark/openvino/install/runtime/lib/intel64/libopenvino_tensorflow_frontend.so
-- Up-to-date: /home/chaofan/model_benchmark/benchmark/openvino/install/runtime/include/openvino
-- Up-to-date: /home/chaofan/model_benchmark/benchmark/openvino/install/runtime/include/openvino/frontend
-- Up-to-date: /home/chaofan/model_benchmark/benchmark/openvino/install/runtime/include/openvino/frontend/tensorflow
-- Up-to-date: /home/chaofan/model_benchmark/benchmark/openvino/install/runtime/include/openvino/frontend/tensorflow/extension
-- Up-to-date: /home/chaofan/model_benchmark/benchmark/openvino/install/runtime/include/openvino/frontend/tensorflow/extension/op.hpp
-- Up-to-date: /home/chaofan/model_benchmark/benchmark/openvino/install/runtime/include/openvino/frontend/tensorflow/extension/conversion.hpp
-- Up-to-date: /home/chaofan/model_benchmark/benchmark/openvino/install/runtime/include/openvino/frontend/tensorflow/exception.hpp
-- Up-to-date: /home/chaofan/model_benchmark/benchmark/openvino/install/runtime/include/openvino/frontend/tensorflow/visibility.hpp
-- Up-to-date: /home/chaofan/model_benchmark/benchmark/openvino/install/runtime/include/openvino/frontend/tensorflow/node_context.hpp
-- Up-to-date: /home/chaofan/model_benchmark/benchmark/openvino/install/runtime/include/openvino/frontend/tensorflow/special_types.hpp
-- Up-to-date: /home/chaofan/model_benchmark/benchmark/openvino/install/runtime/include/openvino/frontend/tensorflow/variable.hpp
-- Up-to-date: /home/chaofan/model_benchmark/benchmark/openvino/install/runtime/include/openvino/frontend/tensorflow/graph_iterator.hpp
-- Up-to-date: /home/chaofan/model_benchmark/benchmark/openvino/install/runtime/include/openvino/frontend/tensorflow/frontend.hpp
-- Up-to-date: /home/chaofan/model_benchmark/benchmark/openvino/install/runtime/include/openvino/frontend/tensorflow/variables_map.hpp
-- Up-to-date: /home/chaofan/model_benchmark/benchmark/openvino/install/runtime/include/openvino/frontend/tensorflow/decoder.hpp
-- Up-to-date: /home/chaofan/model_benchmark/benchmark/openvino/install/runtime/include/openvino/frontend/tensorflow/hash_table.hpp
-- Up-to-date: /home/chaofan/model_benchmark/benchmark/openvino/install/runtime/lib/intel64/libopenvino_tensorflow_lite_frontend.so.2026.3.0
-- Up-to-date: /home/chaofan/model_benchmark/benchmark/openvino/install/runtime/lib/intel64/libopenvino_tensorflow_lite_frontend.so.2630
-- Up-to-date: /home/chaofan/model_benchmark/benchmark/openvino/install/runtime/lib/intel64/libopenvino_tensorflow_lite_frontend.so
-- Up-to-date: /home/chaofan/model_benchmark/benchmark/openvino/install/runtime/include/openvino
-- Up-to-date: /home/chaofan/model_benchmark/benchmark/openvino/install/runtime/include/openvino/frontend
-- Up-to-date: /home/chaofan/model_benchmark/benchmark/openvino/install/runtime/include/openvino/frontend/tensorflow_lite
-- Up-to-date: /home/chaofan/model_benchmark/benchmark/openvino/install/runtime/include/openvino/frontend/tensorflow_lite/extension
-- Up-to-date: /home/chaofan/model_benchmark/benchmark/openvino/install/runtime/include/openvino/frontend/tensorflow_lite/extension/op.hpp
-- Up-to-date: /home/chaofan/model_benchmark/benchmark/openvino/install/runtime/include/openvino/frontend/tensorflow_lite/extension/conversion.hpp
-- Up-to-date: /home/chaofan/model_benchmark/benchmark/openvino/install/runtime/include/openvino/frontend/tensorflow_lite/visibility.hpp
-- Up-to-date: /home/chaofan/model_benchmark/benchmark/openvino/install/runtime/include/openvino/frontend/tensorflow_lite/node_context.hpp
-- Up-to-date: /home/chaofan/model_benchmark/benchmark/openvino/install/runtime/include/openvino/frontend/tensorflow_lite/quantization_info.hpp
-- Up-to-date: /home/chaofan/model_benchmark/benchmark/openvino/install/runtime/include/openvino/frontend/tensorflow_lite/graph_iterator.hpp
-- Up-to-date: /home/chaofan/model_benchmark/benchmark/openvino/install/runtime/include/openvino/frontend/tensorflow_lite/frontend.hpp
-- Up-to-date: /home/chaofan/model_benchmark/benchmark/openvino/install/runtime/include/openvino/frontend/tensorflow_lite/sparsity_info.hpp
-- Up-to-date: /home/chaofan/model_benchmark/benchmark/openvino/install/runtime/include/openvino/frontend/tensorflow_lite/decoder.hpp
-- Up-to-date: /home/chaofan/model_benchmark/benchmark/openvino/install/runtime/lib/intel64/libopenvino_paddle_frontend.so.2026.3.0
-- Up-to-date: /home/chaofan/model_benchmark/benchmark/openvino/install/runtime/lib/intel64/libopenvino_paddle_frontend.so.2630
-- Up-to-date: /home/chaofan/model_benchmark/benchmark/openvino/install/runtime/lib/intel64/libopenvino_paddle_frontend.so
-- Up-to-date: /home/chaofan/model_benchmark/benchmark/openvino/install/runtime/include/openvino
-- Up-to-date: /home/chaofan/model_benchmark/benchmark/openvino/install/runtime/include/openvino/frontend
-- Up-to-date: /home/chaofan/model_benchmark/benchmark/openvino/install/runtime/include/openvino/frontend/paddle
-- Up-to-date: /home/chaofan/model_benchmark/benchmark/openvino/install/runtime/include/openvino/frontend/paddle/extension
-- Up-to-date: /home/chaofan/model_benchmark/benchmark/openvino/install/runtime/include/openvino/frontend/paddle/extension/op.hpp
-- Up-to-date: /home/chaofan/model_benchmark/benchmark/openvino/install/runtime/include/openvino/frontend/paddle/extension/conversion.hpp
-- Up-to-date: /home/chaofan/model_benchmark/benchmark/openvino/install/runtime/include/openvino/frontend/paddle/exception.hpp
-- Up-to-date: /home/chaofan/model_benchmark/benchmark/openvino/install/runtime/include/openvino/frontend/paddle/visibility.hpp
-- Up-to-date: /home/chaofan/model_benchmark/benchmark/openvino/install/runtime/include/openvino/frontend/paddle/node_context.hpp
-- Up-to-date: /home/chaofan/model_benchmark/benchmark/openvino/install/runtime/include/openvino/frontend/paddle/frontend.hpp
-- Up-to-date: /home/chaofan/model_benchmark/benchmark/openvino/install/runtime/include/openvino/frontend/paddle/decoder.hpp
-- Up-to-date: /home/chaofan/model_benchmark/benchmark/openvino/install/runtime/lib/intel64/libopenvino_auto_plugin.so
-- Up-to-date: /home/chaofan/model_benchmark/benchmark/openvino/install/runtime/lib/intel64/libopenvino_auto_batch_plugin.so
-- Up-to-date: /home/chaofan/model_benchmark/benchmark/openvino/install/runtime/lib/intel64/libopenvino_hetero_plugin.so
-- Up-to-date: /home/chaofan/model_benchmark/benchmark/openvino/install/runtime/lib/intel64/libopenvino_intel_cpu_plugin.so
-- Up-to-date: /home/chaofan/model_benchmark/benchmark/openvino/install/runtime/lib/intel64/cache.json
-- Installing: /home/chaofan/model_benchmark/benchmark/openvino/install/runtime/lib/intel64/libopenvino_intel_gpu_plugin.so
-- Set non-toolchain portion of runtime path of "/home/chaofan/model_benchmark/benchmark/openvino/install/runtime/lib/intel64/libopenvino_intel_gpu_plugin.so" to ""
-- Up-to-date: /home/chaofan/model_benchmark/benchmark/openvino/install/runtime/lib/intel64/libopenvino_intel_npu_compiler.so
-- Up-to-date: /home/chaofan/model_benchmark/benchmark/openvino/install/runtime/lib/intel64/libopenvino_intel_npu_compiler_loader.so
-- Up-to-date: /home/chaofan/model_benchmark/benchmark/openvino/install/runtime/lib/intel64/libopenvino_intel_npu_vm_runtime.so
-- Up-to-date: /home/chaofan/model_benchmark/benchmark/openvino/install/runtime/lib/intel64/libopenvino_intel_npu_plugin.so
-- Up-to-date: /home/chaofan/model_benchmark/benchmark/openvino/install/tools/compile_tool/compile_tool
-- Up-to-date: /home/chaofan/model_benchmark/benchmark/openvino/install/tools/compile_tool/README.md
-- Up-to-date: /home/chaofan/model_benchmark/benchmark/openvino/install/runtime/include
-- Up-to-date: /home/chaofan/model_benchmark/benchmark/openvino/install/runtime/include/openvino
-- Up-to-date: /home/chaofan/model_benchmark/benchmark/openvino/install/runtime/include/openvino/openvino.hpp
-- Up-to-date: /home/chaofan/model_benchmark/benchmark/openvino/install/runtime/include/openvino/runtime
-- Up-to-date: /home/chaofan/model_benchmark/benchmark/openvino/install/runtime/include/openvino/runtime/intel_cpu
-- Up-to-date: /home/chaofan/model_benchmark/benchmark/openvino/install/runtime/include/openvino/runtime/intel_cpu/properties.hpp
-- Up-to-date: /home/chaofan/model_benchmark/benchmark/openvino/install/runtime/include/openvino/runtime/profiling_info.hpp
-- Up-to-date: /home/chaofan/model_benchmark/benchmark/openvino/install/runtime/include/openvino/runtime/common.hpp
-- Up-to-date: /home/chaofan/model_benchmark/benchmark/openvino/install/runtime/include/openvino/runtime/core.hpp
-- Up-to-date: /home/chaofan/model_benchmark/benchmark/openvino/install/runtime/include/openvino/runtime/exception.hpp
-- Up-to-date: /home/chaofan/model_benchmark/benchmark/openvino/install/runtime/include/openvino/runtime/remote_tensor.hpp
-- Up-to-date: /home/chaofan/model_benchmark/benchmark/openvino/install/runtime/include/openvino/runtime/intel_gpu
-- Up-to-date: /home/chaofan/model_benchmark/benchmark/openvino/install/runtime/include/openvino/runtime/intel_gpu/remote_properties.hpp
-- Up-to-date: /home/chaofan/model_benchmark/benchmark/openvino/install/runtime/include/openvino/runtime/intel_gpu/ocl
-- Up-to-date: /home/chaofan/model_benchmark/benchmark/openvino/install/runtime/include/openvino/runtime/intel_gpu/ocl/dx.hpp
-- Up-to-date: /home/chaofan/model_benchmark/benchmark/openvino/install/runtime/include/openvino/runtime/intel_gpu/ocl/ocl.hpp
-- Up-to-date: /home/chaofan/model_benchmark/benchmark/openvino/install/runtime/include/openvino/runtime/intel_gpu/ocl/ocl_wrapper.hpp
-- Up-to-date: /home/chaofan/model_benchmark/benchmark/openvino/install/runtime/include/openvino/runtime/intel_gpu/ocl/va.hpp
-- Up-to-date: /home/chaofan/model_benchmark/benchmark/openvino/install/runtime/include/openvino/runtime/intel_gpu/properties.hpp
-- Up-to-date: /home/chaofan/model_benchmark/benchmark/openvino/install/runtime/include/openvino/runtime/infer_request.hpp
-- Up-to-date: /home/chaofan/model_benchmark/benchmark/openvino/install/runtime/include/openvino/runtime/variable_state.hpp
-- Up-to-date: /home/chaofan/model_benchmark/benchmark/openvino/install/runtime/include/openvino/runtime/runtime.hpp
-- Up-to-date: /home/chaofan/model_benchmark/benchmark/openvino/install/runtime/include/openvino/runtime/intel_npu
-- Up-to-date: /home/chaofan/model_benchmark/benchmark/openvino/install/runtime/include/openvino/runtime/intel_npu/remote_properties.hpp
-- Up-to-date: /home/chaofan/model_benchmark/benchmark/openvino/install/runtime/include/openvino/runtime/intel_npu/level_zero
-- Up-to-date: /home/chaofan/model_benchmark/benchmark/openvino/install/runtime/include/openvino/runtime/intel_npu/level_zero/level_zero.hpp
-- Up-to-date: /home/chaofan/model_benchmark/benchmark/openvino/install/runtime/include/openvino/runtime/intel_npu/properties.hpp
-- Up-to-date: /home/chaofan/model_benchmark/benchmark/openvino/install/runtime/include/openvino/runtime/compiled_model.hpp
-- Up-to-date: /home/chaofan/model_benchmark/benchmark/openvino/install/runtime/include/openvino/runtime/remote_context.hpp
-- Up-to-date: /home/chaofan/model_benchmark/benchmark/openvino/install/runtime/include/openvino/runtime/properties.hpp
-- Up-to-date: /home/chaofan/model_benchmark/benchmark/openvino/install/runtime/include/openvino/runtime/auto
-- Up-to-date: /home/chaofan/model_benchmark/benchmark/openvino/install/runtime/include/openvino/runtime/auto/properties.hpp
-- Up-to-date: /home/chaofan/model_benchmark/benchmark/openvino/install/runtime/lib/intel64/libopenvino.so.2026.3.0
-- Up-to-date: /home/chaofan/model_benchmark/benchmark/openvino/install/runtime/lib/intel64/libopenvino.so.2630
-- Up-to-date: /home/chaofan/model_benchmark/benchmark/openvino/install/runtime/lib/intel64/libopenvino.so
-- Up-to-date: /home/chaofan/model_benchmark/benchmark/openvino/install/runtime/cmake/OpenVINOTargets.cmake
-- Up-to-date: /home/chaofan/model_benchmark/benchmark/openvino/install/runtime/cmake/OpenVINOTargets-release.cmake
-- Up-to-date: /home/chaofan/model_benchmark/benchmark/openvino/install/runtime/cmake/OpenVINOConfig.cmake
-- Up-to-date: /home/chaofan/model_benchmark/benchmark/openvino/install/runtime/cmake/OpenVINOConfig-version.cmake
-- Up-to-date: /home/chaofan/model_benchmark/benchmark/openvino/install/runtime/lib/intel64/pkgconfig/openvino.pc
-- Up-to-date: /home/chaofan/model_benchmark/benchmark/openvino/install/runtime/lib/intel64/libopenvino_c.so.2026.3.0
-- Up-to-date: /home/chaofan/model_benchmark/benchmark/openvino/install/runtime/lib/intel64/libopenvino_c.so.2630
-- Up-to-date: /home/chaofan/model_benchmark/benchmark/openvino/install/runtime/lib/intel64/libopenvino_c.so
-- Up-to-date: /home/chaofan/model_benchmark/benchmark/openvino/install/runtime/include/openvino
-- Up-to-date: /home/chaofan/model_benchmark/benchmark/openvino/install/runtime/include/openvino/c
-- Up-to-date: /home/chaofan/model_benchmark/benchmark/openvino/install/runtime/include/openvino/c/ov_compiled_model.h
-- Up-to-date: /home/chaofan/model_benchmark/benchmark/openvino/install/runtime/include/openvino/c/ov_common.h
-- Up-to-date: /home/chaofan/model_benchmark/benchmark/openvino/install/runtime/include/openvino/c/ov_util.h
-- Up-to-date: /home/chaofan/model_benchmark/benchmark/openvino/install/runtime/include/openvino/c/ov_property.h
-- Up-to-date: /home/chaofan/model_benchmark/benchmark/openvino/install/runtime/include/openvino/c/ov_core.h
-- Up-to-date: /home/chaofan/model_benchmark/benchmark/openvino/install/runtime/include/openvino/c/ov_prepostprocess.h
-- Up-to-date: /home/chaofan/model_benchmark/benchmark/openvino/install/runtime/include/openvino/c/ov_infer_request.h
-- Up-to-date: /home/chaofan/model_benchmark/benchmark/openvino/install/runtime/include/openvino/c/ov_partial_shape.h
-- Up-to-date: /home/chaofan/model_benchmark/benchmark/openvino/install/runtime/include/openvino/c/ov_shape.h
-- Up-to-date: /home/chaofan/model_benchmark/benchmark/openvino/install/runtime/include/openvino/c/openvino.h
-- Up-to-date: /home/chaofan/model_benchmark/benchmark/openvino/install/runtime/include/openvino/c/ov_tensor.h
-- Up-to-date: /home/chaofan/model_benchmark/benchmark/openvino/install/runtime/include/openvino/c/ov_node.h
-- Up-to-date: /home/chaofan/model_benchmark/benchmark/openvino/install/runtime/include/openvino/c/ov_remote_context.h
-- Up-to-date: /home/chaofan/model_benchmark/benchmark/openvino/install/runtime/include/openvino/c/ov_dimension.h
-- Up-to-date: /home/chaofan/model_benchmark/benchmark/openvino/install/runtime/include/openvino/c/deprecated.h
-- Up-to-date: /home/chaofan/model_benchmark/benchmark/openvino/install/runtime/include/openvino/c/ov_layout.h
-- Up-to-date: /home/chaofan/model_benchmark/benchmark/openvino/install/runtime/include/openvino/c/ov_rank.h
-- Up-to-date: /home/chaofan/model_benchmark/benchmark/openvino/install/runtime/include/openvino/c/ov_model.h
-- Up-to-date: /home/chaofan/model_benchmark/benchmark/openvino/install/runtime/include/openvino/c/gpu
-- Up-to-date: /home/chaofan/model_benchmark/benchmark/openvino/install/runtime/include/openvino/c/gpu/gpu_plugin_properties.h
-- Up-to-date: /home/chaofan/model_benchmark/benchmark/openvino/install/runtime/include/openvino/c/auto
-- Up-to-date: /home/chaofan/model_benchmark/benchmark/openvino/install/runtime/include/openvino/c/auto/properties.h
-- Up-to-date: /home/chaofan/model_benchmark/benchmark/openvino/install/samples/cpp
-- Up-to-date: /home/chaofan/model_benchmark/benchmark/openvino/install/samples/cpp/classification_sample_async
-- Up-to-date: /home/chaofan/model_benchmark/benchmark/openvino/install/samples/cpp/classification_sample_async/classification_sample_async.h
-- Up-to-date: /home/chaofan/model_benchmark/benchmark/openvino/install/samples/cpp/classification_sample_async/main.cpp
-- Up-to-date: /home/chaofan/model_benchmark/benchmark/openvino/install/samples/cpp/classification_sample_async/README.md
-- Up-to-date: /home/chaofan/model_benchmark/benchmark/openvino/install/samples/cpp/classification_sample_async/CMakeLists.txt
-- Up-to-date: /home/chaofan/model_benchmark/benchmark/openvino/install/samples/cpp/hello_classification
-- Up-to-date: /home/chaofan/model_benchmark/benchmark/openvino/install/samples/cpp/hello_classification/main.cpp
-- Up-to-date: /home/chaofan/model_benchmark/benchmark/openvino/install/samples/cpp/hello_classification/README.md
-- Up-to-date: /home/chaofan/model_benchmark/benchmark/openvino/install/samples/cpp/hello_classification/CMakeLists.txt
-- Up-to-date: /home/chaofan/model_benchmark/benchmark/openvino/install/samples/cpp/benchmark_app
-- Up-to-date: /home/chaofan/model_benchmark/benchmark/openvino/install/samples/cpp/benchmark_app/inputs_filling.cpp
-- Up-to-date: /home/chaofan/model_benchmark/benchmark/openvino/install/samples/cpp/benchmark_app/remote_tensors_filling.cpp
-- Up-to-date: /home/chaofan/model_benchmark/benchmark/openvino/install/samples/cpp/benchmark_app/statistics_report.cpp
-- Up-to-date: /home/chaofan/model_benchmark/benchmark/openvino/install/samples/cpp/benchmark_app/utils.hpp
-- Up-to-date: /home/chaofan/model_benchmark/benchmark/openvino/install/samples/cpp/benchmark_app/statistics_report.hpp
-- Up-to-date: /home/chaofan/model_benchmark/benchmark/openvino/install/samples/cpp/benchmark_app/infer_request_wrap.hpp
-- Up-to-date: /home/chaofan/model_benchmark/benchmark/openvino/install/samples/cpp/benchmark_app/main.cpp
-- Up-to-date: /home/chaofan/model_benchmark/benchmark/openvino/install/samples/cpp/benchmark_app/remote_tensors_filling.hpp
-- Up-to-date: /home/chaofan/model_benchmark/benchmark/openvino/install/samples/cpp/benchmark_app/README.md
-- Up-to-date: /home/chaofan/model_benchmark/benchmark/openvino/install/samples/cpp/benchmark_app/inputs_filling.hpp
-- Up-to-date: /home/chaofan/model_benchmark/benchmark/openvino/install/samples/cpp/benchmark_app/utils.cpp
-- Up-to-date: /home/chaofan/model_benchmark/benchmark/openvino/install/samples/cpp/benchmark_app/CMakeLists.txt
-- Up-to-date: /home/chaofan/model_benchmark/benchmark/openvino/install/samples/cpp/benchmark_app/benchmark_app.hpp
-- Up-to-date: /home/chaofan/model_benchmark/benchmark/openvino/install/samples/cpp/hello_nv12_input_classification
-- Up-to-date: /home/chaofan/model_benchmark/benchmark/openvino/install/samples/cpp/hello_nv12_input_classification/main.cpp
-- Up-to-date: /home/chaofan/model_benchmark/benchmark/openvino/install/samples/cpp/hello_nv12_input_classification/README.md
-- Up-to-date: /home/chaofan/model_benchmark/benchmark/openvino/install/samples/cpp/hello_nv12_input_classification/CMakeLists.txt
-- Up-to-date: /home/chaofan/model_benchmark/benchmark/openvino/install/samples/cpp/hello_query_device
-- Up-to-date: /home/chaofan/model_benchmark/benchmark/openvino/install/samples/cpp/hello_query_device/main.cpp
-- Up-to-date: /home/chaofan/model_benchmark/benchmark/openvino/install/samples/cpp/hello_query_device/README.md
-- Up-to-date: /home/chaofan/model_benchmark/benchmark/openvino/install/samples/cpp/hello_query_device/CMakeLists.txt
-- Up-to-date: /home/chaofan/model_benchmark/benchmark/openvino/install/samples/cpp/model_creation_sample
-- Up-to-date: /home/chaofan/model_benchmark/benchmark/openvino/install/samples/cpp/model_creation_sample/lenet.labels
-- Up-to-date: /home/chaofan/model_benchmark/benchmark/openvino/install/samples/cpp/model_creation_sample/lenet.bin
-- Up-to-date: /home/chaofan/model_benchmark/benchmark/openvino/install/samples/cpp/model_creation_sample/main.cpp
-- Up-to-date: /home/chaofan/model_benchmark/benchmark/openvino/install/samples/cpp/model_creation_sample/README.md
-- Up-to-date: /home/chaofan/model_benchmark/benchmark/openvino/install/samples/cpp/model_creation_sample/CMakeLists.txt
-- Up-to-date: /home/chaofan/model_benchmark/benchmark/openvino/install/samples/cpp/model_creation_sample/model_creation_sample.hpp
-- Up-to-date: /home/chaofan/model_benchmark/benchmark/openvino/install/samples/cpp/CMakeLists.txt
-- Up-to-date: /home/chaofan/model_benchmark/benchmark/openvino/install/samples/cpp/common
-- Up-to-date: /home/chaofan/model_benchmark/benchmark/openvino/install/samples/cpp/common/format_reader
-- Up-to-date: /home/chaofan/model_benchmark/benchmark/openvino/install/samples/cpp/common/format_reader/src
-- Up-to-date: /home/chaofan/model_benchmark/benchmark/openvino/install/samples/cpp/common/format_reader/src/register.h
-- Up-to-date: /home/chaofan/model_benchmark/benchmark/openvino/install/samples/cpp/common/format_reader/src/npy.h
-- Up-to-date: /home/chaofan/model_benchmark/benchmark/openvino/install/samples/cpp/common/format_reader/src/opencv_wrapper.cpp
-- Up-to-date: /home/chaofan/model_benchmark/benchmark/openvino/install/samples/cpp/common/format_reader/src/MnistUbyte.cpp
-- Up-to-date: /home/chaofan/model_benchmark/benchmark/openvino/install/samples/cpp/common/format_reader/src/yuv_nv12.h
-- Up-to-date: /home/chaofan/model_benchmark/benchmark/openvino/install/samples/cpp/common/format_reader/src/npy.cpp
-- Up-to-date: /home/chaofan/model_benchmark/benchmark/openvino/install/samples/cpp/common/format_reader/src/bmp.cpp
-- Up-to-date: /home/chaofan/model_benchmark/benchmark/openvino/install/samples/cpp/common/format_reader/src/bmp.h
-- Up-to-date: /home/chaofan/model_benchmark/benchmark/openvino/install/samples/cpp/common/format_reader/src/format_reader.cpp
-- Up-to-date: /home/chaofan/model_benchmark/benchmark/openvino/install/samples/cpp/common/format_reader/src/MnistUbyte.h
-- Up-to-date: /home/chaofan/model_benchmark/benchmark/openvino/install/samples/cpp/common/format_reader/src/opencv_wrapper.h
-- Up-to-date: /home/chaofan/model_benchmark/benchmark/openvino/install/samples/cpp/common/format_reader/src/yuv_nv12.cpp
-- Up-to-date: /home/chaofan/model_benchmark/benchmark/openvino/install/samples/cpp/common/format_reader/CMakeLists.txt
-- Up-to-date: /home/chaofan/model_benchmark/benchmark/openvino/install/samples/cpp/common/format_reader/include
-- Up-to-date: /home/chaofan/model_benchmark/benchmark/openvino/install/samples/cpp/common/format_reader/include/format_reader.h
-- Up-to-date: /home/chaofan/model_benchmark/benchmark/openvino/install/samples/cpp/common/format_reader/include/format_reader_ptr.h
-- Up-to-date: /home/chaofan/model_benchmark/benchmark/openvino/install/samples/cpp/common/utils
-- Up-to-date: /home/chaofan/model_benchmark/benchmark/openvino/install/samples/cpp/common/utils/src
-- Up-to-date: /home/chaofan/model_benchmark/benchmark/openvino/install/samples/cpp/common/utils/src/args_helper.cpp
-- Up-to-date: /home/chaofan/model_benchmark/benchmark/openvino/install/samples/cpp/common/utils/src/slog.cpp
-- Up-to-date: /home/chaofan/model_benchmark/benchmark/openvino/install/samples/cpp/common/utils/src/latency_metrics.cpp
-- Up-to-date: /home/chaofan/model_benchmark/benchmark/openvino/install/samples/cpp/common/utils/CMakeLists.txt
-- Up-to-date: /home/chaofan/model_benchmark/benchmark/openvino/install/samples/cpp/common/utils/include
-- Up-to-date: /home/chaofan/model_benchmark/benchmark/openvino/install/samples/cpp/common/utils/include/samples
-- Up-to-date: /home/chaofan/model_benchmark/benchmark/openvino/install/samples/cpp/common/utils/include/samples/os
-- Up-to-date: /home/chaofan/model_benchmark/benchmark/openvino/install/samples/cpp/common/utils/include/samples/os/windows
-- Up-to-date: /home/chaofan/model_benchmark/benchmark/openvino/install/samples/cpp/common/utils/include/samples/os/windows/w_dirent.h
-- Up-to-date: /home/chaofan/model_benchmark/benchmark/openvino/install/samples/cpp/common/utils/include/samples/common.hpp
-- Up-to-date: /home/chaofan/model_benchmark/benchmark/openvino/install/samples/cpp/common/utils/include/samples/args_helper.hpp
-- Up-to-date: /home/chaofan/model_benchmark/benchmark/openvino/install/samples/cpp/common/utils/include/samples/classification_results.h
-- Up-to-date: /home/chaofan/model_benchmark/benchmark/openvino/install/samples/cpp/common/utils/include/samples/slog.hpp
-- Up-to-date: /home/chaofan/model_benchmark/benchmark/openvino/install/samples/cpp/common/utils/include/samples/console_progress.hpp
-- Up-to-date: /home/chaofan/model_benchmark/benchmark/openvino/install/samples/cpp/common/utils/include/samples/csv_dumper.hpp
-- Up-to-date: /home/chaofan/model_benchmark/benchmark/openvino/install/samples/cpp/common/utils/include/samples/latency_metrics.hpp
-- Up-to-date: /home/chaofan/model_benchmark/benchmark/openvino/install/samples/cpp/common/CMakeLists.txt
-- Up-to-date: /home/chaofan/model_benchmark/benchmark/openvino/install/samples/cpp/hello_reshape_ssd
-- Up-to-date: /home/chaofan/model_benchmark/benchmark/openvino/install/samples/cpp/hello_reshape_ssd/main.cpp
-- Up-to-date: /home/chaofan/model_benchmark/benchmark/openvino/install/samples/cpp/hello_reshape_ssd/README.md
-- Up-to-date: /home/chaofan/model_benchmark/benchmark/openvino/install/samples/cpp/hello_reshape_ssd/CMakeLists.txt
-- Up-to-date: /home/chaofan/model_benchmark/benchmark/openvino/install/samples/cpp/benchmark
-- Up-to-date: /home/chaofan/model_benchmark/benchmark/openvino/install/samples/cpp/benchmark/sync_benchmark
-- Up-to-date: /home/chaofan/model_benchmark/benchmark/openvino/install/samples/cpp/benchmark/sync_benchmark/main.cpp
-- Up-to-date: /home/chaofan/model_benchmark/benchmark/openvino/install/samples/cpp/benchmark/sync_benchmark/README.md
-- Up-to-date: /home/chaofan/model_benchmark/benchmark/openvino/install/samples/cpp/benchmark/sync_benchmark/CMakeLists.txt
-- Up-to-date: /home/chaofan/model_benchmark/benchmark/openvino/install/samples/cpp/benchmark/throughput_benchmark
-- Up-to-date: /home/chaofan/model_benchmark/benchmark/openvino/install/samples/cpp/benchmark/throughput_benchmark/main.cpp
-- Up-to-date: /home/chaofan/model_benchmark/benchmark/openvino/install/samples/cpp/benchmark/throughput_benchmark/README.md
-- Up-to-date: /home/chaofan/model_benchmark/benchmark/openvino/install/samples/cpp/benchmark/throughput_benchmark/CMakeLists.txt
-- Up-to-date: /home/chaofan/model_benchmark/benchmark/openvino/install/samples/cpp/benchmark/CMakeLists.txt
-- Up-to-date: /home/chaofan/model_benchmark/benchmark/openvino/install/samples/cpp/build_samples.sh
-- Up-to-date: /home/chaofan/model_benchmark/benchmark/openvino/install/samples/c/build_samples.sh
-- Up-to-date: /home/chaofan/model_benchmark/benchmark/openvino/install/samples/c
-- Up-to-date: /home/chaofan/model_benchmark/benchmark/openvino/install/samples/c/hello_classification
-- Up-to-date: /home/chaofan/model_benchmark/benchmark/openvino/install/samples/c/hello_classification/infer_result_util.h
-- Up-to-date: /home/chaofan/model_benchmark/benchmark/openvino/install/samples/c/hello_classification/main.c
-- Up-to-date: /home/chaofan/model_benchmark/benchmark/openvino/install/samples/c/hello_classification/infer_result_util.c
-- Up-to-date: /home/chaofan/model_benchmark/benchmark/openvino/install/samples/c/hello_classification/README.md
-- Up-to-date: /home/chaofan/model_benchmark/benchmark/openvino/install/samples/c/hello_classification/CMakeLists.txt
-- Up-to-date: /home/chaofan/model_benchmark/benchmark/openvino/install/samples/c/hello_nv12_input_classification
-- Up-to-date: /home/chaofan/model_benchmark/benchmark/openvino/install/samples/c/hello_nv12_input_classification/main.c
-- Up-to-date: /home/chaofan/model_benchmark/benchmark/openvino/install/samples/c/hello_nv12_input_classification/README.md
-- Up-to-date: /home/chaofan/model_benchmark/benchmark/openvino/install/samples/c/hello_nv12_input_classification/CMakeLists.txt
-- Up-to-date: /home/chaofan/model_benchmark/benchmark/openvino/install/samples/c/common
-- Up-to-date: /home/chaofan/model_benchmark/benchmark/openvino/install/samples/c/common/sample_util
-- Up-to-date: /home/chaofan/model_benchmark/benchmark/openvino/install/samples/c/common/sample_util/src
-- Up-to-date: /home/chaofan/model_benchmark/benchmark/openvino/install/samples/c/common/sample_util/src/path_util.c
-- Up-to-date: /home/chaofan/model_benchmark/benchmark/openvino/install/samples/c/common/sample_util/CMakeLists.txt
-- Up-to-date: /home/chaofan/model_benchmark/benchmark/openvino/install/samples/c/common/sample_util/include
-- Up-to-date: /home/chaofan/model_benchmark/benchmark/openvino/install/samples/c/common/sample_util/include/samples_util
-- Up-to-date: /home/chaofan/model_benchmark/benchmark/openvino/install/samples/c/common/sample_util/include/samples_util/path_util.h
-- Up-to-date: /home/chaofan/model_benchmark/benchmark/openvino/install/samples/c/common/opencv_c_wrapper
-- Up-to-date: /home/chaofan/model_benchmark/benchmark/openvino/install/samples/c/common/opencv_c_wrapper/src
-- Up-to-date: /home/chaofan/model_benchmark/benchmark/openvino/install/samples/c/common/opencv_c_wrapper/src/bmp_reader.c
-- Up-to-date: /home/chaofan/model_benchmark/benchmark/openvino/install/samples/c/common/opencv_c_wrapper/src/opencv_c_wrapper.cpp
-- Up-to-date: /home/chaofan/model_benchmark/benchmark/openvino/install/samples/c/common/opencv_c_wrapper/src/bmp_reader.h
-- Up-to-date: /home/chaofan/model_benchmark/benchmark/openvino/install/samples/c/common/opencv_c_wrapper/CMakeLists.txt
-- Up-to-date: /home/chaofan/model_benchmark/benchmark/openvino/install/samples/c/common/opencv_c_wrapper/include
-- Up-to-date: /home/chaofan/model_benchmark/benchmark/openvino/install/samples/c/common/opencv_c_wrapper/include/opencv_c_wrapper.h
-- Up-to-date: /home/chaofan/model_benchmark/benchmark/openvino/install/samples/c/common/CMakeLists.txt
-- Up-to-date: /home/chaofan/model_benchmark/benchmark/openvino/install/samples/c/CMakeLists.txt
-- Up-to-date: /home/chaofan/model_benchmark/benchmark/openvino/install/samples/python
-- Up-to-date: /home/chaofan/model_benchmark/benchmark/openvino/install/samples/python/classification_sample_async
-- Up-to-date: /home/chaofan/model_benchmark/benchmark/openvino/install/samples/python/classification_sample_async/classification_sample_async.py
-- Up-to-date: /home/chaofan/model_benchmark/benchmark/openvino/install/samples/python/classification_sample_async/requirements.txt
-- Up-to-date: /home/chaofan/model_benchmark/benchmark/openvino/install/samples/python/classification_sample_async/README.md
-- Up-to-date: /home/chaofan/model_benchmark/benchmark/openvino/install/samples/python/hello_classification
-- Up-to-date: /home/chaofan/model_benchmark/benchmark/openvino/install/samples/python/hello_classification/hello_classification.py
-- Up-to-date: /home/chaofan/model_benchmark/benchmark/openvino/install/samples/python/hello_classification/requirements.txt
-- Up-to-date: /home/chaofan/model_benchmark/benchmark/openvino/install/samples/python/hello_classification/README.md
-- Up-to-date: /home/chaofan/model_benchmark/benchmark/openvino/install/samples/python/setup.cfg
-- Up-to-date: /home/chaofan/model_benchmark/benchmark/openvino/install/samples/python/hello_query_device
-- Up-to-date: /home/chaofan/model_benchmark/benchmark/openvino/install/samples/python/hello_query_device/README.md
-- Up-to-date: /home/chaofan/model_benchmark/benchmark/openvino/install/samples/python/hello_query_device/hello_query_device.py
-- Up-to-date: /home/chaofan/model_benchmark/benchmark/openvino/install/samples/python/model_creation_sample
-- Up-to-date: /home/chaofan/model_benchmark/benchmark/openvino/install/samples/python/model_creation_sample/lenet.bin
-- Up-to-date: /home/chaofan/model_benchmark/benchmark/openvino/install/samples/python/model_creation_sample/model_creation_sample.py
-- Up-to-date: /home/chaofan/model_benchmark/benchmark/openvino/install/samples/python/model_creation_sample/data.py
-- Up-to-date: /home/chaofan/model_benchmark/benchmark/openvino/install/samples/python/model_creation_sample/README.md
-- Up-to-date: /home/chaofan/model_benchmark/benchmark/openvino/install/samples/python/hello_reshape_ssd
-- Up-to-date: /home/chaofan/model_benchmark/benchmark/openvino/install/samples/python/hello_reshape_ssd/requirements.txt
-- Up-to-date: /home/chaofan/model_benchmark/benchmark/openvino/install/samples/python/hello_reshape_ssd/README.md
-- Up-to-date: /home/chaofan/model_benchmark/benchmark/openvino/install/samples/python/hello_reshape_ssd/hello_reshape_ssd.py
-- Up-to-date: /home/chaofan/model_benchmark/benchmark/openvino/install/samples/python/benchmark
-- Up-to-date: /home/chaofan/model_benchmark/benchmark/openvino/install/samples/python/benchmark/sync_benchmark
-- Up-to-date: /home/chaofan/model_benchmark/benchmark/openvino/install/samples/python/benchmark/sync_benchmark/README.md
-- Up-to-date: /home/chaofan/model_benchmark/benchmark/openvino/install/samples/python/benchmark/sync_benchmark/sync_benchmark.py
-- Up-to-date: /home/chaofan/model_benchmark/benchmark/openvino/install/samples/python/benchmark/throughput_benchmark
-- Up-to-date: /home/chaofan/model_benchmark/benchmark/openvino/install/samples/python/benchmark/throughput_benchmark/throughput_benchmark.py
-- Up-to-date: /home/chaofan/model_benchmark/benchmark/openvino/install/samples/python/benchmark/throughput_benchmark/README.md
-- Up-to-date: /home/chaofan/model_benchmark/benchmark/openvino/install/samples/python/benchmark/bert_benchmark
-- Up-to-date: /home/chaofan/model_benchmark/benchmark/openvino/install/samples/python/benchmark/bert_benchmark/bert_benchmark.py
-- Up-to-date: /home/chaofan/model_benchmark/benchmark/openvino/install/samples/python/benchmark/bert_benchmark/requirements.txt
-- Up-to-date: /home/chaofan/model_benchmark/benchmark/openvino/install/samples/python/benchmark/bert_benchmark/README.md
-- Up-to-date: /home/chaofan/model_benchmark/benchmark/openvino/install/./setupvars.sh
-- Up-to-date: /home/chaofan/model_benchmark/benchmark/openvino/install/install_dependencies/install_openvino_dependencies.sh
-- Up-to-date: /home/chaofan/model_benchmark/benchmark/openvino/install/licenses
-- Up-to-date: /home/chaofan/model_benchmark/benchmark/openvino/install/licenses/onetbb_third-party-programs.txt
-- Up-to-date: /home/chaofan/model_benchmark/benchmark/openvino/install/licenses/runtime-third-party-programs.txt
-- Up-to-date: /home/chaofan/model_benchmark/benchmark/openvino/install/licenses/onednn_third-party-programs.txt
795faf846d706ed1dc4270c7879eb1007181d8ab6466207d7f3ec9cb44318252  /home/chaofan/model_benchmark/benchmark/openvino/qwen3.5_patch/results_1k512_highround_rerun_20260824/plugins/pa_opt3_opt4_opt5_opt6.so
=== opt3_opt4_opt5_opt6_opt7 ===
[  0%] Built target onednn_gpu_build
[  0%] Updating file if the file changed (/home/chaofan/model_benchmark/benchmark/openvino/build/src/plugins/intel_gpu/src/graph/impls/cm/codegen/include/gpu_cm_kernel_sources.inc) ...
[  0%] Built target openvino_shutdown
[  0%] Built target _ov_plugins_hpp
[  0%] Built target run_ocl_codegen
[  0%] Built target ittnotify
[  0%] Built target pugixml-static
[  0%] Built target openvino_shape_inference
[  0%] Built target run_cm_codegen
[  0%] Built target openvino_intel_gpu_common_obj
[  0%] Built target openvino_util
[  2%] Built target openvino_intel_gpu_cpu_obj
[  2%] Built target openvino_intel_gpu_onednn_obj
[  2%] Built target openvino_intel_gpu_cm_obj
.
----------------------------------------------------------------------
Ran 1 test in 0.014s

OK
processing test_kernel.cl
[  2%] Built target openvino_itt
[  2%] Built target run_codegen_test
[  2%] Built target openvino_proxy_plugin_obj
[  2%] Built target openvino_frontend_common_obj
[  5%] Built target openvino_runtime_obj
[  8%] Built target openvino_reference
[ 11%] Built target openvino_intel_gpu_ocl_v2_obj
[ 11%] Built target openvino_core_obj_version
[ 11%] Building CXX object src/plugins/intel_gpu/src/graph/impls/ocl/CMakeFiles/openvino_intel_gpu_ocl_obj.dir/arg_max_min.cpp.o
[ 11%] Building CXX object src/plugins/intel_gpu/src/graph/impls/ocl/CMakeFiles/openvino_intel_gpu_ocl_obj.dir/activation.cpp.o
[ 11%] Building CXX object src/plugins/intel_gpu/src/graph/impls/ocl/CMakeFiles/openvino_intel_gpu_ocl_obj.dir/batch_to_space.cpp.o
[ 11%] Building CXX object src/plugins/intel_gpu/src/graph/impls/ocl/CMakeFiles/openvino_intel_gpu_ocl_obj.dir/adaptive_pooling.cpp.o
[ 11%] Building CXX object src/plugins/intel_gpu/src/graph/impls/ocl/CMakeFiles/openvino_intel_gpu_ocl_obj.dir/bucketize.cpp.o
[ 11%] Building CXX object src/plugins/intel_gpu/src/graph/impls/ocl/CMakeFiles/openvino_intel_gpu_ocl_obj.dir/concatenation.cpp.o
[ 11%] Building CXX object src/plugins/intel_gpu/src/graph/impls/ocl/CMakeFiles/openvino_intel_gpu_ocl_obj.dir/broadcast.cpp.o
[ 11%] Building CXX object src/plugins/intel_gpu/src/graph/impls/ocl/CMakeFiles/openvino_intel_gpu_ocl_obj.dir/border.cpp.o
[ 13%] Building CXX object src/plugins/intel_gpu/src/graph/impls/ocl/CMakeFiles/openvino_intel_gpu_ocl_obj.dir/convert_color.cpp.o
[ 13%] Building CXX object src/plugins/intel_gpu/src/graph/impls/ocl/CMakeFiles/openvino_intel_gpu_ocl_obj.dir/convolution.cpp.o
[ 13%] Building CXX object src/plugins/intel_gpu/src/graph/impls/ocl/CMakeFiles/openvino_intel_gpu_ocl_obj.dir/cum_sum.cpp.o
[ 13%] Building CXX object src/plugins/intel_gpu/src/graph/impls/ocl/CMakeFiles/openvino_intel_gpu_ocl_obj.dir/ctc_greedy_decoder.cpp.o
[ 13%] Building CXX object src/plugins/intel_gpu/src/graph/impls/ocl/CMakeFiles/openvino_intel_gpu_ocl_obj.dir/crop.cpp.o
[ 19%] Built target openvino_lp_transformations_obj
[ 19%] Building CXX object src/plugins/intel_gpu/src/graph/impls/ocl/CMakeFiles/openvino_intel_gpu_ocl_obj.dir/custom_primitive.cpp.o
[ 36%] Built target openvino_transformations_obj
[ 38%] Building CXX object src/plugins/intel_gpu/src/graph/impls/ocl/CMakeFiles/openvino_intel_gpu_ocl_obj.dir/deconvolution.cpp.o
[ 55%] Built target openvino_core_obj
[ 55%] Built target openvino
[ 55%] Building CXX object src/plugins/intel_gpu/src/graph/impls/ocl/CMakeFiles/openvino_intel_gpu_ocl_obj.dir/depth_to_space.cpp.o
[ 55%] Building CXX object src/plugins/intel_gpu/src/graph/impls/ocl/CMakeFiles/openvino_intel_gpu_ocl_obj.dir/detection_output.cpp.o
[ 55%] Building CXX object src/plugins/intel_gpu/src/graph/impls/ocl/CMakeFiles/openvino_intel_gpu_ocl_obj.dir/dft.cpp.o
[ 55%] Built target openvino_intel_gpu_runtime
[ 55%] Generating /home/chaofan/model_benchmark/benchmark/openvino/build/src/plugins/intel_gpu/src/kernel_selector/codegen/cache/ks_primitive_db.inc ...
processing /home/chaofan/model_benchmark/benchmark/openvino/src/plugins/intel_gpu/src/kernel_selector/cl_kernels/broadcast_gpu_ref.cl
processing /home/chaofan/model_benchmark/benchmark/openvino/src/plugins/intel_gpu/src/kernel_selector/cl_kernels/gather_ref.cl
processing /home/chaofan/model_benchmark/benchmark/openvino/src/plugins/intel_gpu/src/kernel_selector/cl_kernels/reduce_simple_to_scalar.cl
processing /home/chaofan/model_benchmark/benchmark/openvino/src/plugins/intel_gpu/src/kernel_selector/cl_kernels/convolution_gpu_imad.cl
processing /home/chaofan/model_benchmark/benchmark/openvino/src/plugins/intel_gpu/src/kernel_selector/cl_kernels/pooling_gpu_byxf_padding_opt.cl
processing /home/chaofan/model_benchmark/benchmark/openvino/src/plugins/intel_gpu/src/kernel_selector/cl_kernels/fully_connected_gpu_fb_io_ref.cl
processing /home/chaofan/model_benchmark/benchmark/openvino/src/plugins/intel_gpu/src/kernel_selector/cl_kernels/pooling_gpu_int8_ref.cl
processing /home/chaofan/model_benchmark/benchmark/openvino/src/plugins/intel_gpu/src/kernel_selector/cl_kernels/convolution_gpu_bfyx_1x1.cl
processing /home/chaofan/model_benchmark/benchmark/openvino/src/plugins/intel_gpu/src/kernel_selector/cl_kernels/one_hot_ref.cl
processing /home/chaofan/model_benchmark/benchmark/openvino/src/plugins/intel_gpu/src/kernel_selector/cl_kernels/eltwise_simple_vload8.cl
processing /home/chaofan/model_benchmark/benchmark/openvino/src/plugins/intel_gpu/src/kernel_selector/cl_kernels/convolution_gpu_bfyx_depthwise_weights_lwg.cl
processing /home/chaofan/model_benchmark/benchmark/openvino/src/plugins/intel_gpu/src/kernel_selector/cl_kernels/convolution_gpu_fs_byx_fsv32_depthwise.cl
processing /home/chaofan/model_benchmark/benchmark/openvino/src/plugins/intel_gpu/src/kernel_selector/cl_kernels/batch_to_space_ref.cl
processing /home/chaofan/model_benchmark/benchmark/openvino/src/plugins/intel_gpu/src/kernel_selector/cl_kernels/fully_connected_gpu_bf_tiled.cl
processing /home/chaofan/model_benchmark/benchmark/openvino/src/plugins/intel_gpu/src/kernel_selector/cl_kernels/softmax_gpu_fb.cl
processing /home/chaofan/model_benchmark/benchmark/openvino/src/plugins/intel_gpu/src/kernel_selector/cl_kernels/eye_ref.cl
processing /home/chaofan/model_benchmark/benchmark/openvino/src/plugins/intel_gpu/src/kernel_selector/cl_kernels/convolution_gpu_yxfb_yxio_b1_block_multiple_x_fp32.cl
processing /home/chaofan/model_benchmark/benchmark/openvino/src/plugins/intel_gpu/src/kernel_selector/cl_kernels/reorder_data_to_yxfb_batched.cl
processing /home/chaofan/model_benchmark/benchmark/openvino/src/plugins/intel_gpu/src/kernel_selector/cl_kernels/adaptive_pooling_gpu_ref.cl
processing /home/chaofan/model_benchmark/benchmark/openvino/src/plugins/intel_gpu/src/kernel_selector/cl_kernels/lrn_gpu_across_channel_multiple_features.cl
processing /home/chaofan/model_benchmark/benchmark/openvino/src/plugins/intel_gpu/src/kernel_selector/cl_kernels/stft_ref.cl
processing /home/chaofan/model_benchmark/benchmark/openvino/src/plugins/intel_gpu/src/kernel_selector/cl_kernels/roll_ref.cl
processing /home/chaofan/model_benchmark/benchmark/openvino/src/plugins/intel_gpu/src/kernel_selector/cl_kernels/convert_color_ref.cl
processing /home/chaofan/model_benchmark/benchmark/openvino/src/plugins/intel_gpu/src/kernel_selector/cl_kernels/softmax_gpu_bf.cl
processing /home/chaofan/model_benchmark/benchmark/openvino/src/plugins/intel_gpu/src/kernel_selector/cl_kernels/roi_pooling_ref.cl
processing /home/chaofan/model_benchmark/benchmark/openvino/src/plugins/intel_gpu/src/kernel_selector/cl_kernels/stft_opt.cl
processing /home/chaofan/model_benchmark/benchmark/openvino/src/plugins/intel_gpu/src/kernel_selector/cl_kernels/mvn_gpu_b_fs_yx_fsv16_accumulate.cl
processing /home/chaofan/model_benchmark/benchmark/openvino/src/plugins/intel_gpu/src/kernel_selector/cl_kernels/gather_nd_ref.cl
processing /home/chaofan/model_benchmark/benchmark/openvino/src/plugins/intel_gpu/src/kernel_selector/cl_kernels/convolution_gpu_bfyx_to_fs_byx_fsv32.cl
processing /home/chaofan/model_benchmark/benchmark/openvino/src/plugins/intel_gpu/src/kernel_selector/cl_kernels/lrn_gpu_across_channel_yxfb_b8_opt.cl
processing /home/chaofan/model_benchmark/benchmark/openvino/src/plugins/intel_gpu/src/kernel_selector/cl_kernels/deconvolution_gpu_imad_along_f_tile_bfx.cl
processing /home/chaofan/model_benchmark/benchmark/openvino/src/plugins/intel_gpu/src/kernel_selector/cl_kernels/reorder_biplanar_nv12.cl
processing /home/chaofan/model_benchmark/benchmark/openvino/src/plugins/intel_gpu/src/kernel_selector/cl_kernels/fully_connected_gpu_fb_io_b8_f8_vload.cl
processing /home/chaofan/model_benchmark/benchmark/openvino/src/plugins/intel_gpu/src/kernel_selector/cl_kernels/pooling_gpu_byxf_opt.cl
processing /home/chaofan/model_benchmark/benchmark/openvino/src/plugins/intel_gpu/src/kernel_selector/cl_kernels/pooling_gpu_bfyx_block_opt.cl
processing /home/chaofan/model_benchmark/benchmark/openvino/src/plugins/intel_gpu/src/kernel_selector/cl_kernels/pooling_gpu_fs_b_yx_fsv32.cl
processing /home/chaofan/model_benchmark/benchmark/openvino/src/plugins/intel_gpu/src/kernel_selector/cl_kernels/fully_connected_gpu_fs_byx_fsv32.cl
processing /home/chaofan/model_benchmark/benchmark/openvino/src/plugins/intel_gpu/src/kernel_selector/cl_kernels/dynamic_quantize_gpu_ref.cl
processing /home/chaofan/model_benchmark/benchmark/openvino/src/plugins/intel_gpu/src/kernel_selector/cl_kernels/arg_max_min_topk_radix.cl
processing /home/chaofan/model_benchmark/benchmark/openvino/src/plugins/intel_gpu/src/kernel_selector/cl_kernels/lrn_gpu_across_channel_multiple_features_fsv16.cl
processing /home/chaofan/model_benchmark/benchmark/openvino/src/plugins/intel_gpu/src/kernel_selector/cl_kernels/convolution_gpu_b_fs_yx_fsv4_int8.cl
processing /home/chaofan/model_benchmark/benchmark/openvino/src/plugins/intel_gpu/src/kernel_selector/cl_kernels/dynamic_quantize_gpu_opt.cl
processing /home/chaofan/model_benchmark/benchmark/openvino/src/plugins/intel_gpu/src/kernel_selector/cl_kernels/lstm_cell_and_seq_ref.cl
processing /home/chaofan/model_benchmark/benchmark/openvino/src/plugins/intel_gpu/src/kernel_selector/cl_kernels/reverse_ref.cl
processing /home/chaofan/model_benchmark/benchmark/openvino/src/plugins/intel_gpu/src/kernel_selector/cl_kernels/rms_gpu_ref.cl
processing /home/chaofan/model_benchmark/benchmark/openvino/src/plugins/intel_gpu/src/kernel_selector/cl_kernels/fully_connected_gpu_bs_f_bsv8_af8_vload.cl
processing /home/chaofan/model_benchmark/benchmark/openvino/src/plugins/intel_gpu/src/kernel_selector/cl_kernels/convolution_gpu_fs_byx_fsv32_1x1.cl
processing /home/chaofan/model_benchmark/benchmark/openvino/src/plugins/intel_gpu/src/kernel_selector/cl_kernels/space_to_batch_ref.cl
processing /home/chaofan/model_benchmark/benchmark/openvino/src/plugins/intel_gpu/src/kernel_selector/cl_kernels/sparse_fill_empty_rows_ref.cl
processing /home/chaofan/model_benchmark/benchmark/openvino/src/plugins/intel_gpu/src/kernel_selector/cl_kernels/cum_sum_ref.cl
processing /home/chaofan/model_benchmark/benchmark/openvino/src/plugins/intel_gpu/src/kernel_selector/cl_kernels/reverse_sequence_ref.cl
processing /home/chaofan/model_benchmark/benchmark/openvino/src/plugins/intel_gpu/src/kernel_selector/cl_kernels/strided_slice_ref.cl
processing /home/chaofan/model_benchmark/benchmark/openvino/src/plugins/intel_gpu/src/kernel_selector/cl_kernels/fully_connected_gpu_MMAD.cl
processing /home/chaofan/model_benchmark/benchmark/openvino/src/plugins/intel_gpu/src/kernel_selector/cl_kernels/roi_pooling_ps_ref.cl
processing /home/chaofan/model_benchmark/benchmark/openvino/src/plugins/intel_gpu/src/kernel_selector/cl_kernels/fully_connected_gpu_bf_io_input_spatial.cl
processing /home/chaofan/model_benchmark/benchmark/openvino/src/plugins/intel_gpu/src/kernel_selector/cl_kernels/reorder_weights_int4.cl
processing /home/chaofan/model_benchmark/benchmark/openvino/src/plugins/intel_gpu/src/kernel_selector/cl_kernels/convolution_gpu_bfyx_1x1_hgemm_buf_16x1.cl
processing /home/chaofan/model_benchmark/benchmark/openvino/src/plugins/intel_gpu/src/kernel_selector/cl_kernels/concatenation_gpu_fs_b_yx_fsv32.cl
processing /home/chaofan/model_benchmark/benchmark/openvino/src/plugins/intel_gpu/src/kernel_selector/cl_kernels/unique_count_ref.cl
processing /home/chaofan/model_benchmark/benchmark/openvino/src/plugins/intel_gpu/src/kernel_selector/cl_kernels/mvn_gpu_ref_across_channels.cl
processing /home/chaofan/model_benchmark/benchmark/openvino/src/plugins/intel_gpu/src/kernel_selector/cl_kernels/concatenation_gpu_depth_bfyx_no_pitch.cl
processing /home/chaofan/model_benchmark/benchmark/openvino/src/plugins/intel_gpu/src/kernel_selector/cl_kernels/border_gpu_ref.cl
processing /home/chaofan/model_benchmark/benchmark/openvino/src/plugins/intel_gpu/src/kernel_selector/cl_kernels/reorder_weights_winograd_6x3_s1.cl
processing /home/chaofan/model_benchmark/benchmark/openvino/src/plugins/intel_gpu/src/kernel_selector/cl_kernels/eltwise_blocked_opt.cl
processing /home/chaofan/model_benchmark/benchmark/openvino/src/plugins/intel_gpu/src/kernel_selector/cl_kernels/pooling_gpu_ref.cl
processing /home/chaofan/model_benchmark/benchmark/openvino/src/plugins/intel_gpu/src/kernel_selector/cl_kernels/random_uniform_ref.cl
processing /home/chaofan/model_benchmark/benchmark/openvino/src/plugins/intel_gpu/src/kernel_selector/cl_kernels/gemm_mmad_int8_slm.cl
processing /home/chaofan/model_benchmark/benchmark/openvino/src/plugins/intel_gpu/src/kernel_selector/cl_kernels/resample_bfyx_cubic_opt.cl
processing /home/chaofan/model_benchmark/benchmark/openvino/src/plugins/intel_gpu/src/kernel_selector/cl_kernels/permute_bfzyx_to_bfyxz.cl
processing /home/chaofan/model_benchmark/benchmark/openvino/src/plugins/intel_gpu/src/kernel_selector/cl_kernels/shuffle_channels_ref.cl
processing /home/chaofan/model_benchmark/benchmark/openvino/src/plugins/intel_gpu/src/kernel_selector/cl_kernels/eltwise_mixed_byxf_and_fs_b_yx_fsv32.cl
processing /home/chaofan/model_benchmark/benchmark/openvino/src/plugins/intel_gpu/src/kernel_selector/cl_kernels/lrn_within_channel_byxf_opt.cl
processing /home/chaofan/model_benchmark/benchmark/openvino/src/plugins/intel_gpu/src/kernel_selector/cl_kernels/convolution_gpu_yxfb_yxio_b8_fp32.cl
processing /home/chaofan/model_benchmark/benchmark/openvino/src/plugins/intel_gpu/src/kernel_selector/cl_kernels/grn_ref.cl
processing /home/chaofan/model_benchmark/benchmark/openvino/src/plugins/intel_gpu/src/kernel_selector/cl_kernels/dynamic_quantize_gpu_kv_cache.cl
processing /home/chaofan/model_benchmark/benchmark/openvino/src/plugins/intel_gpu/src/kernel_selector/cl_kernels/convolution_gpu_bfyx_1x1_opt.cl
processing /home/chaofan/model_benchmark/benchmark/openvino/src/plugins/intel_gpu/src/kernel_selector/cl_kernels/fully_connected_gpu_bf_io_gemm.cl
processing /home/chaofan/model_benchmark/benchmark/openvino/src/plugins/intel_gpu/src/kernel_selector/cl_kernels/beam_table_update_ref.cl
processing /home/chaofan/model_benchmark/benchmark/openvino/src/plugins/intel_gpu/src/kernel_selector/cl_kernels/rms_gpu_bfyx_opt.cl
processing /home/chaofan/model_benchmark/benchmark/openvino/src/plugins/intel_gpu/src/kernel_selector/cl_kernels/gen9_common_conv_fwd_data_f32.cl
processing /home/chaofan/model_benchmark/benchmark/openvino/src/plugins/intel_gpu/src/kernel_selector/cl_kernels/generic_eltwise_ref.cl
processing /home/chaofan/model_benchmark/benchmark/openvino/src/plugins/intel_gpu/src/kernel_selector/cl_kernels/convolution_gpu_bfyx_iyxo.cl
processing /home/chaofan/model_benchmark/benchmark/openvino/src/plugins/intel_gpu/src/kernel_selector/cl_kernels/eltwise_fs_b_yx_fsv32.cl
processing /home/chaofan/model_benchmark/benchmark/openvino/src/plugins/intel_gpu/src/kernel_selector/cl_kernels/generate_proposals_ref.cl
processing /home/chaofan/model_benchmark/benchmark/openvino/src/plugins/intel_gpu/src/kernel_selector/cl_kernels/convolution_gpu_winograd_2x3_s1.cl
processing /home/chaofan/model_benchmark/benchmark/openvino/src/plugins/intel_gpu/src/kernel_selector/cl_kernels/permute_tile_8x8_4x4_fsv.cl
processing /home/chaofan/model_benchmark/benchmark/openvino/src/plugins/intel_gpu/src/kernel_selector/cl_kernels/activation_opt.cl
processing /home/chaofan/model_benchmark/benchmark/openvino/src/plugins/intel_gpu/src/kernel_selector/cl_kernels/resample_ref.cl
processing /home/chaofan/model_benchmark/benchmark/openvino/src/plugins/intel_gpu/src/kernel_selector/cl_kernels/fully_connected_gpu_gemv.cl
processing /home/chaofan/model_benchmark/benchmark/openvino/src/plugins/intel_gpu/src/kernel_selector/cl_kernels/resample_pil_ref.cl
processing /home/chaofan/model_benchmark/benchmark/openvino/src/plugins/intel_gpu/src/kernel_selector/cl_kernels/resample_onnx.cl
processing /home/chaofan/model_benchmark/benchmark/openvino/src/plugins/intel_gpu/src/kernel_selector/cl_kernels/gather_elements_ref.cl
processing /home/chaofan/model_benchmark/benchmark/openvino/src/plugins/intel_gpu/src/kernel_selector/cl_kernels/mvn_gpu_b_fs_yx_bsv32.cl
processing /home/chaofan/model_benchmark/benchmark/openvino/src/plugins/intel_gpu/src/kernel_selector/cl_kernels/count_nonzero_ref.cl
processing /home/chaofan/model_benchmark/benchmark/openvino/src/plugins/intel_gpu/src/kernel_selector/cl_kernels/reorder_weights_image_2d_c4_fyx_b.cl
processing /home/chaofan/model_benchmark/benchmark/openvino/src/plugins/intel_gpu/src/kernel_selector/cl_kernels/convolution_gpu_mmad_b_fs_yx_fsv32.cl
processing /home/chaofan/model_benchmark/benchmark/openvino/src/plugins/intel_gpu/src/kernel_selector/cl_kernels/depth_to_space_ref.cl
processing /home/chaofan/model_benchmark/benchmark/openvino/src/plugins/intel_gpu/src/kernel_selector/cl_kernels/mvn_gpu_b_fs_yx_fsv16.cl
processing /home/chaofan/model_benchmark/benchmark/openvino/src/plugins/intel_gpu/src/kernel_selector/cl_kernels/fully_connected_gpu_bs_f_bsv16_b1.cl
processing /home/chaofan/model_benchmark/benchmark/openvino/src/plugins/intel_gpu/src/kernel_selector/cl_kernels/grid_sample_ref.cl
processing /home/chaofan/model_benchmark/benchmark/openvino/src/plugins/intel_gpu/src/kernel_selector/cl_kernels/deformable_convolution_gpu_bfyx_opt.cl
processing /home/chaofan/model_benchmark/benchmark/openvino/src/plugins/intel_gpu/src/kernel_selector/cl_kernels/reorder_fs_b_yx_fsv32_to_bfyx.cl
processing /home/chaofan/model_benchmark/benchmark/openvino/src/plugins/intel_gpu/src/kernel_selector/cl_kernels/normalize_gpu_across_spatial_ref.cl
processing /home/chaofan/model_benchmark/benchmark/openvino/src/plugins/intel_gpu/src/kernel_selector/cl_kernels/dft_ref.cl
processing /home/chaofan/model_benchmark/benchmark/openvino/src/plugins/intel_gpu/src/kernel_selector/cl_kernels/gemm_tiled_opt.cl
processing /home/chaofan/model_benchmark/benchmark/openvino/src/plugins/intel_gpu/src/kernel_selector/cl_kernels/fully_connected_gpu_imad.cl
processing /home/chaofan/model_benchmark/benchmark/openvino/src/plugins/intel_gpu/src/kernel_selector/cl_kernels/gen9_common_conv_fwd_data_f16.cl
processing /home/chaofan/model_benchmark/benchmark/openvino/src/plugins/intel_gpu/src/kernel_selector/cl_kernels/embedding_bag_ref.cl
processing /home/chaofan/model_benchmark/benchmark/openvino/src/plugins/intel_gpu/src/kernel_selector/cl_kernels/reshape_ref.cl
processing /home/chaofan/model_benchmark/benchmark/openvino/src/plugins/intel_gpu/src/kernel_selector/cl_kernels/convolution_gpu_mmad_b_fs_yx_fsv32_dw.cl
processing /home/chaofan/model_benchmark/benchmark/openvino/src/plugins/intel_gpu/src/kernel_selector/cl_kernels/grid_sample_opt_bilinear_zeros.cl
processing /home/chaofan/model_benchmark/benchmark/openvino/src/plugins/intel_gpu/src/kernel_selector/cl_kernels/convolution_gpu_b_fs_yx_fsv16_imad_1x1.cl
processing /home/chaofan/model_benchmark/benchmark/openvino/src/plugins/intel_gpu/src/kernel_selector/cl_kernels/lrn_gpu_within_channel_opt.cl
processing /home/chaofan/model_benchmark/benchmark/openvino/src/plugins/intel_gpu/src/kernel_selector/cl_kernels/convolution_gpu_bfyx_f16_depthwise.cl
processing /home/chaofan/model_benchmark/benchmark/openvino/src/plugins/intel_gpu/src/kernel_selector/cl_kernels/gemm_mmad_int8.cl
processing /home/chaofan/model_benchmark/benchmark/openvino/src/plugins/intel_gpu/src/kernel_selector/cl_kernels/experimental_detectron_topk_rois_ref.cl
processing /home/chaofan/model_benchmark/benchmark/openvino/src/plugins/intel_gpu/src/kernel_selector/cl_kernels/prior_box_ref.cl
processing /home/chaofan/model_benchmark/benchmark/openvino/src/plugins/intel_gpu/src/kernel_selector/cl_kernels/matrix_nms_ref.cl[ 55%] Building CXX object src/plugins/intel_gpu/src/graph/impls/ocl/CMakeFiles/openvino_intel_gpu_ocl_obj.dir/dynamic_quantize.cpp.o

processing /home/chaofan/model_benchmark/benchmark/openvino/src/plugins/intel_gpu/src/kernel_selector/cl_kernels/gather_tree_gpu_ref.cl
processing /home/chaofan/model_benchmark/benchmark/openvino/src/plugins/intel_gpu/src/kernel_selector/cl_kernels/convolution_gpu_b_fs_yx_fsv_16_32_imad_dw.cl
processing /home/chaofan/model_benchmark/benchmark/openvino/src/plugins/intel_gpu/src/kernel_selector/cl_kernels/experimental_detectron_detection_output_ref.cl
processing /home/chaofan/model_benchmark/benchmark/openvino/src/plugins/intel_gpu/src/kernel_selector/cl_kernels/gather_nonzero_group.cl
processing /home/chaofan/model_benchmark/benchmark/openvino/src/plugins/intel_gpu/src/kernel_selector/cl_kernels/deformable_convolution_gpu_bfyx_ref.cl
processing /home/chaofan/model_benchmark/benchmark/openvino/src/plugins/intel_gpu/src/kernel_selector/cl_kernels/convolution_gpu_bfyx_f16_1x1.cl
processing /home/chaofan/model_benchmark/benchmark/openvino/src/plugins/intel_gpu/src/kernel_selector/cl_kernels/quantize_gpu_ref.cl
processing /home/chaofan/model_benchmark/benchmark/openvino/src/plugins/intel_gpu/src/kernel_selector/cl_kernels/istft_ref.cl
processing /home/chaofan/model_benchmark/benchmark/openvino/src/plugins/intel_gpu/src/kernel_selector/cl_kernels/deconvolution_gpu_imad_ref.cl
processing /home/chaofan/model_benchmark/benchmark/openvino/src/plugins/intel_gpu/src/kernel_selector/cl_kernels/reorder_data.cl
processing /home/chaofan/model_benchmark/benchmark/openvino/src/plugins/intel_gpu/src/kernel_selector/cl_kernels/reorder_data_fast_b1.cl
processing /home/chaofan/model_benchmark/benchmark/openvino/src/plugins/intel_gpu/src/kernel_selector/cl_kernels/convolution_gpu_bfyx_to_bs_fs_yx_bsv16_fsv16.cl
processing /home/chaofan/model_benchmark/benchmark/openvino/src/plugins/intel_gpu/src/kernel_selector/cl_kernels/concatenation_gpu_simple_ref.cl
processing /home/chaofan/model_benchmark/benchmark/openvino/src/plugins/intel_gpu/src/kernel_selector/cl_kernels/softmax_gpu_items_class_optimized.cl
processing /home/chaofan/model_benchmark/benchmark/openvino/src/plugins/intel_gpu/src/kernel_selector/cl_kernels/unique_gather_ref.cl
processing /home/chaofan/model_benchmark/benchmark/openvino/src/plugins/intel_gpu/src/kernel_selector/cl_kernels/fully_connected_gpu_bf_io_ref.cl
processing /home/chaofan/model_benchmark/benchmark/openvino/src/plugins/intel_gpu/src/kernel_selector/cl_kernels/permute_tile_8x8_4x4.cl
processing /home/chaofan/model_benchmark/benchmark/openvino/src/plugins/intel_gpu/src/kernel_selector/cl_kernels/convolution_gpu_bfyx_gemm_like_fp16.cl
processing /home/chaofan/model_benchmark/benchmark/openvino/src/plugins/intel_gpu/src/kernel_selector/cl_kernels/detection_output_gpu_ref.cl
processing /home/chaofan/model_benchmark/benchmark/openvino/src/plugins/intel_gpu/src/kernel_selector/cl_kernels/fully_connected_gpu_fb_io_block_fp16.cl
processing /home/chaofan/model_benchmark/benchmark/openvino/src/plugins/intel_gpu/src/kernel_selector/cl_kernels/swiglu_gpu_opt.cl
processing /home/chaofan/model_benchmark/benchmark/openvino/src/plugins/intel_gpu/src/kernel_selector/cl_kernels/pooling_gpu_bsv16_fsv16.cl
processing /home/chaofan/model_benchmark/benchmark/openvino/src/plugins/intel_gpu/src/kernel_selector/cl_kernels/reduce_ref.cl
processing /home/chaofan/model_benchmark/benchmark/openvino/src/plugins/intel_gpu/src/kernel_selector/cl_kernels/convolution_gpu_fs_byx_fsv32.cl
processing /home/chaofan/model_benchmark/benchmark/openvino/src/plugins/intel_gpu/src/kernel_selector/cl_kernels/permute_f_y_axes.cl
processing /home/chaofan/model_benchmark/benchmark/openvino/src/plugins/intel_gpu/src/kernel_selector/cl_kernels/mvn_gpu_bfyx_opt.cl
processing /home/chaofan/model_benchmark/benchmark/openvino/src/plugins/intel_gpu/src/kernel_selector/cl_kernels/fully_connected_gpu_bfyx_ref.cl
processing /home/chaofan/model_benchmark/benchmark/openvino/src/plugins/intel_gpu/src/kernel_selector/cl_kernels/multinomial_ref.cl
processing /home/chaofan/model_benchmark/benchmark/openvino/src/plugins/intel_gpu/src/kernel_selector/cl_kernels/convolution_gpu_bfyx_gemm_like_fp32.cl
processing /home/chaofan/model_benchmark/benchmark/openvino/src/plugins/intel_gpu/src/kernel_selector/cl_kernels/search_sorted_ref.cl
processing /home/chaofan/model_benchmark/benchmark/openvino/src/plugins/intel_gpu/src/kernel_selector/cl_kernels/fully_connected_gpu_bf_tiled_dyn_b.cl
processing /home/chaofan/model_benchmark/benchmark/openvino/src/plugins/intel_gpu/src/kernel_selector/cl_kernels/convolution_gpu_b_fs_yx_fsv4_dw.cl
processing /home/chaofan/model_benchmark/benchmark/openvino/src/plugins/intel_gpu/src/kernel_selector/cl_kernels/experimental_detectron_generate_proposals_single_image_ref.cl
processing /home/chaofan/model_benchmark/benchmark/openvino/src/plugins/intel_gpu/src/kernel_selector/cl_kernels/non_max_suppression_gpu_ref.cl
processing /home/chaofan/model_benchmark/benchmark/openvino/src/plugins/intel_gpu/src/kernel_selector/cl_kernels/gather_nonzero_ref.cl
processing /home/chaofan/model_benchmark/benchmark/openvino/src/plugins/intel_gpu/src/kernel_selector/cl_kernels/quantize_gpu_scale_shift_opt.cl
processing /home/chaofan/model_benchmark/benchmark/openvino/src/plugins/intel_gpu/src/kernel_selector/cl_kernels/convolution_gpu_ref.cl
processing /home/chaofan/model_benchmark/benchmark/openvino/src/plugins/intel_gpu/src/kernel_selector/cl_kernels/reorder_from_winograd_2x3_s1.cl
processing /home/chaofan/model_benchmark/benchmark/openvino/src/plugins/intel_gpu/src/kernel_selector/cl_kernels/concatenation_gpu_blocked.cl
processing /home/chaofan/model_benchmark/benchmark/openvino/src/plugins/intel_gpu/src/kernel_selector/cl_kernels/convolution_gpu_b_fs_yx_fsv4_1x1.cl
processing /home/chaofan/model_benchmark/benchmark/openvino/src/plugins/intel_gpu/src/kernel_selector/cl_kernels/reorder_data_b_fs_yx_fsv16_fsv32_to_bfyx.cl
processing /home/chaofan/model_benchmark/benchmark/openvino/src/plugins/intel_gpu/src/kernel_selector/cl_kernels/reorder_weights_image_winograd_6x3_s1.cl
processing /home/chaofan/model_benchmark/benchmark/openvino/src/plugins/intel_gpu/src/kernel_selector/cl_kernels/convolution_gpu_bfyx_to_bfyx_f16.cl
processing /home/chaofan/model_benchmark/benchmark/openvino/src/plugins/intel_gpu/src/kernel_selector/cl_kernels/concatenation_gpu_b_fs_yx_fsv32.cl
processing /home/chaofan/model_benchmark/benchmark/openvino/src/plugins/intel_gpu/src/kernel_selector/cl_kernels/region_yolo_gpu_ref.cl
processing /home/chaofan/model_benchmark/benchmark/openvino/src/plugins/intel_gpu/src/kernel_selector/cl_kernels/space_to_depth_ref.cl
processing /home/chaofan/model_benchmark/benchmark/openvino/src/plugins/intel_gpu/src/kernel_selector/cl_kernels/convolution_gpu_winograd_6x3_s1_fused.cl
processing /home/chaofan/model_benchmark/benchmark/openvino/src/plugins/intel_gpu/src/kernel_selector/cl_kernels/bucketize_ref.cl
processing /home/chaofan/model_benchmark/benchmark/openvino/src/plugins/intel_gpu/src/kernel_selector/cl_kernels/reduce_gpu_b_fs_yx_fsv16.cl
processing /home/chaofan/model_benchmark/benchmark/openvino/src/plugins/intel_gpu/src/kernel_selector/cl_kernels/reorder_data_fsv.cl
processing /home/chaofan/model_benchmark/benchmark/openvino/src/plugins/intel_gpu/src/kernel_selector/cl_kernels/deconvolution_gpu_imad_common.cl
processing /home/chaofan/model_benchmark/benchmark/openvino/src/plugins/intel_gpu/src/kernel_selector/cl_kernels/mvn_gpu_ref_within_channels.cl
processing /home/chaofan/model_benchmark/benchmark/openvino/src/plugins/intel_gpu/src/kernel_selector/cl_kernels/reorg_yolo_gpu_ref.cl
processing /home/chaofan/model_benchmark/benchmark/openvino/src/plugins/intel_gpu/src/kernel_selector/cl_kernels/arg_max_min_gpu_ref.cl
processing /home/chaofan/model_benchmark/benchmark/openvino/src/plugins/intel_gpu/src/kernel_selector/cl_kernels/quantize_gpu_scale_shift_vload8_opt.cl
processing /home/chaofan/model_benchmark/benchmark/openvino/src/plugins/intel_gpu/src/kernel_selector/cl_kernels/convolution_gpu_winograd_2x3_s1_fused.cl
processing /home/chaofan/model_benchmark/benchmark/openvino/src/plugins/intel_gpu/src/kernel_selector/cl_kernels/fully_connected_gpu_yxfb_ref.cl
processing /home/chaofan/model_benchmark/benchmark/openvino/src/plugins/intel_gpu/src/kernel_selector/cl_kernels/select_gpu_ref.cl
processing /home/chaofan/model_benchmark/benchmark/openvino/src/plugins/intel_gpu/src/kernel_selector/cl_kernels/ctc_greedy_decoder_ref.cl
processing /home/chaofan/model_benchmark/benchmark/openvino/src/plugins/intel_gpu/src/kernel_selector/cl_kernels/experimental_detectron_prior_grid_generator_ref.cl
processing /home/chaofan/model_benchmark/benchmark/openvino/src/plugins/intel_gpu/src/kernel_selector/cl_kernels/convolution_gpu_yxfb_ref.cl
processing /home/chaofan/model_benchmark/benchmark/openvino/src/plugins/intel_gpu/src/kernel_selector/cl_kernels/gemm_ref.cl
processing /home/chaofan/model_benchmark/benchmark/openvino/src/plugins/intel_gpu/src/kernel_selector/cl_kernels/pooling_gpu_blocked.cl
processing /home/chaofan/model_benchmark/benchmark/openvino/src/plugins/intel_gpu/src/kernel_selector/cl_kernels/depth_to_space_block2_opt.cl
processing /home/chaofan/model_benchmark/benchmark/openvino/src/plugins/intel_gpu/src/kernel_selector/cl_kernels/arg_max_min_axis.cl
processing /home/chaofan/model_benchmark/benchmark/openvino/src/plugins/intel_gpu/src/kernel_selector/cl_kernels/pooling_gpu_b_fs_zyx_fsv16_imad.cl
processing /home/chaofan/model_benchmark/benchmark/openvino/src/plugins/intel_gpu/src/kernel_selector/cl_kernels/permute_xy_swap.cl
processing /home/chaofan/model_benchmark/benchmark/openvino/src/plugins/intel_gpu/src/kernel_selector/cl_kernels/convolution_gpu_imad_bs_fs_yx_bsv16_fsv16_1x1.cl
processing /home/chaofan/model_benchmark/benchmark/openvino/src/plugins/intel_gpu/src/kernel_selector/cl_kernels/convolution_gpu_yxfb_yxio_b16_fp16.cl
processing /home/chaofan/model_benchmark/benchmark/openvino/src/plugins/intel_gpu/src/kernel_selector/cl_kernels/cum_sum_partial_sum.cl
processing /home/chaofan/model_benchmark/benchmark/openvino/src/plugins/intel_gpu/src/kernel_selector/cl_kernels/reorder_to_winograd_2x3_s1.cl
processing /home/chaofan/model_benchmark/benchmark/openvino/src/plugins/intel_gpu/src/kernel_selector/cl_kernels/pooling_gpu_b_fs_yx_fsv4.cl
processing /home/chaofan/model_benchmark/benchmark/openvino/src/plugins/intel_gpu/src/kernel_selector/cl_kernels/convolution_gpu_yxfb_yxio_b16_fp32.cl
processing /home/chaofan/model_benchmark/benchmark/openvino/src/plugins/intel_gpu/src/kernel_selector/cl_kernels/convolution_gpu_mmad_bfyx_to_b_fs_yx_fsv32.cl
processing /home/chaofan/model_benchmark/benchmark/openvino/src/plugins/intel_gpu/src/kernel_selector/cl_kernels/gen9_common_conv_bwd_data.cl
processing /home/chaofan/model_benchmark/benchmark/openvino/src/plugins/intel_gpu/src/kernel_selector/cl_kernels/multiclass_nms_ref.cl
processing /home/chaofan/model_benchmark/benchmark/openvino/src/plugins/intel_gpu/src/kernel_selector/cl_kernels/convolution_gpu_b_fs_zyx_fsv16_imad.cl
processing /home/chaofan/model_benchmark/benchmark/openvino/src/plugins/intel_gpu/src/kernel_selector/cl_kernels/convolution_gpu_bfyx_direct_10_12_16.cl
processing /home/chaofan/model_benchmark/benchmark/openvino/src/plugins/intel_gpu/src/kernel_selector/cl_kernels/mvn_gpu_b_fs_yx_fsv16_reduce.cl
processing /home/chaofan/model_benchmark/benchmark/openvino/src/plugins/intel_gpu/src/kernel_selector/cl_kernels/experimental_detectron_roi_feature_extractor_ref.cl
processing /home/chaofan/model_benchmark/benchmark/openvino/src/plugins/intel_gpu/src/kernel_selector/cl_kernels/scatter_elements_update_ref.cl
processing /home/chaofan/model_benchmark/benchmark/openvino/src/plugins/intel_gpu/src/kernel_selector/cl_kernels/convolution_gpu_bfyx_f16.cl
processing /home/chaofan/model_benchmark/benchmark/openvino/src/plugins/intel_gpu/src/kernel_selector/cl_kernels/slice_ref.cl
processing /home/chaofan/model_benchmark/benchmark/openvino/src/plugins/intel_gpu/src/kernel_selector/cl_kernels/reorder_weights_opt.cl
processing /home/chaofan/model_benchmark/benchmark/openvino/src/plugins/intel_gpu/src/kernel_selector/cl_kernels/arg_max_min_opt.cl
processing /home/chaofan/model_benchmark/benchmark/openvino/src/plugins/intel_gpu/src/kernel_selector/cl_kernels/pooling_gpu_bs_fs_yx_bsv16_fsv16.cl
processing /home/chaofan/model_benchmark/benchmark/openvino/src/plugins/intel_gpu/src/kernel_selector/cl_kernels/range_ref.cl
processing /home/chaofan/model_benchmark/benchmark/openvino/src/plugins/intel_gpu/src/kernel_selector/cl_kernels/scatter_update_ref.cl
processing /home/chaofan/model_benchmark/benchmark/openvino/src/plugins/intel_gpu/src/kernel_selector/cl_kernels/lrn_gpu_within_channel.cl
processing /home/chaofan/model_benchmark/benchmark/openvino/src/plugins/intel_gpu/src/kernel_selector/cl_kernels/fully_connected_gpu_fb_oi_ref.cl
processing /home/chaofan/model_benchmark/benchmark/openvino/src/plugins/intel_gpu/src/kernel_selector/cl_kernels/deconvolution_gpu_b_fs_zyx_fsv16_dw.cl
processing /home/chaofan/model_benchmark/benchmark/openvino/src/plugins/intel_gpu/src/kernel_selector/cl_kernels/convolution_gpu_bfyx_os_iyx_osv32.cl
processing /home/chaofan/model_benchmark/benchmark/openvino/src/plugins/intel_gpu/src/kernel_selector/cl_kernels/tile_ref.cl
processing /home/chaofan/model_benchmark/benchmark/openvino/src/plugins/intel_gpu/src/kernel_selector/cl_kernels/lstm_cell_and_seq_bfyx.cl
processing /home/chaofan/model_benchmark/benchmark/openvino/src/plugins/intel_gpu/src/kernel_selector/cl_kernels/deconvolution_gpu_bfyx_opt.cl
processing /home/chaofan/model_benchmark/benchmark/openvino/src/plugins/intel_gpu/src/kernel_selector/cl_kernels/softmax_gpu_ref.cl
processing /home/chaofan/model_benchmark/benchmark/openvino/src/plugins/intel_gpu/src/kernel_selector/cl_kernels/deconvolution_gpu_ref.cl
processing /home/chaofan/model_benchmark/benchmark/openvino/src/plugins/intel_gpu/src/kernel_selector/cl_kernels/activation_ref.cl
processing /home/chaofan/model_benchmark/benchmark/openvino/src/plugins/intel_gpu/src/kernel_selector/cl_kernels/swiglu_gpu_ref.cl
processing /home/chaofan/model_benchmark/benchmark/openvino/src/plugins/intel_gpu/src/kernel_selector/cl_kernels/lrn_gpu_across_channel_ref.cl
processing /home/chaofan/model_benchmark/benchmark/openvino/src/plugins/intel_gpu/src/kernel_selector/cl_kernels/convolution_gpu_imad_bs_fs_yx_bsv16_fsv16_3x3.cl
processing /home/chaofan/model_benchmark/benchmark/openvino/src/plugins/intel_gpu/src/kernel_selector/cl_kernels/lrn_ref.cl
processing /home/chaofan/model_benchmark/benchmark/openvino/src/plugins/intel_gpu/src/kernel_selector/cl_kernels/reorder_weights_winograd_2x3_s1.cl
processing /home/chaofan/model_benchmark/benchmark/openvino/src/plugins/intel_gpu/src/kernel_selector/cl_kernels/normalize_gpu_within_spatial_ref.cl
processing /home/chaofan/model_benchmark/benchmark/openvino/src/plugins/intel_gpu/src/kernel_selector/cl_kernels/fully_connected_gpu_fb_oi_b8_fp32_ref.cl
processing /home/chaofan/model_benchmark/benchmark/openvino/src/plugins/intel_gpu/src/kernel_selector/cl_kernels/reorder_weights.cl
processing /home/chaofan/model_benchmark/benchmark/openvino/src/plugins/intel_gpu/src/kernel_selector/cl_kernels/resample_opt.cl
processing /home/chaofan/model_benchmark/benchmark/openvino/src/plugins/intel_gpu/src/kernel_selector/cl_kernels/reorder_data_bfyx_to_blocked_format.cl
processing /home/chaofan/model_benchmark/benchmark/openvino/src/plugins/intel_gpu/src/kernel_selector/cl_kernels/permute_ref.cl
processing /home/chaofan/model_benchmark/benchmark/openvino/src/plugins/intel_gpu/src/kernel_selector/cl_kernels/fully_connected_gpu_bs_f_bsv16_af8_vload.cl
processing /home/chaofan/model_benchmark/benchmark/openvino/src/plugins/intel_gpu/src/kernel_selector/cl_kernels/roi_align_ref.cl
processing /home/chaofan/model_benchmark/benchmark/openvino/src/plugins/intel_gpu/src/kernel_selector/cl_kernels/extract_image_patches_ref.cl
processing /home/chaofan/model_benchmark/benchmark/openvino/src/plugins/intel_gpu/src/kernel_selector/cl_kernels/convolution_gpu_bfyx_os_iyx_osv16.cl
processing /home/chaofan/model_benchmark/benchmark/openvino/src/plugins/intel_gpu/src/kernel_selector/cl_kernels/concatenation_gpu_ref.cl
processing /home/chaofan/model_benchmark/benchmark/openvino/src/plugins/intel_gpu/src/kernel_selector/cl_kernels/convolution_gpu_mmad_bfyx_to_b_fs_yx_fsv4.cl
[ 55%] Updating file if the file changed (ks_primitive_db.inc) ...
[ 55%] Building CXX object src/plugins/intel_gpu/src/kernel_selector/CMakeFiles/openvino_intel_gpu_kernels.dir/kernels/dynamic_quantize/dynamic_quantize_kernel_opt.cpp.o
[ 55%] Building CXX object src/plugins/intel_gpu/src/kernel_selector/CMakeFiles/openvino_intel_gpu_kernels.dir/kernels/dynamic_quantize/dynamic_quantize_kernel_opt_kv_cache.cpp.o
[ 55%] Building CXX object src/plugins/intel_gpu/src/graph/impls/ocl/CMakeFiles/openvino_intel_gpu_ocl_obj.dir/eltwise.cpp.o
[ 55%] Building CXX object src/plugins/intel_gpu/src/graph/impls/ocl/CMakeFiles/openvino_intel_gpu_ocl_obj.dir/embedding_bag.cpp.o
[ 55%] Building CXX object src/plugins/intel_gpu/src/graph/impls/ocl/CMakeFiles/openvino_intel_gpu_ocl_obj.dir/experimental_detectron_detection_output.cpp.o
[ 55%] Building CXX object src/plugins/intel_gpu/src/kernel_selector/CMakeFiles/openvino_intel_gpu_kernels.dir/kernels/dynamic_quantize/dynamic_quantize_kernel_ref.cpp.o
[ 58%] Building CXX object src/plugins/intel_gpu/src/kernel_selector/CMakeFiles/openvino_intel_gpu_kernels.dir/kernels/dynamic_quantize/dynamic_quantize_kernel_selector.cpp.o
[ 58%] Building CXX object src/plugins/intel_gpu/src/graph/impls/ocl/CMakeFiles/openvino_intel_gpu_ocl_obj.dir/experimental_detectron_generate_proposals_single_image.cpp.o
[ 58%] Building CXX object src/plugins/intel_gpu/src/graph/impls/ocl/CMakeFiles/openvino_intel_gpu_ocl_obj.dir/experimental_detectron_prior_grid_generator.cpp.o
[ 58%] Building CXX object src/plugins/intel_gpu/src/kernel_selector/CMakeFiles/openvino_intel_gpu_kernels.dir/primitive_db.cpp.o
[ 58%] Building CXX object src/plugins/intel_gpu/src/graph/impls/ocl/CMakeFiles/openvino_intel_gpu_ocl_obj.dir/experimental_detectron_roi_feature_extractor.cpp.o
[ 58%] Building CXX object src/plugins/intel_gpu/src/graph/impls/ocl/CMakeFiles/openvino_intel_gpu_ocl_obj.dir/experimental_detectron_topk_rois.cpp.o
[ 58%] Building CXX object src/plugins/intel_gpu/src/graph/impls/ocl/CMakeFiles/openvino_intel_gpu_ocl_obj.dir/extract_image_patches.cpp.o
[ 58%] Building CXX object src/plugins/intel_gpu/src/graph/impls/ocl/CMakeFiles/openvino_intel_gpu_ocl_obj.dir/eye.cpp.o
[ 58%] Building CXX object src/plugins/intel_gpu/src/graph/impls/ocl/CMakeFiles/openvino_intel_gpu_ocl_obj.dir/fully_connected.cpp.o
[ 58%] Building CXX object src/plugins/intel_gpu/src/graph/impls/ocl/CMakeFiles/openvino_intel_gpu_ocl_obj.dir/gather.cpp.o
[ 58%] Building CXX object src/plugins/intel_gpu/src/graph/impls/ocl/CMakeFiles/openvino_intel_gpu_ocl_obj.dir/gather_elements.cpp.o
[ 58%] Linking CXX static library /home/chaofan/model_benchmark/benchmark/openvino/bin/intel64/Release/libopenvino_intel_gpu_kernels.a
[ 75%] Built target openvino_intel_gpu_kernels
[ 75%] Building CXX object src/plugins/intel_gpu/src/graph/impls/ocl/CMakeFiles/openvino_intel_gpu_ocl_obj.dir/gather_nd.cpp.o
[ 75%] Building CXX object src/plugins/intel_gpu/src/graph/impls/ocl/CMakeFiles/openvino_intel_gpu_ocl_obj.dir/gather_tree.cpp.o
[ 75%] Building CXX object src/plugins/intel_gpu/src/graph/impls/ocl/CMakeFiles/openvino_intel_gpu_ocl_obj.dir/gemm.cpp.o
[ 75%] Building CXX object src/plugins/intel_gpu/src/graph/impls/ocl/CMakeFiles/openvino_intel_gpu_ocl_obj.dir/generate_proposals.cpp.o
[ 75%] Building CXX object src/plugins/intel_gpu/src/graph/impls/ocl/CMakeFiles/openvino_intel_gpu_ocl_obj.dir/grid_sample.cpp.o
[ 75%] Building CXX object src/plugins/intel_gpu/src/graph/impls/ocl/CMakeFiles/openvino_intel_gpu_ocl_obj.dir/grn.cpp.o
[ 75%] Building CXX object src/plugins/intel_gpu/src/graph/impls/ocl/CMakeFiles/openvino_intel_gpu_ocl_obj.dir/istft.cpp.o
[ 75%] Building CXX object src/plugins/intel_gpu/src/graph/impls/ocl/CMakeFiles/openvino_intel_gpu_ocl_obj.dir/kv_cache.cpp.o
[ 75%] Building CXX object src/plugins/intel_gpu/src/graph/impls/ocl/CMakeFiles/openvino_intel_gpu_ocl_obj.dir/lrn.cpp.o
[ 75%] Building CXX object src/plugins/intel_gpu/src/graph/impls/ocl/CMakeFiles/openvino_intel_gpu_ocl_obj.dir/lstm_cell.cpp.o
[ 75%] Building CXX object src/plugins/intel_gpu/src/graph/impls/ocl/CMakeFiles/openvino_intel_gpu_ocl_obj.dir/matrix_nms.cpp.o
[ 75%] Building CXX object src/plugins/intel_gpu/src/graph/impls/ocl/CMakeFiles/openvino_intel_gpu_ocl_obj.dir/multiclass_nms.cpp.o
[ 75%] Building CXX object src/plugins/intel_gpu/src/graph/impls/ocl/CMakeFiles/openvino_intel_gpu_ocl_obj.dir/multinomial.cpp.o
[ 75%] Building CXX object src/plugins/intel_gpu/src/graph/impls/ocl/CMakeFiles/openvino_intel_gpu_ocl_obj.dir/mutable_data.cpp.o
[ 75%] Building CXX object src/plugins/intel_gpu/src/graph/impls/ocl/CMakeFiles/openvino_intel_gpu_ocl_obj.dir/mvn.cpp.o
[ 75%] Building CXX object src/plugins/intel_gpu/src/graph/impls/ocl/CMakeFiles/openvino_intel_gpu_ocl_obj.dir/non_max_suppression.cpp.o
[ 75%] Building CXX object src/plugins/intel_gpu/src/graph/impls/ocl/CMakeFiles/openvino_intel_gpu_ocl_obj.dir/non_zero.cpp.o
[ 75%] Building CXX object src/plugins/intel_gpu/src/graph/impls/ocl/CMakeFiles/openvino_intel_gpu_ocl_obj.dir/normalize.cpp.o
[ 75%] Building CXX object src/plugins/intel_gpu/src/graph/impls/ocl/CMakeFiles/openvino_intel_gpu_ocl_obj.dir/one_hot.cpp.o
[ 75%] Building CXX object src/plugins/intel_gpu/src/graph/impls/ocl/CMakeFiles/openvino_intel_gpu_ocl_obj.dir/permute.cpp.o
[ 75%] Building CXX object src/plugins/intel_gpu/src/graph/impls/ocl/CMakeFiles/openvino_intel_gpu_ocl_obj.dir/pooling.cpp.o
[ 75%] Building CXX object src/plugins/intel_gpu/src/graph/impls/ocl/CMakeFiles/openvino_intel_gpu_ocl_obj.dir/prior_box.cpp.o
[ 75%] Building CXX object src/plugins/intel_gpu/src/graph/impls/ocl/CMakeFiles/openvino_intel_gpu_ocl_obj.dir/quantize.cpp.o
[ 75%] Building CXX object src/plugins/intel_gpu/src/graph/impls/ocl/CMakeFiles/openvino_intel_gpu_ocl_obj.dir/random_uniform.cpp.o
[ 75%] Building CXX object src/plugins/intel_gpu/src/graph/impls/ocl/CMakeFiles/openvino_intel_gpu_ocl_obj.dir/range.cpp.o
[ 75%] Building CXX object src/plugins/intel_gpu/src/graph/impls/ocl/CMakeFiles/openvino_intel_gpu_ocl_obj.dir/reduce.cpp.o
[ 75%] Building CXX object src/plugins/intel_gpu/src/graph/impls/ocl/CMakeFiles/openvino_intel_gpu_ocl_obj.dir/region_yolo.cpp.o
[ 77%] Building CXX object src/plugins/intel_gpu/src/graph/impls/ocl/CMakeFiles/openvino_intel_gpu_ocl_obj.dir/register.cpp.o
[ 77%] Building CXX object src/plugins/intel_gpu/src/graph/impls/ocl/CMakeFiles/openvino_intel_gpu_ocl_obj.dir/reorder.cpp.o
[ 77%] Building CXX object src/plugins/intel_gpu/src/graph/impls/ocl/CMakeFiles/openvino_intel_gpu_ocl_obj.dir/reorg_yolo.cpp.o
[ 77%] Building CXX object src/plugins/intel_gpu/src/graph/impls/ocl/CMakeFiles/openvino_intel_gpu_ocl_obj.dir/resample.cpp.o
[ 77%] Building CXX object src/plugins/intel_gpu/src/graph/impls/ocl/CMakeFiles/openvino_intel_gpu_ocl_obj.dir/reshape.cpp.o
[ 77%] Building CXX object src/plugins/intel_gpu/src/graph/impls/ocl/CMakeFiles/openvino_intel_gpu_ocl_obj.dir/reverse.cpp.o
[ 77%] Building CXX object src/plugins/intel_gpu/src/graph/impls/ocl/CMakeFiles/openvino_intel_gpu_ocl_obj.dir/reverse_sequence.cpp.o
[ 77%] Building CXX object src/plugins/intel_gpu/src/graph/impls/ocl/CMakeFiles/openvino_intel_gpu_ocl_obj.dir/rms.cpp.o
[ 77%] Building CXX object src/plugins/intel_gpu/src/graph/impls/ocl/CMakeFiles/openvino_intel_gpu_ocl_obj.dir/rnn_seq.cpp.o
[ 77%] Building CXX object src/plugins/intel_gpu/src/graph/impls/ocl/CMakeFiles/openvino_intel_gpu_ocl_obj.dir/roi_align.cpp.o
[ 77%] Building CXX object src/plugins/intel_gpu/src/graph/impls/ocl/CMakeFiles/openvino_intel_gpu_ocl_obj.dir/roi_pooling.cpp.o
[ 77%] Building CXX object src/plugins/intel_gpu/src/graph/impls/ocl/CMakeFiles/openvino_intel_gpu_ocl_obj.dir/roll.cpp.o
[ 77%] Building CXX object src/plugins/intel_gpu/src/graph/impls/ocl/CMakeFiles/openvino_intel_gpu_ocl_obj.dir/scatter_elements_update.cpp.o
[ 77%] Building CXX object src/plugins/intel_gpu/src/graph/impls/ocl/CMakeFiles/openvino_intel_gpu_ocl_obj.dir/scatter_update.cpp.o
[ 77%] Building CXX object src/plugins/intel_gpu/src/graph/impls/ocl/CMakeFiles/openvino_intel_gpu_ocl_obj.dir/search_sorted.cpp.o
[ 77%] Building CXX object src/plugins/intel_gpu/src/graph/impls/ocl/CMakeFiles/openvino_intel_gpu_ocl_obj.dir/select.cpp.o
[ 77%] Building CXX object src/plugins/intel_gpu/src/graph/impls/ocl/CMakeFiles/openvino_intel_gpu_ocl_obj.dir/shuffle_channels.cpp.o
[ 77%] Building CXX object src/plugins/intel_gpu/src/graph/impls/ocl/CMakeFiles/openvino_intel_gpu_ocl_obj.dir/slice.cpp.o
[ 77%] Building CXX object src/plugins/intel_gpu/src/graph/impls/ocl/CMakeFiles/openvino_intel_gpu_ocl_obj.dir/softmax.cpp.o
[ 77%] Building CXX object src/plugins/intel_gpu/src/graph/impls/ocl/CMakeFiles/openvino_intel_gpu_ocl_obj.dir/space_to_batch.cpp.o
[ 77%] Building CXX object src/plugins/intel_gpu/src/graph/impls/ocl/CMakeFiles/openvino_intel_gpu_ocl_obj.dir/space_to_depth.cpp.o
[ 77%] Building CXX object src/plugins/intel_gpu/src/graph/impls/ocl/CMakeFiles/openvino_intel_gpu_ocl_obj.dir/sparse_fill_empty_rows.cpp.o
[ 77%] Building CXX object src/plugins/intel_gpu/src/graph/impls/ocl/CMakeFiles/openvino_intel_gpu_ocl_obj.dir/stft.cpp.o
[ 77%] Building CXX object src/plugins/intel_gpu/src/graph/impls/ocl/CMakeFiles/openvino_intel_gpu_ocl_obj.dir/strided_slice.cpp.o
[ 77%] Building CXX object src/plugins/intel_gpu/src/graph/impls/ocl/CMakeFiles/openvino_intel_gpu_ocl_obj.dir/swiglu.cpp.o
[ 77%] Building CXX object src/plugins/intel_gpu/src/graph/impls/ocl/CMakeFiles/openvino_intel_gpu_ocl_obj.dir/tile.cpp.o
[ 77%] Building CXX object src/plugins/intel_gpu/src/graph/impls/ocl/CMakeFiles/openvino_intel_gpu_ocl_obj.dir/unique.cpp.o
[ 77%] Built target openvino_intel_gpu_ocl_obj
[ 77%] Building CXX object src/plugins/intel_gpu/src/graph/CMakeFiles/openvino_intel_gpu_graph.dir/convolution.cpp.o
[ 77%] Building CXX object src/plugins/intel_gpu/src/graph/CMakeFiles/openvino_intel_gpu_graph.dir/dynamic_quantize.cpp.o
[ 77%] Building CXX object src/plugins/intel_gpu/src/graph/CMakeFiles/openvino_intel_gpu_graph.dir/graph_optimizer/add_onednn_optimization_attributes.cpp.o
[ 77%] Building CXX object src/plugins/intel_gpu/src/graph/CMakeFiles/openvino_intel_gpu_graph.dir/graph_optimizer/add_required_reorders.cpp.o
[ 77%] Building CXX object src/plugins/intel_gpu/src/graph/CMakeFiles/openvino_intel_gpu_graph.dir/graph_optimizer/compile_graph.cpp.o
[ 77%] Building CXX object src/plugins/intel_gpu/src/graph/CMakeFiles/openvino_intel_gpu_graph.dir/graph_optimizer/basic_memory_dependencies.cpp.o
[ 77%] Building CXX object src/plugins/intel_gpu/src/graph/CMakeFiles/openvino_intel_gpu_graph.dir/graph_optimizer/build_implementations.cpp.o
[ 77%] Building CXX object src/plugins/intel_gpu/src/graph/CMakeFiles/openvino_intel_gpu_graph.dir/graph_optimizer/fuse_primitives_with_layout.cpp.o
[ 77%] Building CXX object src/plugins/intel_gpu/src/graph/CMakeFiles/openvino_intel_gpu_graph.dir/graph_optimizer/graph_initializations.cpp.o
[ 77%] Building CXX object src/plugins/intel_gpu/src/graph/CMakeFiles/openvino_intel_gpu_graph.dir/graph_optimizer/mark_runtime_skippable_nodes.cpp.o
[ 77%] Building CXX object src/plugins/intel_gpu/src/graph/CMakeFiles/openvino_intel_gpu_graph.dir/graph_optimizer/concat_input_order.cpp.o
[ 77%] Building CXX object src/plugins/intel_gpu/src/graph/CMakeFiles/openvino_intel_gpu_graph.dir/graph_optimizer/mark_nodes.cpp.o
[ 77%] Building CXX object src/plugins/intel_gpu/src/graph/CMakeFiles/openvino_intel_gpu_graph.dir/graph_optimizer/handle_reshape.cpp.o
[ 77%] Building CXX object src/plugins/intel_gpu/src/graph/CMakeFiles/openvino_intel_gpu_graph.dir/graph_optimizer/mark_shape_of_subgraphs.cpp.o
[ 77%] Building CXX object src/plugins/intel_gpu/src/graph/CMakeFiles/openvino_intel_gpu_graph.dir/graph_optimizer/mark_state_init_subgraphs.cpp.o
[ 77%] Building CXX object src/plugins/intel_gpu/src/graph/CMakeFiles/openvino_intel_gpu_graph.dir/graph_optimizer/oooq_memory_dependencies.cpp.o
[ 77%] Building CXX object src/plugins/intel_gpu/src/graph/CMakeFiles/openvino_intel_gpu_graph.dir/graph_optimizer/post_input_reorder.cpp.o
[ 77%] Building CXX object src/plugins/intel_gpu/src/graph/CMakeFiles/openvino_intel_gpu_graph.dir/graph_optimizer/post_optimize_weights.cpp.o
[ 77%] Building CXX object src/plugins/intel_gpu/src/graph/CMakeFiles/openvino_intel_gpu_graph.dir/graph_optimizer/pre_replace_deconv.cpp.o
[ 77%] Building CXX object src/plugins/intel_gpu/src/graph/CMakeFiles/openvino_intel_gpu_graph.dir/graph_optimizer/prepare_buffer_fusing.cpp.o
[ 77%] Building CXX object src/plugins/intel_gpu/src/graph/CMakeFiles/openvino_intel_gpu_graph.dir/graph_optimizer/prepare_padding.cpp.o
[ 77%] Building CXX object src/plugins/intel_gpu/src/graph/CMakeFiles/openvino_intel_gpu_graph.dir/graph_optimizer/prepare_primitive_fusing.cpp.o
[ 77%] Building CXX object src/plugins/intel_gpu/src/graph/CMakeFiles/openvino_intel_gpu_graph.dir/graph_optimizer/prepare_primitive_fusing_through.cpp.o
[ 77%] Building CXX object src/plugins/intel_gpu/src/graph/CMakeFiles/openvino_intel_gpu_graph.dir/graph_optimizer/prepare_quantization.cpp.o
[ 77%] Building CXX object src/plugins/intel_gpu/src/graph/CMakeFiles/openvino_intel_gpu_graph.dir/graph_optimizer/propagate_constants.cpp.o
[ 77%] Building CXX object src/plugins/intel_gpu/src/graph/CMakeFiles/openvino_intel_gpu_graph.dir/graph_optimizer/remove_redundant_reorders.cpp.o
[ 77%] Building CXX object src/plugins/intel_gpu/src/graph/CMakeFiles/openvino_intel_gpu_graph.dir/graph_optimizer/reorder_inputs.cpp.o
[ 77%] Building CXX object src/plugins/intel_gpu/src/graph/CMakeFiles/openvino_intel_gpu_graph.dir/graph_optimizer/reorder_transfer.cpp.o
[ 77%] Building CXX object src/plugins/intel_gpu/src/graph/CMakeFiles/openvino_intel_gpu_graph.dir/graph_optimizer/select_preferred_formats.cpp.o
[ 77%] Building CXX object src/plugins/intel_gpu/src/graph/CMakeFiles/openvino_intel_gpu_graph.dir/graph_optimizer/skipped_branch_memory_dependencies.cpp.o
[ 77%] Building CXX object src/plugins/intel_gpu/src/graph/CMakeFiles/openvino_intel_gpu_graph.dir/graph_optimizer/trim_to_outputs.cpp.o
[ 77%] Building CXX object src/plugins/intel_gpu/src/graph/CMakeFiles/openvino_intel_gpu_graph.dir/graph_optimizer/update_inner_program_io_map.cpp.o
[ 77%] Building CXX object src/plugins/intel_gpu/src/graph/CMakeFiles/openvino_intel_gpu_graph.dir/layout_optimizer.cpp.o
[ 77%] Building CXX object src/plugins/intel_gpu/src/graph/CMakeFiles/openvino_intel_gpu_graph.dir/pass_manager.cpp.o
[ 77%] Building CXX object src/plugins/intel_gpu/src/graph/CMakeFiles/openvino_intel_gpu_graph.dir/primitive_inst.cpp.o
[ 77%] Building CXX object src/plugins/intel_gpu/src/graph/CMakeFiles/openvino_intel_gpu_graph.dir/program.cpp.o
[ 77%] Building CXX object src/plugins/intel_gpu/src/graph/CMakeFiles/openvino_intel_gpu_graph.dir/program_dump_graph.cpp.o
[ 77%] Linking CXX static library /home/chaofan/model_benchmark/benchmark/openvino/bin/intel64/Release/libopenvino_intel_gpu_graph.a
[ 88%] Built target openvino_intel_gpu_graph
[ 88%] Built target openvino_intel_gpu_plugin_version
[ 88%] Building CXX object src/plugins/intel_gpu/CMakeFiles/openvino_intel_gpu_plugin.dir/src/plugin/graph.cpp.o
[ 88%] Building CXX object src/plugins/intel_gpu/CMakeFiles/openvino_intel_gpu_plugin.dir/src/plugin/ops/dynamic_quantize.cpp.o
[ 88%] Linking CXX shared module /home/chaofan/model_benchmark/benchmark/openvino/bin/intel64/Release/libopenvino_intel_gpu_plugin.so
[100%] Built target openvino_intel_gpu_plugin
-- Install configuration: "Release"
-- Up-to-date: /home/chaofan/model_benchmark/benchmark/openvino/install/samples/cpp/thirdparty/gflags
-- Up-to-date: /home/chaofan/model_benchmark/benchmark/openvino/install/samples/cpp/thirdparty/gflags/gflags
-- Up-to-date: /home/chaofan/model_benchmark/benchmark/openvino/install/samples/cpp/thirdparty/gflags/gflags/cmake
-- Up-to-date: /home/chaofan/model_benchmark/benchmark/openvino/install/samples/cpp/thirdparty/gflags/gflags/cmake/package.pc.in
-- Up-to-date: /home/chaofan/model_benchmark/benchmark/openvino/install/samples/cpp/thirdparty/gflags/gflags/cmake/README_runtime.txt
-- Up-to-date: /home/chaofan/model_benchmark/benchmark/openvino/install/samples/cpp/thirdparty/gflags/gflags/cmake/config.cmake.in
-- Up-to-date: /home/chaofan/model_benchmark/benchmark/openvino/install/samples/cpp/thirdparty/gflags/gflags/cmake/package.cmake.in
-- Up-to-date: /home/chaofan/model_benchmark/benchmark/openvino/install/samples/cpp/thirdparty/gflags/gflags/cmake/version.cmake.in
-- Up-to-date: /home/chaofan/model_benchmark/benchmark/openvino/install/samples/cpp/thirdparty/gflags/gflags/cmake/cmake_uninstall.cmake.in
-- Up-to-date: /home/chaofan/model_benchmark/benchmark/openvino/install/samples/cpp/thirdparty/gflags/gflags/cmake/utils.cmake
-- Up-to-date: /home/chaofan/model_benchmark/benchmark/openvino/install/samples/cpp/thirdparty/gflags/gflags/cmake/execute_test.cmake
-- Up-to-date: /home/chaofan/model_benchmark/benchmark/openvino/install/samples/cpp/thirdparty/gflags/gflags/src
-- Up-to-date: /home/chaofan/model_benchmark/benchmark/openvino/install/samples/cpp/thirdparty/gflags/gflags/src/gflags_reporting.cc
-- Up-to-date: /home/chaofan/model_benchmark/benchmark/openvino/install/samples/cpp/thirdparty/gflags/gflags/src/config.h
-- Up-to-date: /home/chaofan/model_benchmark/benchmark/openvino/install/samples/cpp/thirdparty/gflags/gflags/src/gflags.cc
-- Up-to-date: /home/chaofan/model_benchmark/benchmark/openvino/install/samples/cpp/thirdparty/gflags/gflags/src/gflags_completions.h.in
-- Up-to-date: /home/chaofan/model_benchmark/benchmark/openvino/install/samples/cpp/thirdparty/gflags/gflags/src/gflags_completions.cc
-- Up-to-date: /home/chaofan/model_benchmark/benchmark/openvino/install/samples/cpp/thirdparty/gflags/gflags/src/defines.h.in
-- Up-to-date: /home/chaofan/model_benchmark/benchmark/openvino/install/samples/cpp/thirdparty/gflags/gflags/src/gflags_declare.h.in
-- Up-to-date: /home/chaofan/model_benchmark/benchmark/openvino/install/samples/cpp/thirdparty/gflags/gflags/src/gflags.h.in
-- Up-to-date: /home/chaofan/model_benchmark/benchmark/openvino/install/samples/cpp/thirdparty/gflags/gflags/src/gflags_ns.h.in
-- Up-to-date: /home/chaofan/model_benchmark/benchmark/openvino/install/samples/cpp/thirdparty/gflags/gflags/src/mutex.h
-- Up-to-date: /home/chaofan/model_benchmark/benchmark/openvino/install/samples/cpp/thirdparty/gflags/gflags/src/windows_port.h
-- Up-to-date: /home/chaofan/model_benchmark/benchmark/openvino/install/samples/cpp/thirdparty/gflags/gflags/src/windows_port.cc
-- Up-to-date: /home/chaofan/model_benchmark/benchmark/openvino/install/samples/cpp/thirdparty/gflags/gflags/src/util.h
-- Up-to-date: /home/chaofan/model_benchmark/benchmark/openvino/install/samples/cpp/thirdparty/gflags/gflags/CMakeLists.txt
-- Up-to-date: /home/chaofan/model_benchmark/benchmark/openvino/install/samples/cpp/thirdparty/gflags/gflags/COPYING.txt
-- Up-to-date: /home/chaofan/model_benchmark/benchmark/openvino/install/samples/cpp/thirdparty/gflags/CMakeLists.txt
-- Up-to-date: /home/chaofan/model_benchmark/benchmark/openvino/install/samples/cpp/thirdparty/nlohmann_json
-- Up-to-date: /home/chaofan/model_benchmark/benchmark/openvino/install/samples/cpp/thirdparty/nlohmann_json/LICENSE.MIT
-- Up-to-date: /home/chaofan/model_benchmark/benchmark/openvino/install/samples/cpp/thirdparty/nlohmann_json/single_include
-- Up-to-date: /home/chaofan/model_benchmark/benchmark/openvino/install/samples/cpp/thirdparty/nlohmann_json/single_include/nlohmann
-- Up-to-date: /home/chaofan/model_benchmark/benchmark/openvino/install/samples/cpp/thirdparty/nlohmann_json/single_include/nlohmann/json_fwd.hpp
-- Up-to-date: /home/chaofan/model_benchmark/benchmark/openvino/install/samples/cpp/thirdparty/nlohmann_json/single_include/nlohmann/json.hpp
-- Up-to-date: /home/chaofan/model_benchmark/benchmark/openvino/install/samples/cpp/thirdparty/nlohmann_json/cmake
-- Up-to-date: /home/chaofan/model_benchmark/benchmark/openvino/install/samples/cpp/thirdparty/nlohmann_json/cmake/pkg-config.pc.in
-- Up-to-date: /home/chaofan/model_benchmark/benchmark/openvino/install/samples/cpp/thirdparty/nlohmann_json/cmake/config.cmake.in
-- Up-to-date: /home/chaofan/model_benchmark/benchmark/openvino/install/samples/cpp/thirdparty/nlohmann_json/cmake/nlohmann_jsonConfigVersion.cmake.in
-- Up-to-date: /home/chaofan/model_benchmark/benchmark/openvino/install/samples/cpp/thirdparty/nlohmann_json/cmake/test.cmake
-- Up-to-date: /home/chaofan/model_benchmark/benchmark/openvino/install/samples/cpp/thirdparty/nlohmann_json/cmake/download_test_data.cmake
-- Up-to-date: /home/chaofan/model_benchmark/benchmark/openvino/install/samples/cpp/thirdparty/nlohmann_json/cmake/scripts
-- Up-to-date: /home/chaofan/model_benchmark/benchmark/openvino/install/samples/cpp/thirdparty/nlohmann_json/cmake/scripts/gen_bazel_build_file.cmake
-- Up-to-date: /home/chaofan/model_benchmark/benchmark/openvino/install/samples/cpp/thirdparty/nlohmann_json/cmake/ci.cmake
-- Up-to-date: /home/chaofan/model_benchmark/benchmark/openvino/install/samples/cpp/thirdparty/nlohmann_json/LICENSES
-- Up-to-date: /home/chaofan/model_benchmark/benchmark/openvino/install/samples/cpp/thirdparty/nlohmann_json/LICENSES/BSD-3-Clause.txt
-- Up-to-date: /home/chaofan/model_benchmark/benchmark/openvino/install/samples/cpp/thirdparty/nlohmann_json/LICENSES/MIT.txt
-- Up-to-date: /home/chaofan/model_benchmark/benchmark/openvino/install/samples/cpp/thirdparty/nlohmann_json/LICENSES/GPL-3.0-only.txt
-- Up-to-date: /home/chaofan/model_benchmark/benchmark/openvino/install/samples/cpp/thirdparty/nlohmann_json/LICENSES/Apache-2.0.txt
-- Up-to-date: /home/chaofan/model_benchmark/benchmark/openvino/install/samples/cpp/thirdparty/nlohmann_json/nlohmann_json.natvis
-- Up-to-date: /home/chaofan/model_benchmark/benchmark/openvino/install/samples/cpp/thirdparty/nlohmann_json/CMakeLists.txt
-- Up-to-date: /home/chaofan/model_benchmark/benchmark/openvino/install/samples/cpp/thirdparty/nlohmann_json/include
-- Up-to-date: /home/chaofan/model_benchmark/benchmark/openvino/install/samples/cpp/thirdparty/nlohmann_json/include/nlohmann
-- Up-to-date: /home/chaofan/model_benchmark/benchmark/openvino/install/samples/cpp/thirdparty/nlohmann_json/include/nlohmann/ordered_map.hpp
-- Up-to-date: /home/chaofan/model_benchmark/benchmark/openvino/install/samples/cpp/thirdparty/nlohmann_json/include/nlohmann/adl_serializer.hpp
-- Up-to-date: /home/chaofan/model_benchmark/benchmark/openvino/install/samples/cpp/thirdparty/nlohmann_json/include/nlohmann/thirdparty
-- Up-to-date: /home/chaofan/model_benchmark/benchmark/openvino/install/samples/cpp/thirdparty/nlohmann_json/include/nlohmann/thirdparty/hedley
-- Up-to-date: /home/chaofan/model_benchmark/benchmark/openvino/install/samples/cpp/thirdparty/nlohmann_json/include/nlohmann/thirdparty/hedley/hedley.hpp
-- Up-to-date: /home/chaofan/model_benchmark/benchmark/openvino/install/samples/cpp/thirdparty/nlohmann_json/include/nlohmann/thirdparty/hedley/hedley_undef.hpp
-- Up-to-date: /home/chaofan/model_benchmark/benchmark/openvino/install/samples/cpp/thirdparty/nlohmann_json/include/nlohmann/json_fwd.hpp
-- Up-to-date: /home/chaofan/model_benchmark/benchmark/openvino/install/samples/cpp/thirdparty/nlohmann_json/include/nlohmann/detail
-- Up-to-date: /home/chaofan/model_benchmark/benchmark/openvino/install/samples/cpp/thirdparty/nlohmann_json/include/nlohmann/detail/json_custom_base_class.hpp
-- Up-to-date: /home/chaofan/model_benchmark/benchmark/openvino/install/samples/cpp/thirdparty/nlohmann_json/include/nlohmann/detail/string_concat.hpp
-- Up-to-date: /home/chaofan/model_benchmark/benchmark/openvino/install/samples/cpp/thirdparty/nlohmann_json/include/nlohmann/detail/exceptions.hpp
-- Up-to-date: /home/chaofan/model_benchmark/benchmark/openvino/install/samples/cpp/thirdparty/nlohmann_json/include/nlohmann/detail/json_pointer.hpp
-- Up-to-date: /home/chaofan/model_benchmark/benchmark/openvino/install/samples/cpp/thirdparty/nlohmann_json/include/nlohmann/detail/hash.hpp
-- Up-to-date: /home/chaofan/model_benchmark/benchmark/openvino/install/samples/cpp/thirdparty/nlohmann_json/include/nlohmann/detail/conversions
-- Up-to-date: /home/chaofan/model_benchmark/benchmark/openvino/install/samples/cpp/thirdparty/nlohmann_json/include/nlohmann/detail/conversions/to_chars.hpp
-- Up-to-date: /home/chaofan/model_benchmark/benchmark/openvino/install/samples/cpp/thirdparty/nlohmann_json/include/nlohmann/detail/conversions/to_json.hpp
-- Up-to-date: /home/chaofan/model_benchmark/benchmark/openvino/install/samples/cpp/thirdparty/nlohmann_json/include/nlohmann/detail/conversions/from_json.hpp
-- Up-to-date: /home/chaofan/model_benchmark/benchmark/openvino/install/samples/cpp/thirdparty/nlohmann_json/include/nlohmann/detail/iterators
-- Up-to-date: /home/chaofan/model_benchmark/benchmark/openvino/install/samples/cpp/thirdparty/nlohmann_json/include/nlohmann/detail/iterators/json_reverse_iterator.hpp
-- Up-to-date: /home/chaofan/model_benchmark/benchmark/openvino/install/samples/cpp/thirdparty/nlohmann_json/include/nlohmann/detail/iterators/iteration_proxy.hpp
-- Up-to-date: /home/chaofan/model_benchmark/benchmark/openvino/install/samples/cpp/thirdparty/nlohmann_json/include/nlohmann/detail/iterators/internal_iterator.hpp
-- Up-to-date: /home/chaofan/model_benchmark/benchmark/openvino/install/samples/cpp/thirdparty/nlohmann_json/include/nlohmann/detail/iterators/iterator_traits.hpp
-- Up-to-date: /home/chaofan/model_benchmark/benchmark/openvino/install/samples/cpp/thirdparty/nlohmann_json/include/nlohmann/detail/iterators/primitive_iterator.hpp
-- Up-to-date: /home/chaofan/model_benchmark/benchmark/openvino/install/samples/cpp/thirdparty/nlohmann_json/include/nlohmann/detail/iterators/iter_impl.hpp
-- Up-to-date: /home/chaofan/model_benchmark/benchmark/openvino/install/samples/cpp/thirdparty/nlohmann_json/include/nlohmann/detail/abi_macros.hpp
-- Up-to-date: /home/chaofan/model_benchmark/benchmark/openvino/install/samples/cpp/thirdparty/nlohmann_json/include/nlohmann/detail/output
-- Up-to-date: /home/chaofan/model_benchmark/benchmark/openvino/install/samples/cpp/thirdparty/nlohmann_json/include/nlohmann/detail/output/serializer.hpp
-- Up-to-date: /home/chaofan/model_benchmark/benchmark/openvino/install/samples/cpp/thirdparty/nlohmann_json/include/nlohmann/detail/output/binary_writer.hpp
-- Up-to-date: /home/chaofan/model_benchmark/benchmark/openvino/install/samples/cpp/thirdparty/nlohmann_json/include/nlohmann/detail/output/output_adapters.hpp
-- Up-to-date: /home/chaofan/model_benchmark/benchmark/openvino/install/samples/cpp/thirdparty/nlohmann_json/include/nlohmann/detail/input
-- Up-to-date: /home/chaofan/model_benchmark/benchmark/openvino/install/samples/cpp/thirdparty/nlohmann_json/include/nlohmann/detail/input/parser.hpp
-- Up-to-date: /home/chaofan/model_benchmark/benchmark/openvino/install/samples/cpp/thirdparty/nlohmann_json/include/nlohmann/detail/input/lexer.hpp
-- Up-to-date: /home/chaofan/model_benchmark/benchmark/openvino/install/samples/cpp/thirdparty/nlohmann_json/include/nlohmann/detail/input/input_adapters.hpp
-- Up-to-date: /home/chaofan/model_benchmark/benchmark/openvino/install/samples/cpp/thirdparty/nlohmann_json/include/nlohmann/detail/input/binary_reader.hpp
-- Up-to-date: /home/chaofan/model_benchmark/benchmark/openvino/install/samples/cpp/thirdparty/nlohmann_json/include/nlohmann/detail/input/json_sax.hpp
-- Up-to-date: /home/chaofan/model_benchmark/benchmark/openvino/install/samples/cpp/thirdparty/nlohmann_json/include/nlohmann/detail/input/position_t.hpp
-- Up-to-date: /home/chaofan/model_benchmark/benchmark/openvino/install/samples/cpp/thirdparty/nlohmann_json/include/nlohmann/detail/json_ref.hpp
-- Up-to-date: /home/chaofan/model_benchmark/benchmark/openvino/install/samples/cpp/thirdparty/nlohmann_json/include/nlohmann/detail/meta
-- Up-to-date: /home/chaofan/model_benchmark/benchmark/openvino/install/samples/cpp/thirdparty/nlohmann_json/include/nlohmann/detail/meta/std_fs.hpp
-- Up-to-date: /home/chaofan/model_benchmark/benchmark/openvino/install/samples/cpp/thirdparty/nlohmann_json/include/nlohmann/detail/meta/void_t.hpp
-- Up-to-date: /home/chaofan/model_benchmark/benchmark/openvino/install/samples/cpp/thirdparty/nlohmann_json/include/nlohmann/detail/meta/detected.hpp
-- Up-to-date: /home/chaofan/model_benchmark/benchmark/openvino/install/samples/cpp/thirdparty/nlohmann_json/include/nlohmann/detail/meta/cpp_future.hpp
-- Up-to-date: /home/chaofan/model_benchmark/benchmark/openvino/install/samples/cpp/thirdparty/nlohmann_json/include/nlohmann/detail/meta/is_sax.hpp
-- Up-to-date: /home/chaofan/model_benchmark/benchmark/openvino/install/samples/cpp/thirdparty/nlohmann_json/include/nlohmann/detail/meta/call_std
-- Up-to-date: /home/chaofan/model_benchmark/benchmark/openvino/install/samples/cpp/thirdparty/nlohmann_json/include/nlohmann/detail/meta/call_std/begin.hpp
-- Up-to-date: /home/chaofan/model_benchmark/benchmark/openvino/install/samples/cpp/thirdparty/nlohmann_json/include/nlohmann/detail/meta/call_std/end.hpp
-- Up-to-date: /home/chaofan/model_benchmark/benchmark/openvino/install/samples/cpp/thirdparty/nlohmann_json/include/nlohmann/detail/meta/identity_tag.hpp
-- Up-to-date: /home/chaofan/model_benchmark/benchmark/openvino/install/samples/cpp/thirdparty/nlohmann_json/include/nlohmann/detail/meta/type_traits.hpp
-- Up-to-date: /home/chaofan/model_benchmark/benchmark/openvino/install/samples/cpp/thirdparty/nlohmann_json/include/nlohmann/detail/string_escape.hpp
-- Up-to-date: /home/chaofan/model_benchmark/benchmark/openvino/install/samples/cpp/thirdparty/nlohmann_json/include/nlohmann/detail/macro_unscope.hpp
-- Up-to-date: /home/chaofan/model_benchmark/benchmark/openvino/install/samples/cpp/thirdparty/nlohmann_json/include/nlohmann/detail/macro_scope.hpp
-- Up-to-date: /home/chaofan/model_benchmark/benchmark/openvino/install/samples/cpp/thirdparty/nlohmann_json/include/nlohmann/detail/value_t.hpp
-- Up-to-date: /home/chaofan/model_benchmark/benchmark/openvino/install/samples/cpp/thirdparty/nlohmann_json/include/nlohmann/json.hpp
-- Up-to-date: /home/chaofan/model_benchmark/benchmark/openvino/install/samples/cpp/thirdparty/nlohmann_json/include/nlohmann/byte_container_with_subtype.hpp
-- Up-to-date: /home/chaofan/model_benchmark/benchmark/openvino/install/runtime/3rdparty/tbb/lib
-- Up-to-date: /home/chaofan/model_benchmark/benchmark/openvino/install/runtime/3rdparty/tbb/lib/libtbbbind_2_5.so.3
-- Up-to-date: /home/chaofan/model_benchmark/benchmark/openvino/install/runtime/3rdparty/tbb/lib/libhwloc.so
-- Up-to-date: /home/chaofan/model_benchmark/benchmark/openvino/install/runtime/3rdparty/tbb/lib/libtbbmalloc.so
-- Up-to-date: /home/chaofan/model_benchmark/benchmark/openvino/install/runtime/3rdparty/tbb/lib/libtbbmalloc_proxy.so.2
-- Up-to-date: /home/chaofan/model_benchmark/benchmark/openvino/install/runtime/3rdparty/tbb/lib/libtbbbind_2_5.so
-- Up-to-date: /home/chaofan/model_benchmark/benchmark/openvino/install/runtime/3rdparty/tbb/lib/libtbbbind_2_5.so.3.13
-- Up-to-date: /home/chaofan/model_benchmark/benchmark/openvino/install/runtime/3rdparty/tbb/lib/libtbb.so.12.13
-- Up-to-date: /home/chaofan/model_benchmark/benchmark/openvino/install/runtime/3rdparty/tbb/lib/libtbb.so
-- Up-to-date: /home/chaofan/model_benchmark/benchmark/openvino/install/runtime/3rdparty/tbb/lib/libhwloc.so.15
-- Up-to-date: /home/chaofan/model_benchmark/benchmark/openvino/install/runtime/3rdparty/tbb/lib/libhwloc.so.15.6.4
-- Up-to-date: /home/chaofan/model_benchmark/benchmark/openvino/install/runtime/3rdparty/tbb/lib/pkgconfig
-- Up-to-date: /home/chaofan/model_benchmark/benchmark/openvino/install/runtime/3rdparty/tbb/lib/pkgconfig/tbb.pc
-- Up-to-date: /home/chaofan/model_benchmark/benchmark/openvino/install/runtime/3rdparty/tbb/lib/libtbbmalloc_proxy.so.2.13
-- Up-to-date: /home/chaofan/model_benchmark/benchmark/openvino/install/runtime/3rdparty/tbb/lib/libtbbmalloc.so.2
-- Up-to-date: /home/chaofan/model_benchmark/benchmark/openvino/install/runtime/3rdparty/tbb/lib/libtbbmalloc_proxy.so
-- Up-to-date: /home/chaofan/model_benchmark/benchmark/openvino/install/runtime/3rdparty/tbb/lib/libtbb.so.12
-- Up-to-date: /home/chaofan/model_benchmark/benchmark/openvino/install/runtime/3rdparty/tbb/lib/libtbbmalloc.so.2.13
-- Up-to-date: /home/chaofan/model_benchmark/benchmark/openvino/install/runtime/3rdparty/tbb/TBB-LICENSE
-- Up-to-date: /home/chaofan/model_benchmark/benchmark/openvino/install/runtime/3rdparty/tbb/lib/cmake
-- Up-to-date: /home/chaofan/model_benchmark/benchmark/openvino/install/runtime/3rdparty/tbb/lib/cmake/TBB
-- Up-to-date: /home/chaofan/model_benchmark/benchmark/openvino/install/runtime/3rdparty/tbb/lib/cmake/TBB/TBBTargets.cmake
-- Up-to-date: /home/chaofan/model_benchmark/benchmark/openvino/install/runtime/3rdparty/tbb/lib/cmake/TBB/TBBTargets-release.cmake
-- Up-to-date: /home/chaofan/model_benchmark/benchmark/openvino/install/runtime/3rdparty/tbb/lib/cmake/TBB/TBBConfigVersion.cmake
-- Up-to-date: /home/chaofan/model_benchmark/benchmark/openvino/install/runtime/3rdparty/tbb/lib/cmake/TBB/TBBConfig.cmake
-- Up-to-date: /home/chaofan/model_benchmark/benchmark/openvino/install/runtime/3rdparty/tbb/include
-- Up-to-date: /home/chaofan/model_benchmark/benchmark/openvino/install/runtime/3rdparty/tbb/include/tbb
-- Up-to-date: /home/chaofan/model_benchmark/benchmark/openvino/install/runtime/3rdparty/tbb/include/tbb/profiling.h
-- Up-to-date: /home/chaofan/model_benchmark/benchmark/openvino/install/runtime/3rdparty/tbb/include/tbb/info.h
-- Up-to-date: /home/chaofan/model_benchmark/benchmark/openvino/install/runtime/3rdparty/tbb/include/tbb/task.h
-- Up-to-date: /home/chaofan/model_benchmark/benchmark/openvino/install/runtime/3rdparty/tbb/include/tbb/blocked_rangeNd.h
-- Up-to-date: /home/chaofan/model_benchmark/benchmark/openvino/install/runtime/3rdparty/tbb/include/tbb/concurrent_map.h
-- Up-to-date: /home/chaofan/model_benchmark/benchmark/openvino/install/runtime/3rdparty/tbb/include/tbb/null_mutex.h
-- Up-to-date: /home/chaofan/model_benchmark/benchmark/openvino/install/runtime/3rdparty/tbb/include/tbb/queuing_mutex.h
-- Up-to-date: /home/chaofan/model_benchmark/benchmark/openvino/install/runtime/3rdparty/tbb/include/tbb/combinable.h
-- Up-to-date: /home/chaofan/model_benchmark/benchmark/openvino/install/runtime/3rdparty/tbb/include/tbb/task_group.h
-- Up-to-date: /home/chaofan/model_benchmark/benchmark/openvino/install/runtime/3rdparty/tbb/include/tbb/null_rw_mutex.h
-- Up-to-date: /home/chaofan/model_benchmark/benchmark/openvino/install/runtime/3rdparty/tbb/include/tbb/tbb_allocator.h
-- Up-to-date: /home/chaofan/model_benchmark/benchmark/openvino/install/runtime/3rdparty/tbb/include/tbb/flow_graph_abstractions.h
-- Up-to-date: /home/chaofan/model_benchmark/benchmark/openvino/install/runtime/3rdparty/tbb/include/tbb/tick_count.h
-- Up-to-date: /home/chaofan/model_benchmark/benchmark/openvino/install/runtime/3rdparty/tbb/include/tbb/concurrent_hash_map.h
-- Up-to-date: /home/chaofan/model_benchmark/benchmark/openvino/install/runtime/3rdparty/tbb/include/tbb/parallel_pipeline.h
-- Up-to-date: /home/chaofan/model_benchmark/benchmark/openvino/install/runtime/3rdparty/tbb/include/tbb/enumerable_thread_specific.h
-- Up-to-date: /home/chaofan/model_benchmark/benchmark/openvino/install/runtime/3rdparty/tbb/include/tbb/parallel_sort.h
-- Up-to-date: /home/chaofan/model_benchmark/benchmark/openvino/install/runtime/3rdparty/tbb/include/tbb/concurrent_queue.h
-- Up-to-date: /home/chaofan/model_benchmark/benchmark/openvino/install/runtime/3rdparty/tbb/include/tbb/global_control.h
-- Up-to-date: /home/chaofan/model_benchmark/benchmark/openvino/install/runtime/3rdparty/tbb/include/tbb/scalable_allocator.h
-- Up-to-date: /home/chaofan/model_benchmark/benchmark/openvino/install/runtime/3rdparty/tbb/include/tbb/parallel_invoke.h
-- Up-to-date: /home/chaofan/model_benchmark/benchmark/openvino/install/runtime/3rdparty/tbb/include/tbb/queuing_rw_mutex.h
-- Up-to-date: /home/chaofan/model_benchmark/benchmark/openvino/install/runtime/3rdparty/tbb/include/tbb/concurrent_set.h
-- Up-to-date: /home/chaofan/model_benchmark/benchmark/openvino/install/runtime/3rdparty/tbb/include/tbb/cache_aligned_allocator.h
-- Up-to-date: /home/chaofan/model_benchmark/benchmark/openvino/install/runtime/3rdparty/tbb/include/tbb/concurrent_priority_queue.h
-- Up-to-date: /home/chaofan/model_benchmark/benchmark/openvino/install/runtime/3rdparty/tbb/include/tbb/parallel_for_each.h
-- Up-to-date: /home/chaofan/model_benchmark/benchmark/openvino/install/runtime/3rdparty/tbb/include/tbb/task_scheduler_observer.h
-- Up-to-date: /home/chaofan/model_benchmark/benchmark/openvino/install/runtime/3rdparty/tbb/include/tbb/tbb.h
-- Up-to-date: /home/chaofan/model_benchmark/benchmark/openvino/install/runtime/3rdparty/tbb/include/tbb/blocked_range2d.h
-- Up-to-date: /home/chaofan/model_benchmark/benchmark/openvino/install/runtime/3rdparty/tbb/include/tbb/memory_pool.h
-- Up-to-date: /home/chaofan/model_benchmark/benchmark/openvino/install/runtime/3rdparty/tbb/include/tbb/partitioner.h
-- Up-to-date: /home/chaofan/model_benchmark/benchmark/openvino/install/runtime/3rdparty/tbb/include/tbb/parallel_reduce.h
-- Up-to-date: /home/chaofan/model_benchmark/benchmark/openvino/install/runtime/3rdparty/tbb/include/tbb/spin_mutex.h
-- Up-to-date: /home/chaofan/model_benchmark/benchmark/openvino/install/runtime/3rdparty/tbb/include/tbb/flow_graph.h
-- Up-to-date: /home/chaofan/model_benchmark/benchmark/openvino/install/runtime/3rdparty/tbb/include/tbb/mutex.h
-- Up-to-date: /home/chaofan/model_benchmark/benchmark/openvino/install/runtime/3rdparty/tbb/include/tbb/concurrent_unordered_set.h
-- Up-to-date: /home/chaofan/model_benchmark/benchmark/openvino/install/runtime/3rdparty/tbb/include/tbb/rw_mutex.h
-- Up-to-date: /home/chaofan/model_benchmark/benchmark/openvino/install/runtime/3rdparty/tbb/include/tbb/collaborative_call_once.h
-- Up-to-date: /home/chaofan/model_benchmark/benchmark/openvino/install/runtime/3rdparty/tbb/include/tbb/concurrent_vector.h
-- Up-to-date: /home/chaofan/model_benchmark/benchmark/openvino/install/runtime/3rdparty/tbb/include/tbb/task_arena.h
-- Up-to-date: /home/chaofan/model_benchmark/benchmark/openvino/install/runtime/3rdparty/tbb/include/tbb/blocked_range3d.h
-- Up-to-date: /home/chaofan/model_benchmark/benchmark/openvino/install/runtime/3rdparty/tbb/include/tbb/blocked_range.h
-- Up-to-date: /home/chaofan/model_benchmark/benchmark/openvino/install/runtime/3rdparty/tbb/include/tbb/parallel_scan.h
-- Up-to-date: /home/chaofan/model_benchmark/benchmark/openvino/install/runtime/3rdparty/tbb/include/tbb/spin_rw_mutex.h
-- Up-to-date: /home/chaofan/model_benchmark/benchmark/openvino/install/runtime/3rdparty/tbb/include/tbb/version.h
-- Up-to-date: /home/chaofan/model_benchmark/benchmark/openvino/install/runtime/3rdparty/tbb/include/tbb/concurrent_unordered_map.h
-- Up-to-date: /home/chaofan/model_benchmark/benchmark/openvino/install/runtime/3rdparty/tbb/include/tbb/parallel_for.h
-- Up-to-date: /home/chaofan/model_benchmark/benchmark/openvino/install/runtime/3rdparty/tbb/include/tbb/concurrent_lru_cache.h
-- Up-to-date: /home/chaofan/model_benchmark/benchmark/openvino/install/runtime/3rdparty/tbb/include/tbb/tbbmalloc_proxy.h
-- Up-to-date: /home/chaofan/model_benchmark/benchmark/openvino/install/runtime/3rdparty/tbb/include/oneapi
-- Up-to-date: /home/chaofan/model_benchmark/benchmark/openvino/install/runtime/3rdparty/tbb/include/oneapi/tbb
-- Up-to-date: /home/chaofan/model_benchmark/benchmark/openvino/install/runtime/3rdparty/tbb/include/oneapi/tbb/profiling.h
-- Up-to-date: /home/chaofan/model_benchmark/benchmark/openvino/install/runtime/3rdparty/tbb/include/oneapi/tbb/info.h
-- Up-to-date: /home/chaofan/model_benchmark/benchmark/openvino/install/runtime/3rdparty/tbb/include/oneapi/tbb/task.h
-- Up-to-date: /home/chaofan/model_benchmark/benchmark/openvino/install/runtime/3rdparty/tbb/include/oneapi/tbb/blocked_rangeNd.h
-- Up-to-date: /home/chaofan/model_benchmark/benchmark/openvino/install/runtime/3rdparty/tbb/include/oneapi/tbb/concurrent_map.h
-- Up-to-date: /home/chaofan/model_benchmark/benchmark/openvino/install/runtime/3rdparty/tbb/include/oneapi/tbb/null_mutex.h
-- Up-to-date: /home/chaofan/model_benchmark/benchmark/openvino/install/runtime/3rdparty/tbb/include/oneapi/tbb/queuing_mutex.h
-- Up-to-date: /home/chaofan/model_benchmark/benchmark/openvino/install/runtime/3rdparty/tbb/include/oneapi/tbb/combinable.h
-- Up-to-date: /home/chaofan/model_benchmark/benchmark/openvino/install/runtime/3rdparty/tbb/include/oneapi/tbb/task_group.h
-- Up-to-date: /home/chaofan/model_benchmark/benchmark/openvino/install/runtime/3rdparty/tbb/include/oneapi/tbb/null_rw_mutex.h
-- Up-to-date: /home/chaofan/model_benchmark/benchmark/openvino/install/runtime/3rdparty/tbb/include/oneapi/tbb/tbb_allocator.h
-- Up-to-date: /home/chaofan/model_benchmark/benchmark/openvino/install/runtime/3rdparty/tbb/include/oneapi/tbb/flow_graph_abstractions.h
-- Up-to-date: /home/chaofan/model_benchmark/benchmark/openvino/install/runtime/3rdparty/tbb/include/oneapi/tbb/tick_count.h
-- Up-to-date: /home/chaofan/model_benchmark/benchmark/openvino/install/runtime/3rdparty/tbb/include/oneapi/tbb/detail
-- Up-to-date: /home/chaofan/model_benchmark/benchmark/openvino/install/runtime/3rdparty/tbb/include/oneapi/tbb/detail/_aggregator.h
-- Up-to-date: /home/chaofan/model_benchmark/benchmark/openvino/install/runtime/3rdparty/tbb/include/oneapi/tbb/detail/_aligned_space.h
-- Up-to-date: /home/chaofan/model_benchmark/benchmark/openvino/install/runtime/3rdparty/tbb/include/oneapi/tbb/detail/_segment_table.h
-- Up-to-date: /home/chaofan/model_benchmark/benchmark/openvino/install/runtime/3rdparty/tbb/include/oneapi/tbb/detail/_concurrent_queue_base.h
-- Up-to-date: /home/chaofan/model_benchmark/benchmark/openvino/install/runtime/3rdparty/tbb/include/oneapi/tbb/detail/_intrusive_list_node.h
-- Up-to-date: /home/chaofan/model_benchmark/benchmark/openvino/install/runtime/3rdparty/tbb/include/oneapi/tbb/detail/_hash_compare.h
-- Up-to-date: /home/chaofan/model_benchmark/benchmark/openvino/install/runtime/3rdparty/tbb/include/oneapi/tbb/detail/_waitable_atomic.h
-- Up-to-date: /home/chaofan/model_benchmark/benchmark/openvino/install/runtime/3rdparty/tbb/include/oneapi/tbb/detail/_flow_graph_impl.h
-- Up-to-date: /home/chaofan/model_benchmark/benchmark/openvino/install/runtime/3rdparty/tbb/include/oneapi/tbb/detail/_rtm_mutex.h
-- Up-to-date: /home/chaofan/model_benchmark/benchmark/openvino/install/runtime/3rdparty/tbb/include/oneapi/tbb/detail/_flow_graph_tagged_buffer_impl.h
-- Up-to-date: /home/chaofan/model_benchmark/benchmark/openvino/install/runtime/3rdparty/tbb/include/oneapi/tbb/detail/_namespace_injection.h
-- Up-to-date: /home/chaofan/model_benchmark/benchmark/openvino/install/runtime/3rdparty/tbb/include/oneapi/tbb/detail/_task_handle.h
-- Up-to-date: /home/chaofan/model_benchmark/benchmark/openvino/install/runtime/3rdparty/tbb/include/oneapi/tbb/detail/_flow_graph_indexer_impl.h
-- Up-to-date: /home/chaofan/model_benchmark/benchmark/openvino/install/runtime/3rdparty/tbb/include/oneapi/tbb/detail/_attach.h
-- Up-to-date: /home/chaofan/model_benchmark/benchmark/openvino/install/runtime/3rdparty/tbb/include/oneapi/tbb/detail/_flow_graph_cache_impl.h
-- Up-to-date: /home/chaofan/model_benchmark/benchmark/openvino/install/runtime/3rdparty/tbb/include/oneapi/tbb/detail/_pipeline_filters.h
-- Up-to-date: /home/chaofan/model_benchmark/benchmark/openvino/install/runtime/3rdparty/tbb/include/oneapi/tbb/detail/_export.h
-- Up-to-date: /home/chaofan/model_benchmark/benchmark/openvino/install/runtime/3rdparty/tbb/include/oneapi/tbb/detail/_string_resource.h
-- Up-to-date: /home/chaofan/model_benchmark/benchmark/openvino/install/runtime/3rdparty/tbb/include/oneapi/tbb/detail/_utils.h
-- Up-to-date: /home/chaofan/model_benchmark/benchmark/openvino/install/runtime/3rdparty/tbb/include/oneapi/tbb/detail/_flow_graph_body_impl.h
-- Up-to-date: /home/chaofan/model_benchmark/benchmark/openvino/install/runtime/3rdparty/tbb/include/oneapi/tbb/detail/_concurrent_unordered_base.h
-- Up-to-date: /home/chaofan/model_benchmark/benchmark/openvino/install/runtime/3rdparty/tbb/include/oneapi/tbb/detail/_flow_graph_node_set_impl.h
-- Up-to-date: /home/chaofan/model_benchmark/benchmark/openvino/install/runtime/3rdparty/tbb/include/oneapi/tbb/detail/_flow_graph_trace_impl.h
-- Up-to-date: /home/chaofan/model_benchmark/benchmark/openvino/install/runtime/3rdparty/tbb/include/oneapi/tbb/detail/_small_object_pool.h
-- Up-to-date: /home/chaofan/model_benchmark/benchmark/openvino/install/runtime/3rdparty/tbb/include/oneapi/tbb/detail/_assert.h
-- Up-to-date: /home/chaofan/model_benchmark/benchmark/openvino/install/runtime/3rdparty/tbb/include/oneapi/tbb/detail/_flow_graph_node_impl.h
-- Up-to-date: /home/chaofan/model_benchmark/benchmark/openvino/install/runtime/3rdparty/tbb/include/oneapi/tbb/detail/_containers_helpers.h
-- Up-to-date: /home/chaofan/model_benchmark/benchmark/openvino/install/runtime/3rdparty/tbb/include/oneapi/tbb/detail/_machine.h
-- Up-to-date: /home/chaofan/model_benchmark/benchmark/openvino/install/runtime/3rdparty/tbb/include/oneapi/tbb/detail/_config.h
-- Up-to-date: /home/chaofan/model_benchmark/benchmark/openvino/install/runtime/3rdparty/tbb/include/oneapi/tbb/detail/_flow_graph_types_impl.h
-- Up-to-date: /home/chaofan/model_benchmark/benchmark/openvino/install/runtime/3rdparty/tbb/include/oneapi/tbb/detail/_exception.h
-- Up-to-date: /home/chaofan/model_benchmark/benchmark/openvino/install/runtime/3rdparty/tbb/include/oneapi/tbb/detail/_mutex_common.h
-- Up-to-date: /home/chaofan/model_benchmark/benchmark/openvino/install/runtime/3rdparty/tbb/include/oneapi/tbb/detail/_flow_graph_nodes_deduction.h
-- Up-to-date: /home/chaofan/model_benchmark/benchmark/openvino/install/runtime/3rdparty/tbb/include/oneapi/tbb/detail/_flow_graph_item_buffer_impl.h
-- Up-to-date: /home/chaofan/model_benchmark/benchmark/openvino/install/runtime/3rdparty/tbb/include/oneapi/tbb/detail/_scoped_lock.h
-- Up-to-date: /home/chaofan/model_benchmark/benchmark/openvino/install/runtime/3rdparty/tbb/include/oneapi/tbb/detail/_flow_graph_join_impl.h
-- Up-to-date: /home/chaofan/model_benchmark/benchmark/openvino/install/runtime/3rdparty/tbb/include/oneapi/tbb/detail/_template_helpers.h
-- Up-to-date: /home/chaofan/model_benchmark/benchmark/openvino/install/runtime/3rdparty/tbb/include/oneapi/tbb/detail/_rtm_rw_mutex.h
-- Up-to-date: /home/chaofan/model_benchmark/benchmark/openvino/install/runtime/3rdparty/tbb/include/oneapi/tbb/detail/_task.h
-- Up-to-date: /home/chaofan/model_benchmark/benchmark/openvino/install/runtime/3rdparty/tbb/include/oneapi/tbb/detail/_pipeline_filters_deduction.h
-- Up-to-date: /home/chaofan/model_benchmark/benchmark/openvino/install/runtime/3rdparty/tbb/include/oneapi/tbb/detail/_concurrent_skip_list.h
-- Up-to-date: /home/chaofan/model_benchmark/benchmark/openvino/install/runtime/3rdparty/tbb/include/oneapi/tbb/detail/_node_handle.h
-- Up-to-date: /home/chaofan/model_benchmark/benchmark/openvino/install/runtime/3rdparty/tbb/include/oneapi/tbb/detail/_allocator_traits.h
-- Up-to-date: /home/chaofan/model_benchmark/benchmark/openvino/install/runtime/3rdparty/tbb/include/oneapi/tbb/detail/_range_common.h
-- Up-to-date: /home/chaofan/model_benchmark/benchmark/openvino/install/runtime/3rdparty/tbb/include/oneapi/tbb/concurrent_hash_map.h
-- Up-to-date: /home/chaofan/model_benchmark/benchmark/openvino/install/runtime/3rdparty/tbb/include/oneapi/tbb/parallel_pipeline.h
-- Up-to-date: /home/chaofan/model_benchmark/benchmark/openvino/install/runtime/3rdparty/tbb/include/oneapi/tbb/enumerable_thread_specific.h
-- Up-to-date: /home/chaofan/model_benchmark/benchmark/openvino/install/runtime/3rdparty/tbb/include/oneapi/tbb/parallel_sort.h
-- Up-to-date: /home/chaofan/model_benchmark/benchmark/openvino/install/runtime/3rdparty/tbb/include/oneapi/tbb/concurrent_queue.h
-- Up-to-date: /home/chaofan/model_benchmark/benchmark/openvino/install/runtime/3rdparty/tbb/include/oneapi/tbb/global_control.h
-- Up-to-date: /home/chaofan/model_benchmark/benchmark/openvino/install/runtime/3rdparty/tbb/include/oneapi/tbb/scalable_allocator.h
-- Up-to-date: /home/chaofan/model_benchmark/benchmark/openvino/install/runtime/3rdparty/tbb/include/oneapi/tbb/parallel_invoke.h
-- Up-to-date: /home/chaofan/model_benchmark/benchmark/openvino/install/runtime/3rdparty/tbb/include/oneapi/tbb/queuing_rw_mutex.h
-- Up-to-date: /home/chaofan/model_benchmark/benchmark/openvino/install/runtime/3rdparty/tbb/include/oneapi/tbb/concurrent_set.h
-- Up-to-date: /home/chaofan/model_benchmark/benchmark/openvino/install/runtime/3rdparty/tbb/include/oneapi/tbb/cache_aligned_allocator.h
-- Up-to-date: /home/chaofan/model_benchmark/benchmark/openvino/install/runtime/3rdparty/tbb/include/oneapi/tbb/concurrent_priority_queue.h
-- Up-to-date: /home/chaofan/model_benchmark/benchmark/openvino/install/runtime/3rdparty/tbb/include/oneapi/tbb/parallel_for_each.h
-- Up-to-date: /home/chaofan/model_benchmark/benchmark/openvino/install/runtime/3rdparty/tbb/include/oneapi/tbb/task_scheduler_observer.h
-- Up-to-date: /home/chaofan/model_benchmark/benchmark/openvino/install/runtime/3rdparty/tbb/include/oneapi/tbb/blocked_range2d.h
-- Up-to-date: /home/chaofan/model_benchmark/benchmark/openvino/install/runtime/3rdparty/tbb/include/oneapi/tbb/memory_pool.h
-- Up-to-date: /home/chaofan/model_benchmark/benchmark/openvino/install/runtime/3rdparty/tbb/include/oneapi/tbb/partitioner.h
-- Up-to-date: /home/chaofan/model_benchmark/benchmark/openvino/install/runtime/3rdparty/tbb/include/oneapi/tbb/parallel_reduce.h
-- Up-to-date: /home/chaofan/model_benchmark/benchmark/openvino/install/runtime/3rdparty/tbb/include/oneapi/tbb/spin_mutex.h
-- Up-to-date: /home/chaofan/model_benchmark/benchmark/openvino/install/runtime/3rdparty/tbb/include/oneapi/tbb/flow_graph.h
-- Up-to-date: /home/chaofan/model_benchmark/benchmark/openvino/install/runtime/3rdparty/tbb/include/oneapi/tbb/mutex.h
-- Up-to-date: /home/chaofan/model_benchmark/benchmark/openvino/install/runtime/3rdparty/tbb/include/oneapi/tbb/concurrent_unordered_set.h
-- Up-to-date: /home/chaofan/model_benchmark/benchmark/openvino/install/runtime/3rdparty/tbb/include/oneapi/tbb/rw_mutex.h
-- Up-to-date: /home/chaofan/model_benchmark/benchmark/openvino/install/runtime/3rdparty/tbb/include/oneapi/tbb/collaborative_call_once.h
-- Up-to-date: /home/chaofan/model_benchmark/benchmark/openvino/install/runtime/3rdparty/tbb/include/oneapi/tbb/concurrent_vector.h
-- Up-to-date: /home/chaofan/model_benchmark/benchmark/openvino/install/runtime/3rdparty/tbb/include/oneapi/tbb/task_arena.h
-- Up-to-date: /home/chaofan/model_benchmark/benchmark/openvino/install/runtime/3rdparty/tbb/include/oneapi/tbb/blocked_range3d.h
-- Up-to-date: /home/chaofan/model_benchmark/benchmark/openvino/install/runtime/3rdparty/tbb/include/oneapi/tbb/blocked_range.h
-- Up-to-date: /home/chaofan/model_benchmark/benchmark/openvino/install/runtime/3rdparty/tbb/include/oneapi/tbb/parallel_scan.h
-- Up-to-date: /home/chaofan/model_benchmark/benchmark/openvino/install/runtime/3rdparty/tbb/include/oneapi/tbb/spin_rw_mutex.h
-- Up-to-date: /home/chaofan/model_benchmark/benchmark/openvino/install/runtime/3rdparty/tbb/include/oneapi/tbb/version.h
-- Up-to-date: /home/chaofan/model_benchmark/benchmark/openvino/install/runtime/3rdparty/tbb/include/oneapi/tbb/concurrent_unordered_map.h
-- Up-to-date: /home/chaofan/model_benchmark/benchmark/openvino/install/runtime/3rdparty/tbb/include/oneapi/tbb/parallel_for.h
-- Up-to-date: /home/chaofan/model_benchmark/benchmark/openvino/install/runtime/3rdparty/tbb/include/oneapi/tbb/concurrent_lru_cache.h
-- Up-to-date: /home/chaofan/model_benchmark/benchmark/openvino/install/runtime/3rdparty/tbb/include/oneapi/tbb/tbbmalloc_proxy.h
-- Up-to-date: /home/chaofan/model_benchmark/benchmark/openvino/install/runtime/3rdparty/tbb/include/oneapi/tbb.h
-- Up-to-date: /home/chaofan/model_benchmark/benchmark/openvino/install/runtime/include
-- Up-to-date: /home/chaofan/model_benchmark/benchmark/openvino/install/runtime/include/openvino
-- Up-to-date: /home/chaofan/model_benchmark/benchmark/openvino/install/runtime/include/openvino/opsets
-- Up-to-date: /home/chaofan/model_benchmark/benchmark/openvino/install/runtime/include/openvino/opsets/opset5.hpp
-- Up-to-date: /home/chaofan/model_benchmark/benchmark/openvino/install/runtime/include/openvino/opsets/opset9_tbl.hpp
-- Up-to-date: /home/chaofan/model_benchmark/benchmark/openvino/install/runtime/include/openvino/opsets/opset12.hpp
-- Up-to-date: /home/chaofan/model_benchmark/benchmark/openvino/install/runtime/include/openvino/opsets/opset2_tbl.hpp
-- Up-to-date: /home/chaofan/model_benchmark/benchmark/openvino/install/runtime/include/openvino/opsets/opset6_tbl.hpp
-- Up-to-date: /home/chaofan/model_benchmark/benchmark/openvino/install/runtime/include/openvino/opsets/opset8_tbl.hpp
-- Up-to-date: /home/chaofan/model_benchmark/benchmark/openvino/install/runtime/include/openvino/opsets/opset13_tbl.hpp
-- Up-to-date: /home/chaofan/model_benchmark/benchmark/openvino/install/runtime/include/openvino/opsets/opset10_tbl.hpp
-- Up-to-date: /home/chaofan/model_benchmark/benchmark/openvino/install/runtime/include/openvino/opsets/opset.hpp
-- Up-to-date: /home/chaofan/model_benchmark/benchmark/openvino/install/runtime/include/openvino/opsets/opset16.hpp
-- Up-to-date: /home/chaofan/model_benchmark/benchmark/openvino/install/runtime/include/openvino/opsets/opset11.hpp
-- Up-to-date: /home/chaofan/model_benchmark/benchmark/openvino/install/runtime/include/openvino/opsets/opset16_tbl.hpp
-- Up-to-date: /home/chaofan/model_benchmark/benchmark/openvino/install/runtime/include/openvino/opsets/opset3_tbl.hpp
-- Up-to-date: /home/chaofan/model_benchmark/benchmark/openvino/install/runtime/include/openvino/opsets/opset3.hpp
-- Up-to-date: /home/chaofan/model_benchmark/benchmark/openvino/install/runtime/include/openvino/opsets/opset14.hpp
-- Up-to-date: /home/chaofan/model_benchmark/benchmark/openvino/install/runtime/include/openvino/opsets/opset11_tbl.hpp
-- Up-to-date: /home/chaofan/model_benchmark/benchmark/openvino/install/runtime/include/openvino/opsets/opset7.hpp
-- Up-to-date: /home/chaofan/model_benchmark/benchmark/openvino/install/runtime/include/openvino/opsets/opset15_tbl.hpp
-- Up-to-date: /home/chaofan/model_benchmark/benchmark/openvino/install/runtime/include/openvino/opsets/opset14_tbl.hpp
-- Up-to-date: /home/chaofan/model_benchmark/benchmark/openvino/install/runtime/include/openvino/opsets/opset4.hpp
-- Up-to-date: /home/chaofan/model_benchmark/benchmark/openvino/install/runtime/include/openvino/opsets/opset7_tbl.hpp
-- Up-to-date: /home/chaofan/model_benchmark/benchmark/openvino/install/runtime/include/openvino/opsets/opset12_tbl.hpp
-- Up-to-date: /home/chaofan/model_benchmark/benchmark/openvino/install/runtime/include/openvino/opsets/opset17_tbl.hpp
-- Up-to-date: /home/chaofan/model_benchmark/benchmark/openvino/install/runtime/include/openvino/opsets/opset13.hpp
-- Up-to-date: /home/chaofan/model_benchmark/benchmark/openvino/install/runtime/include/openvino/opsets/opset8.hpp
-- Up-to-date: /home/chaofan/model_benchmark/benchmark/openvino/install/runtime/include/openvino/opsets/opset6.hpp
-- Up-to-date: /home/chaofan/model_benchmark/benchmark/openvino/install/runtime/include/openvino/opsets/opset17.hpp
-- Up-to-date: /home/chaofan/model_benchmark/benchmark/openvino/install/runtime/include/openvino/opsets/opset1_tbl.hpp
-- Up-to-date: /home/chaofan/model_benchmark/benchmark/openvino/install/runtime/include/openvino/opsets/opset1.hpp
-- Up-to-date: /home/chaofan/model_benchmark/benchmark/openvino/install/runtime/include/openvino/opsets/opset9.hpp
-- Up-to-date: /home/chaofan/model_benchmark/benchmark/openvino/install/runtime/include/openvino/opsets/opset2.hpp
-- Up-to-date: /home/chaofan/model_benchmark/benchmark/openvino/install/runtime/include/openvino/opsets/opset15.hpp
-- Up-to-date: /home/chaofan/model_benchmark/benchmark/openvino/install/runtime/include/openvino/opsets/opset5_tbl.hpp
-- Up-to-date: /home/chaofan/model_benchmark/benchmark/openvino/install/runtime/include/openvino/opsets/opset10.hpp
-- Up-to-date: /home/chaofan/model_benchmark/benchmark/openvino/install/runtime/include/openvino/opsets/opset4_tbl.hpp
-- Up-to-date: /home/chaofan/model_benchmark/benchmark/openvino/install/runtime/include/openvino/pass
-- Up-to-date: /home/chaofan/model_benchmark/benchmark/openvino/install/runtime/include/openvino/pass/backward_graph_rewrite.hpp
-- Up-to-date: /home/chaofan/model_benchmark/benchmark/openvino/install/runtime/include/openvino/pass/low_latency.hpp
-- Up-to-date: /home/chaofan/model_benchmark/benchmark/openvino/install/runtime/include/openvino/pass/serialize.hpp
-- Up-to-date: /home/chaofan/model_benchmark/benchmark/openvino/install/runtime/include/openvino/pass/manager.hpp
-- Up-to-date: /home/chaofan/model_benchmark/benchmark/openvino/install/runtime/include/openvino/pass/pass_config.hpp
-- Up-to-date: /home/chaofan/model_benchmark/benchmark/openvino/install/runtime/include/openvino/pass/pass.hpp
-- Up-to-date: /home/chaofan/model_benchmark/benchmark/openvino/install/runtime/include/openvino/pass/convert_fp32_to_fp16.hpp
-- Up-to-date: /home/chaofan/model_benchmark/benchmark/openvino/install/runtime/include/openvino/pass/graph_rewrite.hpp
-- Up-to-date: /home/chaofan/model_benchmark/benchmark/openvino/install/runtime/include/openvino/pass/visualize_tree.hpp
-- Up-to-date: /home/chaofan/model_benchmark/benchmark/openvino/install/runtime/include/openvino/pass/matcher_pass.hpp
-- Up-to-date: /home/chaofan/model_benchmark/benchmark/openvino/install/runtime/include/openvino/pass/sdpa_to_vlsdpa.hpp
-- Up-to-date: /home/chaofan/model_benchmark/benchmark/openvino/install/runtime/include/openvino/pass/validate.hpp
-- Up-to-date: /home/chaofan/model_benchmark/benchmark/openvino/install/runtime/include/openvino/pass/node_registry.hpp
-- Up-to-date: /home/chaofan/model_benchmark/benchmark/openvino/install/runtime/include/openvino/pass/stateful_to_stateless.hpp
-- Up-to-date: /home/chaofan/model_benchmark/benchmark/openvino/install/runtime/include/openvino/pass/make_stateful.hpp
-- Up-to-date: /home/chaofan/model_benchmark/benchmark/openvino/install/runtime/include/openvino/pass/pattern
-- Up-to-date: /home/chaofan/model_benchmark/benchmark/openvino/install/runtime/include/openvino/pass/pattern/matcher.hpp
-- Up-to-date: /home/chaofan/model_benchmark/benchmark/openvino/install/runtime/include/openvino/pass/pattern/multi_matcher.hpp
-- Up-to-date: /home/chaofan/model_benchmark/benchmark/openvino/install/runtime/include/openvino/pass/pattern/op
-- Up-to-date: /home/chaofan/model_benchmark/benchmark/openvino/install/runtime/include/openvino/pass/pattern/op/op.hpp
-- Up-to-date: /home/chaofan/model_benchmark/benchmark/openvino/install/runtime/include/openvino/pass/pattern/op/predicate.hpp
-- Up-to-date: /home/chaofan/model_benchmark/benchmark/openvino/install/runtime/include/openvino/pass/pattern/op/any.hpp
-- Up-to-date: /home/chaofan/model_benchmark/benchmark/openvino/install/runtime/include/openvino/pass/pattern/op/any_output.hpp
-- Up-to-date: /home/chaofan/model_benchmark/benchmark/openvino/install/runtime/include/openvino/pass/pattern/op/any_of.hpp
-- Up-to-date: /home/chaofan/model_benchmark/benchmark/openvino/install/runtime/include/openvino/pass/pattern/op/or.hpp
-- Up-to-date: /home/chaofan/model_benchmark/benchmark/openvino/install/runtime/include/openvino/pass/pattern/op/label.hpp
-- Up-to-date: /home/chaofan/model_benchmark/benchmark/openvino/install/runtime/include/openvino/pass/pattern/op/block_util.hpp
-- Up-to-date: /home/chaofan/model_benchmark/benchmark/openvino/install/runtime/include/openvino/pass/pattern/op/true.hpp
-- Up-to-date: /home/chaofan/model_benchmark/benchmark/openvino/install/runtime/include/openvino/pass/pattern/op/wrap_type.hpp
-- Up-to-date: /home/chaofan/model_benchmark/benchmark/openvino/install/runtime/include/openvino/pass/pattern/op/block.hpp
-- Up-to-date: /home/chaofan/model_benchmark/benchmark/openvino/install/runtime/include/openvino/pass/pattern/op/pattern.hpp
-- Up-to-date: /home/chaofan/model_benchmark/benchmark/openvino/install/runtime/include/openvino/pass/pattern/op/optional.hpp
-- Up-to-date: /home/chaofan/model_benchmark/benchmark/openvino/install/runtime/include/openvino/pass/pa_kv_reorder_fusion.hpp
-- Up-to-date: /home/chaofan/model_benchmark/benchmark/openvino/install/runtime/include/openvino/pass/constant_folding.hpp
-- Up-to-date: /home/chaofan/model_benchmark/benchmark/openvino/install/runtime/include/openvino/pass/sdpa_to_paged_attention.hpp
-- Up-to-date: /home/chaofan/model_benchmark/benchmark/openvino/install/runtime/include/openvino/op
-- Up-to-date: /home/chaofan/model_benchmark/benchmark/openvino/install/runtime/include/openvino/op/embeddingbag_packedsum.hpp
-- Up-to-date: /home/chaofan/model_benchmark/benchmark/openvino/install/runtime/include/openvino/op/minimum.hpp
-- Up-to-date: /home/chaofan/model_benchmark/benchmark/openvino/install/runtime/include/openvino/op/matrix_nms.hpp
-- Up-to-date: /home/chaofan/model_benchmark/benchmark/openvino/install/runtime/include/openvino/op/experimental_detectron_detection_output.hpp
-- Up-to-date: /home/chaofan/model_benchmark/benchmark/openvino/install/runtime/include/openvino/op/cos.hpp
-- Up-to-date: /home/chaofan/model_benchmark/benchmark/openvino/install/runtime/include/openvino/op/prior_box_clustered.hpp
-- Up-to-date: /home/chaofan/model_benchmark/benchmark/openvino/install/runtime/include/openvino/op/experimental_detectron_generate_proposals.hpp
-- Up-to-date: /home/chaofan/model_benchmark/benchmark/openvino/install/runtime/include/openvino/op/embeddingbag_offsets.hpp
-- Up-to-date: /home/chaofan/model_benchmark/benchmark/openvino/install/runtime/include/openvino/op/softsign.hpp
-- Up-to-date: /home/chaofan/model_benchmark/benchmark/openvino/install/runtime/include/openvino/op/op.hpp
-- Up-to-date: /home/chaofan/model_benchmark/benchmark/openvino/install/runtime/include/openvino/op/logical_not.hpp
-- Up-to-date: /home/chaofan/model_benchmark/benchmark/openvino/install/runtime/include/openvino/op/selu.hpp
-- Up-to-date: /home/chaofan/model_benchmark/benchmark/openvino/install/runtime/include/openvino/op/identity.hpp
-- Up-to-date: /home/chaofan/model_benchmark/benchmark/openvino/install/runtime/include/openvino/op/split.hpp
-- Up-to-date: /home/chaofan/model_benchmark/benchmark/openvino/install/runtime/include/openvino/op/reduce_l2.hpp
-- Up-to-date: /home/chaofan/model_benchmark/benchmark/openvino/install/runtime/include/openvino/op/i420_to_rgb.hpp
-- Up-to-date: /home/chaofan/model_benchmark/benchmark/openvino/install/runtime/include/openvino/op/maximum.hpp
-- Up-to-date: /home/chaofan/model_benchmark/benchmark/openvino/install/runtime/include/openvino/op/atanh.hpp
-- Up-to-date: /home/chaofan/model_benchmark/benchmark/openvino/install/runtime/include/openvino/op/grn.hpp
-- Up-to-date: /home/chaofan/model_benchmark/benchmark/openvino/install/runtime/include/openvino/op/deformable_convolution.hpp
-- Up-to-date: /home/chaofan/model_benchmark/benchmark/openvino/install/runtime/include/openvino/op/roll.hpp
-- Up-to-date: /home/chaofan/model_benchmark/benchmark/openvino/install/runtime/include/openvino/op/reduce_logical_and.hpp
-- Up-to-date: /home/chaofan/model_benchmark/benchmark/openvino/install/runtime/include/openvino/op/convolution.hpp
-- Up-to-date: /home/chaofan/model_benchmark/benchmark/openvino/install/runtime/include/openvino/op/unique.hpp
-- Up-to-date: /home/chaofan/model_benchmark/benchmark/openvino/install/runtime/include/openvino/op/tan.hpp
-- Up-to-date: /home/chaofan/model_benchmark/benchmark/openvino/install/runtime/include/openvino/op/rdft.hpp
-- Up-to-date: /home/chaofan/model_benchmark/benchmark/openvino/install/runtime/include/openvino/op/parameter.hpp
-- Up-to-date: /home/chaofan/model_benchmark/benchmark/openvino/install/runtime/include/openvino/op/cosh.hpp
-- Up-to-date: /home/chaofan/model_benchmark/benchmark/openvino/install/runtime/include/openvino/op/power.hpp
-- Up-to-date: /home/chaofan/model_benchmark/benchmark/openvino/install/runtime/include/openvino/op/loop.hpp
-- Up-to-date: /home/chaofan/model_benchmark/benchmark/openvino/install/runtime/include/openvino/op/experimental_detectron_prior_grid_generator.hpp
-- Up-to-date: /home/chaofan/model_benchmark/benchmark/openvino/install/runtime/include/openvino/op/batch_norm.hpp
-- Up-to-date: /home/chaofan/model_benchmark/benchmark/openvino/install/runtime/include/openvino/op/tile.hpp
-- Up-to-date: /home/chaofan/model_benchmark/benchmark/openvino/install/runtime/include/openvino/op/space_to_depth.hpp
-- Up-to-date: /home/chaofan/model_benchmark/benchmark/openvino/install/runtime/include/openvino/op/gru_cell.hpp
-- Up-to-date: /home/chaofan/model_benchmark/benchmark/openvino/install/runtime/include/openvino/op/ceiling.hpp
-- Up-to-date: /home/chaofan/model_benchmark/benchmark/openvino/install/runtime/include/openvino/op/non_max_suppression.hpp
-- Up-to-date: /home/chaofan/model_benchmark/benchmark/openvino/install/runtime/include/openvino/op/space_to_batch.hpp
-- Up-to-date: /home/chaofan/model_benchmark/benchmark/openvino/install/runtime/include/openvino/op/softplus.hpp
-- Up-to-date: /home/chaofan/model_benchmark/benchmark/openvino/install/runtime/include/openvino/op/reduce_min.hpp
-- Up-to-date: /home/chaofan/model_benchmark/benchmark/openvino/install/runtime/include/openvino/op/squared_difference.hpp
-- Up-to-date: /home/chaofan/model_benchmark/benchmark/openvino/install/runtime/include/openvino/op/sink.hpp
-- Up-to-date: /home/chaofan/model_benchmark/benchmark/openvino/install/runtime/include/openvino/op/ops.hpp
-- Up-to-date: /home/chaofan/model_benchmark/benchmark/openvino/install/runtime/include/openvino/op/idft.hpp
-- Up-to-date: /home/chaofan/model_benchmark/benchmark/openvino/install/runtime/include/openvino/op/reduce_logical_or.hpp
-- Up-to-date: /home/chaofan/model_benchmark/benchmark/openvino/install/runtime/include/openvino/op/logical_or.hpp
-- Up-to-date: /home/chaofan/model_benchmark/benchmark/openvino/install/runtime/include/openvino/op/convert.hpp
-- Up-to-date: /home/chaofan/model_benchmark/benchmark/openvino/install/runtime/include/openvino/op/divide.hpp
-- Up-to-date: /home/chaofan/model_benchmark/benchmark/openvino/install/runtime/include/openvino/op/proposal.hpp
-- Up-to-date: /home/chaofan/model_benchmark/benchmark/openvino/install/runtime/include/openvino/op/segment_max.hpp
-- Up-to-date: /home/chaofan/model_benchmark/benchmark/openvino/install/runtime/include/openvino/op/atan.hpp
-- Up-to-date: /home/chaofan/model_benchmark/benchmark/openvino/install/runtime/include/openvino/op/experimental_detectron_topkrois.hpp
-- Up-to-date: /home/chaofan/model_benchmark/benchmark/openvino/install/runtime/include/openvino/op/dft.hpp
-- Up-to-date: /home/chaofan/model_benchmark/benchmark/openvino/install/runtime/include/openvino/op/irdft.hpp
-- Up-to-date: /home/chaofan/model_benchmark/benchmark/openvino/install/runtime/include/openvino/op/lstm_cell.hpp
-- Up-to-date: /home/chaofan/model_benchmark/benchmark/openvino/install/runtime/include/openvino/op/rnn_sequence.hpp
-- Up-to-date: /home/chaofan/model_benchmark/benchmark/openvino/install/runtime/include/openvino/op/istft.hpp
-- Up-to-date: /home/chaofan/model_benchmark/benchmark/openvino/install/runtime/include/openvino/op/reorg_yolo.hpp
-- Up-to-date: /home/chaofan/model_benchmark/benchmark/openvino/install/runtime/include/openvino/op/is_inf.hpp
-- Up-to-date: /home/chaofan/model_benchmark/benchmark/openvino/install/runtime/include/openvino/op/concat.hpp
-- Up-to-date: /home/chaofan/model_benchmark/benchmark/openvino/install/runtime/include/openvino/op/bitwise_or.hpp
-- Up-to-date: /home/chaofan/model_benchmark/benchmark/openvino/install/runtime/include/openvino/op/util
-- Up-to-date: /home/chaofan/model_benchmark/benchmark/openvino/install/runtime/include/openvino/op/util/recurrent_sequence.hpp
-- Up-to-date: /home/chaofan/model_benchmark/benchmark/openvino/install/runtime/include/openvino/op/util/elementwise_args.hpp
-- Up-to-date: /home/chaofan/model_benchmark/benchmark/openvino/install/runtime/include/openvino/op/util/convert_color_nv12_base.hpp
-- Up-to-date: /home/chaofan/model_benchmark/benchmark/openvino/install/runtime/include/openvino/op/util/variable_context.hpp
-- Up-to-date: /home/chaofan/model_benchmark/benchmark/openvino/install/runtime/include/openvino/op/util/variable_value.hpp
-- Up-to-date: /home/chaofan/model_benchmark/benchmark/openvino/install/runtime/include/openvino/op/util/activation_functions.hpp
-- Up-to-date: /home/chaofan/model_benchmark/benchmark/openvino/install/runtime/include/openvino/op/util/roi_align_base.hpp
-- Up-to-date: /home/chaofan/model_benchmark/benchmark/openvino/install/runtime/include/openvino/op/util/detection_output_base.hpp
-- Up-to-date: /home/chaofan/model_benchmark/benchmark/openvino/install/runtime/include/openvino/op/util/avg_pool_base.hpp
-- Up-to-date: /home/chaofan/model_benchmark/benchmark/openvino/install/runtime/include/openvino/op/util/scatter_nd_base.hpp
-- Up-to-date: /home/chaofan/model_benchmark/benchmark/openvino/install/runtime/include/openvino/op/util/topk_base.hpp
-- Up-to-date: /home/chaofan/model_benchmark/benchmark/openvino/install/runtime/include/openvino/op/util/read_value_base.hpp
-- Up-to-date: /home/chaofan/model_benchmark/benchmark/openvino/install/runtime/include/openvino/op/util/scatter_elements_update_base.hpp
-- Up-to-date: /home/chaofan/model_benchmark/benchmark/openvino/install/runtime/include/openvino/op/util/unary_elementwise_arithmetic.hpp
-- Up-to-date: /home/chaofan/model_benchmark/benchmark/openvino/install/runtime/include/openvino/op/util/convert_color_i420_base.hpp
-- Up-to-date: /home/chaofan/model_benchmark/benchmark/openvino/install/runtime/include/openvino/op/util/deformable_convolution_base.hpp
-- Up-to-date: /home/chaofan/model_benchmark/benchmark/openvino/install/runtime/include/openvino/op/util/binary_elementwise_bitwise.hpp
-- Up-to-date: /home/chaofan/model_benchmark/benchmark/openvino/install/runtime/include/openvino/op/util/logical_reduction_keep_dims.hpp
-- Up-to-date: /home/chaofan/model_benchmark/benchmark/openvino/install/runtime/include/openvino/op/util/binary_elementwise_comparison.hpp
-- Up-to-date: /home/chaofan/model_benchmark/benchmark/openvino/install/runtime/include/openvino/op/util/framework_node.hpp
-- Up-to-date: /home/chaofan/model_benchmark/benchmark/openvino/install/runtime/include/openvino/op/util/embeddingbag_offsets_base.hpp
-- Up-to-date: /home/chaofan/model_benchmark/benchmark/openvino/install/runtime/include/openvino/op/util/squeeze_base.hpp
-- Up-to-date: /home/chaofan/model_benchmark/benchmark/openvino/install/runtime/include/openvino/op/util/scatter_base.hpp
-- Up-to-date: /home/chaofan/model_benchmark/benchmark/openvino/install/runtime/include/openvino/op/util/embeddingbag_packed_base.hpp
-- Up-to-date: /home/chaofan/model_benchmark/benchmark/openvino/install/runtime/include/openvino/op/util/sub_graph_base.hpp
-- Up-to-date: /home/chaofan/model_benchmark/benchmark/openvino/install/runtime/include/openvino/op/util/one_hot_base.hpp
-- Up-to-date: /home/chaofan/model_benchmark/benchmark/openvino/install/runtime/include/openvino/op/util/arithmetic_reduction.hpp
-- Up-to-date: /home/chaofan/model_benchmark/benchmark/openvino/install/runtime/include/openvino/op/util/fft_base.hpp
-- Up-to-date: /home/chaofan/model_benchmark/benchmark/openvino/install/runtime/include/openvino/op/util/binary_elementwise_logical.hpp
-- Up-to-date: /home/chaofan/model_benchmark/benchmark/openvino/install/runtime/include/openvino/op/util/pad_base.hpp
-- Up-to-date: /home/chaofan/model_benchmark/benchmark/openvino/install/runtime/include/openvino/op/util/convolution_backprop_base.hpp
-- Up-to-date: /home/chaofan/model_benchmark/benchmark/openvino/install/runtime/include/openvino/op/util/variable_extension.hpp
-- Up-to-date: /home/chaofan/model_benchmark/benchmark/openvino/install/runtime/include/openvino/op/util/assign_base.hpp
-- Up-to-date: /home/chaofan/model_benchmark/benchmark/openvino/install/runtime/include/openvino/op/util/variable.hpp
-- Up-to-date: /home/chaofan/model_benchmark/benchmark/openvino/install/runtime/include/openvino/op/util/interpolate_base.hpp
-- Up-to-date: /home/chaofan/model_benchmark/benchmark/openvino/install/runtime/include/openvino/op/util/attr_types.hpp
-- Up-to-date: /home/chaofan/model_benchmark/benchmark/openvino/install/runtime/include/openvino/op/util/binary_elementwise_arithmetic.hpp
-- Up-to-date: /home/chaofan/model_benchmark/benchmark/openvino/install/runtime/include/openvino/op/util/gather_base.hpp
-- Up-to-date: /home/chaofan/model_benchmark/benchmark/openvino/install/runtime/include/openvino/op/util/multiclass_nms_base.hpp
-- Up-to-date: /home/chaofan/model_benchmark/benchmark/openvino/install/runtime/include/openvino/op/util/index_reduction.hpp
-- Up-to-date: /home/chaofan/model_benchmark/benchmark/openvino/install/runtime/include/openvino/op/util/logical_reduction.hpp
-- Up-to-date: /home/chaofan/model_benchmark/benchmark/openvino/install/runtime/include/openvino/op/util/symbolic_info.hpp
-- Up-to-date: /home/chaofan/model_benchmark/benchmark/openvino/install/runtime/include/openvino/op/util/max_pool_base.hpp
-- Up-to-date: /home/chaofan/model_benchmark/benchmark/openvino/install/runtime/include/openvino/op/util/op_types.hpp
-- Up-to-date: /home/chaofan/model_benchmark/benchmark/openvino/install/runtime/include/openvino/op/util/reduction_base.hpp
-- Up-to-date: /home/chaofan/model_benchmark/benchmark/openvino/install/runtime/include/openvino/op/util/convolution_base.hpp
-- Up-to-date: /home/chaofan/model_benchmark/benchmark/openvino/install/runtime/include/openvino/op/util/gather_nd_base.hpp
-- Up-to-date: /home/chaofan/model_benchmark/benchmark/openvino/install/runtime/include/openvino/op/util/shape_of_base.hpp
-- Up-to-date: /home/chaofan/model_benchmark/benchmark/openvino/install/runtime/include/openvino/op/util/precision_sensitive_attribute.hpp
-- Up-to-date: /home/chaofan/model_benchmark/benchmark/openvino/install/runtime/include/openvino/op/util/broadcast_base.hpp
-- Up-to-date: /home/chaofan/model_benchmark/benchmark/openvino/install/runtime/include/openvino/op/util/rnn_cell_base.hpp
-- Up-to-date: /home/chaofan/model_benchmark/benchmark/openvino/install/runtime/include/openvino/op/util/multi_subgraph_base.hpp
-- Up-to-date: /home/chaofan/model_benchmark/benchmark/openvino/install/runtime/include/openvino/op/util/arithmetic_reductions_keep_dims.hpp
-- Up-to-date: /home/chaofan/model_benchmark/benchmark/openvino/install/runtime/include/openvino/op/prior_box.hpp
-- Up-to-date: /home/chaofan/model_benchmark/benchmark/openvino/install/runtime/include/openvino/op/fake_quantize.hpp
-- Up-to-date: /home/chaofan/model_benchmark/benchmark/openvino/install/runtime/include/openvino/op/i420_to_bgr.hpp
-- Up-to-date: /home/chaofan/model_benchmark/benchmark/openvino/install/runtime/include/openvino/op/gather_tree.hpp
-- Up-to-date: /home/chaofan/model_benchmark/benchmark/openvino/install/runtime/include/openvino/op/gelu.hpp
-- Up-to-date: /home/chaofan/model_benchmark/benchmark/openvino/install/runtime/include/openvino/op/convert_promote_types.hpp
-- Up-to-date: /home/chaofan/model_benchmark/benchmark/openvino/install/runtime/include/openvino/op/topk.hpp
-- Up-to-date: /home/chaofan/model_benchmark/benchmark/openvino/install/runtime/include/openvino/op/acos.hpp
-- Up-to-date: /home/chaofan/model_benchmark/benchmark/openvino/install/runtime/include/openvino/op/sign.hpp
-- Up-to-date: /home/chaofan/model_benchmark/benchmark/openvino/install/runtime/include/openvino/op/max_pool.hpp
-- Up-to-date: /home/chaofan/model_benchmark/benchmark/openvino/install/runtime/include/openvino/op/sigmoid.hpp
-- Up-to-date: /home/chaofan/model_benchmark/benchmark/openvino/install/runtime/include/openvino/op/greater_eq.hpp
-- Up-to-date: /home/chaofan/model_benchmark/benchmark/openvino/install/runtime/include/openvino/op/bitwise_xor.hpp
-- Up-to-date: /home/chaofan/model_benchmark/benchmark/openvino/install/runtime/include/openvino/op/slice_scatter.hpp
-- Up-to-date: /home/chaofan/model_benchmark/benchmark/openvino/install/runtime/include/openvino/op/bucketize.hpp
-- Up-to-date: /home/chaofan/model_benchmark/benchmark/openvino/install/runtime/include/openvino/op/tensor_iterator.hpp
-- Up-to-date: /home/chaofan/model_benchmark/benchmark/openvino/install/runtime/include/openvino/op/strided_slice.hpp
-- Up-to-date: /home/chaofan/model_benchmark/benchmark/openvino/install/runtime/include/openvino/op/constant.hpp
-- Up-to-date: /home/chaofan/model_benchmark/benchmark/openvino/install/runtime/include/openvino/op/bitwise_right_shift.hpp
-- Up-to-date: /home/chaofan/model_benchmark/benchmark/openvino/install/runtime/include/openvino/op/reduce_prod.hpp
-- Up-to-date: /home/chaofan/model_benchmark/benchmark/openvino/install/runtime/include/openvino/op/gather.hpp
-- Up-to-date: /home/chaofan/model_benchmark/benchmark/openvino/install/runtime/include/openvino/op/string_tensor_pack.hpp
-- Up-to-date: /home/chaofan/model_benchmark/benchmark/openvino/install/runtime/include/openvino/op/interpolate.hpp
-- Up-to-date: /home/chaofan/model_benchmark/benchmark/openvino/install/runtime/include/openvino/op/variadic_split.hpp
-- Up-to-date: /home/chaofan/model_benchmark/benchmark/openvino/install/runtime/include/openvino/op/transpose.hpp
-- Up-to-date: /home/chaofan/model_benchmark/benchmark/openvino/install/runtime/include/openvino/op/einsum.hpp
-- Up-to-date: /home/chaofan/model_benchmark/benchmark/openvino/install/runtime/include/openvino/op/reverse_sequence.hpp
-- Up-to-date: /home/chaofan/model_benchmark/benchmark/openvino/install/runtime/include/openvino/op/erfinv.hpp
-- Up-to-date: /home/chaofan/model_benchmark/benchmark/openvino/install/runtime/include/openvino/op/abs.hpp
-- Up-to-date: /home/chaofan/model_benchmark/benchmark/openvino/install/runtime/include/openvino/op/ctc_greedy_decoder.hpp
-- Up-to-date: /home/chaofan/model_benchmark/benchmark/openvino/install/runtime/include/openvino/op/fake_convert.hpp
-- Up-to-date: /home/chaofan/model_benchmark/benchmark/openvino/install/runtime/include/openvino/op/floor.hpp
-- Up-to-date: /home/chaofan/model_benchmark/benchmark/openvino/install/runtime/include/openvino/op/hswish.hpp
-- Up-to-date: /home/chaofan/model_benchmark/benchmark/openvino/install/runtime/include/openvino/op/acosh.hpp
-- Up-to-date: /home/chaofan/model_benchmark/benchmark/openvino/install/runtime/include/openvino/op/assign.hpp
-- Up-to-date: /home/chaofan/model_benchmark/benchmark/openvino/install/runtime/include/openvino/op/gru_sequence.hpp
-- Up-to-date: /home/chaofan/model_benchmark/benchmark/openvino/install/runtime/include/openvino/op/range.hpp
-- Up-to-date: /home/chaofan/model_benchmark/benchmark/openvino/install/runtime/include/openvino/op/scatter_elements_update.hpp
-- Up-to-date: /home/chaofan/model_benchmark/benchmark/openvino/install/runtime/include/openvino/op/log.hpp
-- Up-to-date: /home/chaofan/model_benchmark/benchmark/openvino/install/runtime/include/openvino/op/generate_proposals.hpp
-- Up-to-date: /home/chaofan/model_benchmark/benchmark/openvino/install/runtime/include/openvino/op/binary_convolution.hpp
-- Up-to-date: /home/chaofan/model_benchmark/benchmark/openvino/install/runtime/include/openvino/op/lrn.hpp
-- Up-to-date: /home/chaofan/model_benchmark/benchmark/openvino/install/runtime/include/openvino/op/logical_and.hpp
-- Up-to-date: /home/chaofan/model_benchmark/benchmark/openvino/install/runtime/include/openvino/op/sqrt.hpp
-- Up-to-date: /home/chaofan/model_benchmark/benchmark/openvino/install/runtime/include/openvino/op/nv12_to_bgr.hpp
-- Up-to-date: /home/chaofan/model_benchmark/benchmark/openvino/install/runtime/include/openvino/op/result.hpp
-- Up-to-date: /home/chaofan/model_benchmark/benchmark/openvino/install/runtime/include/openvino/op/non_zero.hpp
-- Up-to-date: /home/chaofan/model_benchmark/benchmark/openvino/install/runtime/include/openvino/op/roi_pooling.hpp
-- Up-to-date: /home/chaofan/model_benchmark/benchmark/openvino/install/runtime/include/openvino/op/hsigmoid.hpp
-- Up-to-date: /home/chaofan/model_benchmark/benchmark/openvino/install/runtime/include/openvino/op/adaptive_avg_pool.hpp
-- Up-to-date: /home/chaofan/model_benchmark/benchmark/openvino/install/runtime/include/openvino/op/experimental_detectron_roi_feature.hpp
-- Up-to-date: /home/chaofan/model_benchmark/benchmark/openvino/install/runtime/include/openvino/op/batch_to_space.hpp
-- Up-to-date: /home/chaofan/model_benchmark/benchmark/openvino/install/runtime/include/openvino/op/inverse.hpp
-- Up-to-date: /home/chaofan/model_benchmark/benchmark/openvino/install/runtime/include/openvino/op/swish.hpp
-- Up-to-date: /home/chaofan/model_benchmark/benchmark/openvino/install/runtime/include/openvino/op/gather_nd.hpp
-- Up-to-date: /home/chaofan/model_benchmark/benchmark/openvino/install/runtime/include/openvino/op/nms_rotated.hpp
-- Up-to-date: /home/chaofan/model_benchmark/benchmark/openvino/install/runtime/include/openvino/op/rnn_cell.hpp
-- Up-to-date: /home/chaofan/model_benchmark/benchmark/openvino/install/runtime/include/openvino/op/stft.hpp
-- Up-to-date: /home/chaofan/model_benchmark/benchmark/openvino/install/runtime/include/openvino/op/col2im.hpp
-- Up-to-date: /home/chaofan/model_benchmark/benchmark/openvino/install/runtime/include/openvino/op/eye.hpp
-- Up-to-date: /home/chaofan/model_benchmark/benchmark/openvino/install/runtime/include/openvino/op/scatter_update.hpp
-- Up-to-date: /home/chaofan/model_benchmark/benchmark/openvino/install/runtime/include/openvino/op/round.hpp
-- Up-to-date: /home/chaofan/model_benchmark/benchmark/openvino/install/runtime/include/openvino/op/mod.hpp
-- Up-to-date: /home/chaofan/model_benchmark/benchmark/openvino/install/runtime/include/openvino/op/xor.hpp
-- Up-to-date: /home/chaofan/model_benchmark/benchmark/openvino/install/runtime/include/openvino/op/hard_sigmoid.hpp
-- Up-to-date: /home/chaofan/model_benchmark/benchmark/openvino/install/runtime/include/openvino/op/multinomial.hpp
-- Up-to-date: /home/chaofan/model_benchmark/benchmark/openvino/install/runtime/include/openvino/op/floor_mod.hpp
-- Up-to-date: /home/chaofan/model_benchmark/benchmark/openvino/install/runtime/include/openvino/op/gather_elements.hpp
-- Up-to-date: /home/chaofan/model_benchmark/benchmark/openvino/install/runtime/include/openvino/op/deformable_psroi_pooling.hpp
-- Up-to-date: /home/chaofan/model_benchmark/benchmark/openvino/install/runtime/include/openvino/op/embeddingbag_offsets_sum.hpp
-- Up-to-date: /home/chaofan/model_benchmark/benchmark/openvino/install/runtime/include/openvino/op/shuffle_channels.hpp
-- Up-to-date: /home/chaofan/model_benchmark/benchmark/openvino/install/runtime/include/openvino/op/scatter_nd_update.hpp
-- Up-to-date: /home/chaofan/model_benchmark/benchmark/openvino/install/runtime/include/openvino/op/reduce_sum.hpp
-- Up-to-date: /home/chaofan/model_benchmark/benchmark/openvino/install/runtime/include/openvino/op/is_nan.hpp
-- Up-to-date: /home/chaofan/model_benchmark/benchmark/openvino/install/runtime/include/openvino/op/detection_output.hpp
-- Up-to-date: /home/chaofan/model_benchmark/benchmark/openvino/install/runtime/include/openvino/op/is_finite.hpp
-- Up-to-date: /home/chaofan/model_benchmark/benchmark/openvino/install/runtime/include/openvino/op/multiclass_nms.hpp
-- Up-to-date: /home/chaofan/model_benchmark/benchmark/openvino/install/runtime/include/openvino/op/region_yolo.hpp
-- Up-to-date: /home/chaofan/model_benchmark/benchmark/openvino/install/runtime/include/openvino/op/broadcast.hpp
-- Up-to-date: /home/chaofan/model_benchmark/benchmark/openvino/install/runtime/include/openvino/op/less_eq.hpp
-- Up-to-date: /home/chaofan/model_benchmark/benchmark/openvino/install/runtime/include/openvino/op/mish.hpp
-- Up-to-date: /home/chaofan/model_benchmark/benchmark/openvino/install/runtime/include/openvino/op/read_value.hpp
-- Up-to-date: /home/chaofan/model_benchmark/benchmark/openvino/install/runtime/include/openvino/op/sin.hpp
-- Up-to-date: /home/chaofan/model_benchmark/benchmark/openvino/install/runtime/include/openvino/op/matmul.hpp
-- Up-to-date: /home/chaofan/model_benchmark/benchmark/openvino/install/runtime/include/openvino/op/roi_align.hpp
-- Up-to-date: /home/chaofan/model_benchmark/benchmark/openvino/install/runtime/include/openvino/op/prelu.hpp
-- Up-to-date: /home/chaofan/model_benchmark/benchmark/openvino/install/runtime/include/openvino/op/adaptive_max_pool.hpp
-- Up-to-date: /home/chaofan/model_benchmark/benchmark/openvino/install/runtime/include/openvino/op/ctc_greedy_decoder_seq_len.hpp
-- Up-to-date: /home/chaofan/model_benchmark/benchmark/openvino/install/runtime/include/openvino/op/slice.hpp
-- Up-to-date: /home/chaofan/model_benchmark/benchmark/openvino/install/runtime/include/openvino/op/sparse_fill_empty_rows.hpp
-- Up-to-date: /home/chaofan/model_benchmark/benchmark/openvino/install/runtime/include/openvino/op/grouped_matmul.hpp
-- Up-to-date: /home/chaofan/model_benchmark/benchmark/openvino/install/runtime/include/openvino/op/reshape.hpp
-- Up-to-date: /home/chaofan/model_benchmark/benchmark/openvino/install/runtime/include/openvino/op/exp.hpp
-- Up-to-date: /home/chaofan/model_benchmark/benchmark/openvino/install/runtime/include/openvino/op/mvn.hpp
-- Up-to-date: /home/chaofan/model_benchmark/benchmark/openvino/install/runtime/include/openvino/op/random_uniform.hpp
-- Up-to-date: /home/chaofan/model_benchmark/benchmark/openvino/install/runtime/include/openvino/op/psroi_pooling.hpp
-- Up-to-date: /home/chaofan/model_benchmark/benchmark/openvino/install/runtime/include/openvino/op/scaled_dot_product_attention.hpp
-- Up-to-date: /home/chaofan/model_benchmark/benchmark/openvino/install/runtime/include/openvino/op/clamp.hpp
-- Up-to-date: /home/chaofan/model_benchmark/benchmark/openvino/install/runtime/include/openvino/op/select.hpp
-- Up-to-date: /home/chaofan/model_benchmark/benchmark/openvino/install/runtime/include/openvino/op/logical_xor.hpp
-- Up-to-date: /home/chaofan/model_benchmark/benchmark/openvino/install/runtime/include/openvino/op/search_sorted.hpp
-- Up-to-date: /home/chaofan/model_benchmark/benchmark/openvino/install/runtime/include/openvino/op/negative.hpp
-- Up-to-date: /home/chaofan/model_benchmark/benchmark/openvino/install/runtime/include/openvino/op/group_conv.hpp
-- Up-to-date: /home/chaofan/model_benchmark/benchmark/openvino/install/runtime/include/openvino/op/erf.hpp
-- Up-to-date: /home/chaofan/model_benchmark/benchmark/openvino/install/runtime/include/openvino/op/reduce_max.hpp
-- Up-to-date: /home/chaofan/model_benchmark/benchmark/openvino/install/runtime/include/openvino/op/cum_sum.hpp
-- Up-to-date: /home/chaofan/model_benchmark/benchmark/openvino/install/runtime/include/openvino/op/shape_of.hpp
-- Up-to-date: /home/chaofan/model_benchmark/benchmark/openvino/install/runtime/include/openvino/op/depth_to_space.hpp
-- Up-to-date: /home/chaofan/model_benchmark/benchmark/openvino/install/runtime/include/openvino/op/normalize_l2.hpp
-- Up-to-date: /home/chaofan/model_benchmark/benchmark/openvino/install/runtime/include/openvino/op/log_softmax.hpp
-- Up-to-date: /home/chaofan/model_benchmark/benchmark/openvino/install/runtime/include/openvino/op/extractimagepatches.hpp
-- Up-to-date: /home/chaofan/model_benchmark/benchmark/openvino/install/runtime/include/openvino/op/grid_sample.hpp
-- Up-to-date: /home/chaofan/model_benchmark/benchmark/openvino/install/runtime/include/openvino/op/unsqueeze.hpp
-- Up-to-date: /home/chaofan/model_benchmark/benchmark/openvino/install/runtime/include/openvino/op/relu.hpp
-- Up-to-date: /home/chaofan/model_benchmark/benchmark/openvino/install/runtime/include/openvino/op/ctc_loss.hpp
-- Up-to-date: /home/chaofan/model_benchmark/benchmark/openvino/install/runtime/include/openvino/op/less.hpp
-- Up-to-date: /home/chaofan/model_benchmark/benchmark/openvino/install/runtime/include/openvino/op/subtract.hpp
-- Up-to-date: /home/chaofan/model_benchmark/benchmark/openvino/install/runtime/include/openvino/op/convert_like.hpp
-- Up-to-date: /home/chaofan/model_benchmark/benchmark/openvino/install/runtime/include/openvino/op/bitwise_left_shift.hpp
-- Up-to-date: /home/chaofan/model_benchmark/benchmark/openvino/install/runtime/include/openvino/op/if.hpp
-- Up-to-date: /home/chaofan/model_benchmark/benchmark/openvino/install/runtime/include/openvino/op/reduce_l1.hpp
-- Up-to-date: /home/chaofan/model_benchmark/benchmark/openvino/install/runtime/include/openvino/op/embedding_segments_sum.hpp
-- Up-to-date: /home/chaofan/model_benchmark/benchmark/openvino/install/runtime/include/openvino/op/pad.hpp
-- Up-to-date: /home/chaofan/model_benchmark/benchmark/openvino/install/runtime/include/openvino/op/equal.hpp
-- Up-to-date: /home/chaofan/model_benchmark/benchmark/openvino/install/runtime/include/openvino/op/add.hpp
-- Up-to-date: /home/chaofan/model_benchmark/benchmark/openvino/install/runtime/include/openvino/op/avg_pool.hpp
-- Up-to-date: /home/chaofan/model_benchmark/benchmark/openvino/install/runtime/include/openvino/op/elu.hpp
-- Up-to-date: /home/chaofan/model_benchmark/benchmark/openvino/install/runtime/include/openvino/op/greater.hpp
-- Up-to-date: /home/chaofan/model_benchmark/benchmark/openvino/install/runtime/include/openvino/op/one_hot.hpp
-- Up-to-date: /home/chaofan/model_benchmark/benchmark/openvino/install/runtime/include/openvino/op/multiply.hpp
-- Up-to-date: /home/chaofan/model_benchmark/benchmark/openvino/install/runtime/include/openvino/op/sinh.hpp
-- Up-to-date: /home/chaofan/model_benchmark/benchmark/openvino/install/runtime/include/openvino/op/not_equal.hpp
-- Up-to-date: /home/chaofan/model_benchmark/benchmark/openvino/install/runtime/include/openvino/op/group_normalization.hpp
-- Up-to-date: /home/chaofan/model_benchmark/benchmark/openvino/install/runtime/include/openvino/op/asin.hpp
-- Up-to-date: /home/chaofan/model_benchmark/benchmark/openvino/install/runtime/include/openvino/op/bitwise_not.hpp
-- Up-to-date: /home/chaofan/model_benchmark/benchmark/openvino/install/runtime/include/openvino/op/reverse.hpp
-- Up-to-date: /home/chaofan/model_benchmark/benchmark/openvino/install/runtime/include/openvino/op/tanh.hpp
-- Up-to-date: /home/chaofan/model_benchmark/benchmark/openvino/install/runtime/include/openvino/op/roi_align_rotated.hpp
-- Up-to-date: /home/chaofan/model_benchmark/benchmark/openvino/install/runtime/include/openvino/op/asinh.hpp
-- Up-to-date: /home/chaofan/model_benchmark/benchmark/openvino/install/runtime/include/openvino/op/bitwise_and.hpp
-- Up-to-date: /home/chaofan/model_benchmark/benchmark/openvino/install/runtime/include/openvino/op/nv12_to_rgb.hpp
-- Up-to-date: /home/chaofan/model_benchmark/benchmark/openvino/install/runtime/include/openvino/op/reduce_mean.hpp
-- Up-to-date: /home/chaofan/model_benchmark/benchmark/openvino/install/runtime/include/openvino/op/softmax.hpp
-- Up-to-date: /home/chaofan/model_benchmark/benchmark/openvino/install/runtime/include/openvino/op/embeddingbag_packed.hpp
-- Up-to-date: /home/chaofan/model_benchmark/benchmark/openvino/install/runtime/include/openvino/op/string_tensor_unpack.hpp
-- Up-to-date: /home/chaofan/model_benchmark/benchmark/openvino/install/runtime/include/openvino/op/lstm_sequence.hpp
-- Up-to-date: /home/chaofan/model_benchmark/benchmark/openvino/install/runtime/include/openvino/op/squeeze.hpp
-- Up-to-date: /home/chaofan/model_benchmark/benchmark/openvino/install/runtime/include/openvino/runtime
-- Up-to-date: /home/chaofan/model_benchmark/benchmark/openvino/install/runtime/include/openvino/runtime/allocator.hpp
-- Up-to-date: /home/chaofan/model_benchmark/benchmark/openvino/install/runtime/include/openvino/runtime/tensor.hpp
-- Up-to-date: /home/chaofan/model_benchmark/benchmark/openvino/install/runtime/include/openvino/runtime/file_handle.hpp
-- Up-to-date: /home/chaofan/model_benchmark/benchmark/openvino/install/runtime/include/openvino/core
-- Up-to-date: /home/chaofan/model_benchmark/benchmark/openvino/install/runtime/include/openvino/core/axis_set.hpp
-- Up-to-date: /home/chaofan/model_benchmark/benchmark/openvino/install/runtime/include/openvino/core/any.hpp
-- Up-to-date: /home/chaofan/model_benchmark/benchmark/openvino/install/runtime/include/openvino/core/type.hpp
-- Up-to-date: /home/chaofan/model_benchmark/benchmark/openvino/install/runtime/include/openvino/core/version.hpp
-- Up-to-date: /home/chaofan/model_benchmark/benchmark/openvino/install/runtime/include/openvino/core/runtime_attribute.hpp
-- Up-to-date: /home/chaofan/model_benchmark/benchmark/openvino/install/runtime/include/openvino/core/enum_names.hpp
-- Up-to-date: /home/chaofan/model_benchmark/benchmark/openvino/install/runtime/include/openvino/core/attribute_adapter.hpp
-- Up-to-date: /home/chaofan/model_benchmark/benchmark/openvino/install/runtime/include/openvino/core/node_input.hpp
-- Up-to-date: /home/chaofan/model_benchmark/benchmark/openvino/install/runtime/include/openvino/core/core.hpp
-- Up-to-date: /home/chaofan/model_benchmark/benchmark/openvino/install/runtime/include/openvino/core/dimension.hpp
-- Up-to-date: /home/chaofan/model_benchmark/benchmark/openvino/install/runtime/include/openvino/core/strides.hpp
-- Up-to-date: /home/chaofan/model_benchmark/benchmark/openvino/install/runtime/include/openvino/core/coordinate_diff.hpp
-- Up-to-date: /home/chaofan/model_benchmark/benchmark/openvino/install/runtime/include/openvino/core/visibility.hpp
-- Up-to-date: /home/chaofan/model_benchmark/benchmark/openvino/install/runtime/include/openvino/core/interval.hpp
-- Up-to-date: /home/chaofan/model_benchmark/benchmark/openvino/install/runtime/include/openvino/core/extension.hpp
-- Up-to-date: /home/chaofan/model_benchmark/benchmark/openvino/install/runtime/include/openvino/core/layout.hpp
-- Up-to-date: /home/chaofan/model_benchmark/benchmark/openvino/install/runtime/include/openvino/core/rtti.hpp
-- Up-to-date: /home/chaofan/model_benchmark/benchmark/openvino/install/runtime/include/openvino/core/symbol.hpp
-- Up-to-date: /home/chaofan/model_benchmark/benchmark/openvino/install/runtime/include/openvino/core/coordinate.hpp
-- Up-to-date: /home/chaofan/model_benchmark/benchmark/openvino/install/runtime/include/openvino/core/core_visibility.hpp
-- Up-to-date: /home/chaofan/model_benchmark/benchmark/openvino/install/runtime/include/openvino/core/enum_mask.hpp
-- Up-to-date: /home/chaofan/model_benchmark/benchmark/openvino/install/runtime/include/openvino/core/except.hpp
-- Up-to-date: /home/chaofan/model_benchmark/benchmark/openvino/install/runtime/include/openvino/core/log.hpp
-- Up-to-date: /home/chaofan/model_benchmark/benchmark/openvino/install/runtime/include/openvino/core/partial_shape.hpp
-- Up-to-date: /home/chaofan/model_benchmark/benchmark/openvino/install/runtime/include/openvino/core/type
-- Up-to-date: /home/chaofan/model_benchmark/benchmark/openvino/install/runtime/include/openvino/core/type/float4_e2m1.hpp
-- Up-to-date: /home/chaofan/model_benchmark/benchmark/openvino/install/runtime/include/openvino/core/type/float16.hpp
-- Up-to-date: /home/chaofan/model_benchmark/benchmark/openvino/install/runtime/include/openvino/core/type/element_type_traits.hpp
-- Up-to-date: /home/chaofan/model_benchmark/benchmark/openvino/install/runtime/include/openvino/core/type/float8_e4m3.hpp
-- Up-to-date: /home/chaofan/model_benchmark/benchmark/openvino/install/runtime/include/openvino/core/type/float8_e8m0.hpp
-- Up-to-date: /home/chaofan/model_benchmark/benchmark/openvino/install/runtime/include/openvino/core/type/bfloat16.hpp
-- Up-to-date: /home/chaofan/model_benchmark/benchmark/openvino/install/runtime/include/openvino/core/type/element_type.hpp
-- Up-to-date: /home/chaofan/model_benchmark/benchmark/openvino/install/runtime/include/openvino/core/type/float8_e5m2.hpp
-- Up-to-date: /home/chaofan/model_benchmark/benchmark/openvino/install/runtime/include/openvino/core/axis_vector.hpp
-- Up-to-date: /home/chaofan/model_benchmark/benchmark/openvino/install/runtime/include/openvino/core/parallel.hpp
-- Up-to-date: /home/chaofan/model_benchmark/benchmark/openvino/install/runtime/include/openvino/core/graph_util.hpp
-- Up-to-date: /home/chaofan/model_benchmark/benchmark/openvino/install/runtime/include/openvino/core/rt_info.hpp
-- Up-to-date: /home/chaofan/model_benchmark/benchmark/openvino/install/runtime/include/openvino/core/op_extension.hpp
-- Up-to-date: /home/chaofan/model_benchmark/benchmark/openvino/install/runtime/include/openvino/core/model.hpp
-- Up-to-date: /home/chaofan/model_benchmark/benchmark/openvino/install/runtime/include/openvino/core/attribute_visitor.hpp
-- Up-to-date: /home/chaofan/model_benchmark/benchmark/openvino/install/runtime/include/openvino/core/node_output.hpp
-- Up-to-date: /home/chaofan/model_benchmark/benchmark/openvino/install/runtime/include/openvino/core/descriptor
-- Up-to-date: /home/chaofan/model_benchmark/benchmark/openvino/install/runtime/include/openvino/core/descriptor/input.hpp
-- Up-to-date: /home/chaofan/model_benchmark/benchmark/openvino/install/runtime/include/openvino/core/descriptor/output.hpp
-- Up-to-date: /home/chaofan/model_benchmark/benchmark/openvino/install/runtime/include/openvino/core/descriptor/tensor.hpp
-- Up-to-date: /home/chaofan/model_benchmark/benchmark/openvino/install/runtime/include/openvino/core/preprocess
-- Up-to-date: /home/chaofan/model_benchmark/benchmark/openvino/install/runtime/include/openvino/core/preprocess/output_info.hpp
-- Up-to-date: /home/chaofan/model_benchmark/benchmark/openvino/install/runtime/include/openvino/core/preprocess/output_tensor_info.hpp
-- Up-to-date: /home/chaofan/model_benchmark/benchmark/openvino/install/runtime/include/openvino/core/preprocess/input_info.hpp
-- Up-to-date: /home/chaofan/model_benchmark/benchmark/openvino/install/runtime/include/openvino/core/preprocess/output_model_info.hpp
-- Up-to-date: /home/chaofan/model_benchmark/benchmark/openvino/install/runtime/include/openvino/core/preprocess/input_tensor_info.hpp
-- Up-to-date: /home/chaofan/model_benchmark/benchmark/openvino/install/runtime/include/openvino/core/preprocess/pre_post_process.hpp
-- Up-to-date: /home/chaofan/model_benchmark/benchmark/openvino/install/runtime/include/openvino/core/preprocess/resize_algorithm.hpp
-- Up-to-date: /home/chaofan/model_benchmark/benchmark/openvino/install/runtime/include/openvino/core/preprocess/preprocess_steps.hpp
-- Up-to-date: /home/chaofan/model_benchmark/benchmark/openvino/install/runtime/include/openvino/core/preprocess/postprocess_steps.hpp
-- Up-to-date: /home/chaofan/model_benchmark/benchmark/openvino/install/runtime/include/openvino/core/preprocess/input_model_info.hpp
-- Up-to-date: /home/chaofan/model_benchmark/benchmark/openvino/install/runtime/include/openvino/core/preprocess/padding_mode.hpp
-- Up-to-date: /home/chaofan/model_benchmark/benchmark/openvino/install/runtime/include/openvino/core/preprocess/color_format.hpp
-- Up-to-date: /home/chaofan/model_benchmark/benchmark/openvino/install/runtime/include/openvino/core/node_vector.hpp
-- Up-to-date: /home/chaofan/model_benchmark/benchmark/openvino/install/runtime/include/openvino/core/deprecated.hpp
-- Up-to-date: /home/chaofan/model_benchmark/benchmark/openvino/install/runtime/include/openvino/core/shape.hpp
-- Up-to-date: /home/chaofan/model_benchmark/benchmark/openvino/install/runtime/include/openvino/core/rank.hpp
-- Up-to-date: /home/chaofan/model_benchmark/benchmark/openvino/install/runtime/include/openvino/core/node.hpp
-- Up-to-date: /home/chaofan/model_benchmark/benchmark/openvino/install/runtime/include/openvino
-- Up-to-date: /home/chaofan/model_benchmark/benchmark/openvino/install/runtime/include/openvino/frontend
-- Up-to-date: /home/chaofan/model_benchmark/benchmark/openvino/install/runtime/include/openvino/frontend/sequence_at.hpp
-- Up-to-date: /home/chaofan/model_benchmark/benchmark/openvino/install/runtime/include/openvino/frontend/sequence_mark.hpp
-- Up-to-date: /home/chaofan/model_benchmark/benchmark/openvino/install/runtime/include/openvino/frontend/extension
-- Up-to-date: /home/chaofan/model_benchmark/benchmark/openvino/install/runtime/include/openvino/frontend/extension/op.hpp
-- Up-to-date: /home/chaofan/model_benchmark/benchmark/openvino/install/runtime/include/openvino/frontend/extension/conversion.hpp
-- Up-to-date: /home/chaofan/model_benchmark/benchmark/openvino/install/runtime/include/openvino/frontend/extension/telemetry.hpp
-- Up-to-date: /home/chaofan/model_benchmark/benchmark/openvino/install/runtime/include/openvino/frontend/extension/decoder_transformation.hpp
-- Up-to-date: /home/chaofan/model_benchmark/benchmark/openvino/install/runtime/include/openvino/frontend/extension/progress_reporter.hpp
-- Up-to-date: /home/chaofan/model_benchmark/benchmark/openvino/install/runtime/include/openvino/frontend/extension/holder.hpp
-- Up-to-date: /home/chaofan/model_benchmark/benchmark/openvino/install/runtime/include/openvino/frontend/input_model.hpp
-- Up-to-date: /home/chaofan/model_benchmark/benchmark/openvino/install/runtime/include/openvino/frontend/sequence_erase.hpp
-- Up-to-date: /home/chaofan/model_benchmark/benchmark/openvino/install/runtime/include/openvino/frontend/sequence_length.hpp
-- Up-to-date: /home/chaofan/model_benchmark/benchmark/openvino/install/runtime/include/openvino/frontend/manager.hpp
-- Up-to-date: /home/chaofan/model_benchmark/benchmark/openvino/install/runtime/include/openvino/frontend/place.hpp
-- Up-to-date: /home/chaofan/model_benchmark/benchmark/openvino/install/runtime/include/openvino/frontend/complex_type_mark.hpp
-- Up-to-date: /home/chaofan/model_benchmark/benchmark/openvino/install/runtime/include/openvino/frontend/exception.hpp
-- Up-to-date: /home/chaofan/model_benchmark/benchmark/openvino/install/runtime/include/openvino/frontend/visibility.hpp
-- Up-to-date: /home/chaofan/model_benchmark/benchmark/openvino/install/runtime/include/openvino/frontend/extension.hpp
-- Up-to-date: /home/chaofan/model_benchmark/benchmark/openvino/install/runtime/include/openvino/frontend/concat_from_sequence.hpp
-- Up-to-date: /home/chaofan/model_benchmark/benchmark/openvino/install/runtime/include/openvino/frontend/node_context.hpp
-- Up-to-date: /home/chaofan/model_benchmark/benchmark/openvino/install/runtime/include/openvino/frontend/variable.hpp
-- Up-to-date: /home/chaofan/model_benchmark/benchmark/openvino/install/runtime/include/openvino/frontend/graph_iterator.hpp
-- Up-to-date: /home/chaofan/model_benchmark/benchmark/openvino/install/runtime/include/openvino/frontend/sequence_insert.hpp
-- Up-to-date: /home/chaofan/model_benchmark/benchmark/openvino/install/runtime/include/openvino/frontend/frontend.hpp
-- Up-to-date: /home/chaofan/model_benchmark/benchmark/openvino/install/runtime/include/openvino/frontend/decoder.hpp
-- Up-to-date: /home/chaofan/model_benchmark/benchmark/openvino/install/runtime/include/openvino/frontend/hash_table.hpp
-- Up-to-date: /home/chaofan/model_benchmark/benchmark/openvino/install/runtime/lib/intel64/libopenvino_ir_frontend.so.2026.3.0
-- Up-to-date: /home/chaofan/model_benchmark/benchmark/openvino/install/runtime/lib/intel64/libopenvino_ir_frontend.so.2630
-- Up-to-date: /home/chaofan/model_benchmark/benchmark/openvino/install/runtime/lib/intel64/libopenvino_onnx_frontend.so.2026.3.0
-- Up-to-date: /home/chaofan/model_benchmark/benchmark/openvino/install/runtime/lib/intel64/libopenvino_onnx_frontend.so.2630
-- Up-to-date: /home/chaofan/model_benchmark/benchmark/openvino/install/runtime/lib/intel64/libopenvino_onnx_frontend.so
-- Up-to-date: /home/chaofan/model_benchmark/benchmark/openvino/install/runtime/include/openvino
-- Up-to-date: /home/chaofan/model_benchmark/benchmark/openvino/install/runtime/include/openvino/frontend
-- Up-to-date: /home/chaofan/model_benchmark/benchmark/openvino/install/runtime/include/openvino/frontend/onnx
-- Up-to-date: /home/chaofan/model_benchmark/benchmark/openvino/install/runtime/include/openvino/frontend/onnx/extension
-- Up-to-date: /home/chaofan/model_benchmark/benchmark/openvino/install/runtime/include/openvino/frontend/onnx/extension/op.hpp
-- Up-to-date: /home/chaofan/model_benchmark/benchmark/openvino/install/runtime/include/openvino/frontend/onnx/extension/conversion.hpp
-- Up-to-date: /home/chaofan/model_benchmark/benchmark/openvino/install/runtime/include/openvino/frontend/onnx/visibility.hpp
-- Up-to-date: /home/chaofan/model_benchmark/benchmark/openvino/install/runtime/include/openvino/frontend/onnx/node_context.hpp
-- Up-to-date: /home/chaofan/model_benchmark/benchmark/openvino/install/runtime/include/openvino/frontend/onnx/graph_iterator.hpp
-- Up-to-date: /home/chaofan/model_benchmark/benchmark/openvino/install/runtime/include/openvino/frontend/onnx/frontend.hpp
-- Up-to-date: /home/chaofan/model_benchmark/benchmark/openvino/install/runtime/include/openvino/frontend/onnx/decoder.hpp
-- Up-to-date: /home/chaofan/model_benchmark/benchmark/openvino/install/runtime/lib/intel64/libopenvino_pytorch_frontend.so.2026.3.0
-- Up-to-date: /home/chaofan/model_benchmark/benchmark/openvino/install/runtime/lib/intel64/libopenvino_pytorch_frontend.so.2630
-- Up-to-date: /home/chaofan/model_benchmark/benchmark/openvino/install/runtime/lib/intel64/libopenvino_pytorch_frontend.so
-- Up-to-date: /home/chaofan/model_benchmark/benchmark/openvino/install/runtime/include/openvino
-- Up-to-date: /home/chaofan/model_benchmark/benchmark/openvino/install/runtime/include/openvino/frontend
-- Up-to-date: /home/chaofan/model_benchmark/benchmark/openvino/install/runtime/include/openvino/frontend/pytorch
-- Up-to-date: /home/chaofan/model_benchmark/benchmark/openvino/install/runtime/include/openvino/frontend/pytorch/extension
-- Up-to-date: /home/chaofan/model_benchmark/benchmark/openvino/install/runtime/include/openvino/frontend/pytorch/extension/op.hpp
-- Up-to-date: /home/chaofan/model_benchmark/benchmark/openvino/install/runtime/include/openvino/frontend/pytorch/extension/conversion.hpp
-- Up-to-date: /home/chaofan/model_benchmark/benchmark/openvino/install/runtime/include/openvino/frontend/pytorch/visibility.hpp
-- Up-to-date: /home/chaofan/model_benchmark/benchmark/openvino/install/runtime/include/openvino/frontend/pytorch/node_context.hpp
-- Up-to-date: /home/chaofan/model_benchmark/benchmark/openvino/install/runtime/include/openvino/frontend/pytorch/frontend.hpp
-- Up-to-date: /home/chaofan/model_benchmark/benchmark/openvino/install/runtime/include/openvino/frontend/pytorch/decoder.hpp
-- Up-to-date: /home/chaofan/model_benchmark/benchmark/openvino/install/runtime/lib/intel64/libopenvino_tensorflow_frontend.so.2026.3.0
-- Up-to-date: /home/chaofan/model_benchmark/benchmark/openvino/install/runtime/lib/intel64/libopenvino_tensorflow_frontend.so.2630
-- Up-to-date: /home/chaofan/model_benchmark/benchmark/openvino/install/runtime/lib/intel64/libopenvino_tensorflow_frontend.so
-- Up-to-date: /home/chaofan/model_benchmark/benchmark/openvino/install/runtime/include/openvino
-- Up-to-date: /home/chaofan/model_benchmark/benchmark/openvino/install/runtime/include/openvino/frontend
-- Up-to-date: /home/chaofan/model_benchmark/benchmark/openvino/install/runtime/include/openvino/frontend/tensorflow
-- Up-to-date: /home/chaofan/model_benchmark/benchmark/openvino/install/runtime/include/openvino/frontend/tensorflow/extension
-- Up-to-date: /home/chaofan/model_benchmark/benchmark/openvino/install/runtime/include/openvino/frontend/tensorflow/extension/op.hpp
-- Up-to-date: /home/chaofan/model_benchmark/benchmark/openvino/install/runtime/include/openvino/frontend/tensorflow/extension/conversion.hpp
-- Up-to-date: /home/chaofan/model_benchmark/benchmark/openvino/install/runtime/include/openvino/frontend/tensorflow/exception.hpp
-- Up-to-date: /home/chaofan/model_benchmark/benchmark/openvino/install/runtime/include/openvino/frontend/tensorflow/visibility.hpp
-- Up-to-date: /home/chaofan/model_benchmark/benchmark/openvino/install/runtime/include/openvino/frontend/tensorflow/node_context.hpp
-- Up-to-date: /home/chaofan/model_benchmark/benchmark/openvino/install/runtime/include/openvino/frontend/tensorflow/special_types.hpp
-- Up-to-date: /home/chaofan/model_benchmark/benchmark/openvino/install/runtime/include/openvino/frontend/tensorflow/variable.hpp
-- Up-to-date: /home/chaofan/model_benchmark/benchmark/openvino/install/runtime/include/openvino/frontend/tensorflow/graph_iterator.hpp
-- Up-to-date: /home/chaofan/model_benchmark/benchmark/openvino/install/runtime/include/openvino/frontend/tensorflow/frontend.hpp
-- Up-to-date: /home/chaofan/model_benchmark/benchmark/openvino/install/runtime/include/openvino/frontend/tensorflow/variables_map.hpp
-- Up-to-date: /home/chaofan/model_benchmark/benchmark/openvino/install/runtime/include/openvino/frontend/tensorflow/decoder.hpp
-- Up-to-date: /home/chaofan/model_benchmark/benchmark/openvino/install/runtime/include/openvino/frontend/tensorflow/hash_table.hpp
-- Up-to-date: /home/chaofan/model_benchmark/benchmark/openvino/install/runtime/lib/intel64/libopenvino_tensorflow_lite_frontend.so.2026.3.0
-- Up-to-date: /home/chaofan/model_benchmark/benchmark/openvino/install/runtime/lib/intel64/libopenvino_tensorflow_lite_frontend.so.2630
-- Up-to-date: /home/chaofan/model_benchmark/benchmark/openvino/install/runtime/lib/intel64/libopenvino_tensorflow_lite_frontend.so
-- Up-to-date: /home/chaofan/model_benchmark/benchmark/openvino/install/runtime/include/openvino
-- Up-to-date: /home/chaofan/model_benchmark/benchmark/openvino/install/runtime/include/openvino/frontend
-- Up-to-date: /home/chaofan/model_benchmark/benchmark/openvino/install/runtime/include/openvino/frontend/tensorflow_lite
-- Up-to-date: /home/chaofan/model_benchmark/benchmark/openvino/install/runtime/include/openvino/frontend/tensorflow_lite/extension
-- Up-to-date: /home/chaofan/model_benchmark/benchmark/openvino/install/runtime/include/openvino/frontend/tensorflow_lite/extension/op.hpp
-- Up-to-date: /home/chaofan/model_benchmark/benchmark/openvino/install/runtime/include/openvino/frontend/tensorflow_lite/extension/conversion.hpp
-- Up-to-date: /home/chaofan/model_benchmark/benchmark/openvino/install/runtime/include/openvino/frontend/tensorflow_lite/visibility.hpp
-- Up-to-date: /home/chaofan/model_benchmark/benchmark/openvino/install/runtime/include/openvino/frontend/tensorflow_lite/node_context.hpp
-- Up-to-date: /home/chaofan/model_benchmark/benchmark/openvino/install/runtime/include/openvino/frontend/tensorflow_lite/quantization_info.hpp
-- Up-to-date: /home/chaofan/model_benchmark/benchmark/openvino/install/runtime/include/openvino/frontend/tensorflow_lite/graph_iterator.hpp
-- Up-to-date: /home/chaofan/model_benchmark/benchmark/openvino/install/runtime/include/openvino/frontend/tensorflow_lite/frontend.hpp
-- Up-to-date: /home/chaofan/model_benchmark/benchmark/openvino/install/runtime/include/openvino/frontend/tensorflow_lite/sparsity_info.hpp
-- Up-to-date: /home/chaofan/model_benchmark/benchmark/openvino/install/runtime/include/openvino/frontend/tensorflow_lite/decoder.hpp
-- Up-to-date: /home/chaofan/model_benchmark/benchmark/openvino/install/runtime/lib/intel64/libopenvino_paddle_frontend.so.2026.3.0
-- Up-to-date: /home/chaofan/model_benchmark/benchmark/openvino/install/runtime/lib/intel64/libopenvino_paddle_frontend.so.2630
-- Up-to-date: /home/chaofan/model_benchmark/benchmark/openvino/install/runtime/lib/intel64/libopenvino_paddle_frontend.so
-- Up-to-date: /home/chaofan/model_benchmark/benchmark/openvino/install/runtime/include/openvino
-- Up-to-date: /home/chaofan/model_benchmark/benchmark/openvino/install/runtime/include/openvino/frontend
-- Up-to-date: /home/chaofan/model_benchmark/benchmark/openvino/install/runtime/include/openvino/frontend/paddle
-- Up-to-date: /home/chaofan/model_benchmark/benchmark/openvino/install/runtime/include/openvino/frontend/paddle/extension
-- Up-to-date: /home/chaofan/model_benchmark/benchmark/openvino/install/runtime/include/openvino/frontend/paddle/extension/op.hpp
-- Up-to-date: /home/chaofan/model_benchmark/benchmark/openvino/install/runtime/include/openvino/frontend/paddle/extension/conversion.hpp
-- Up-to-date: /home/chaofan/model_benchmark/benchmark/openvino/install/runtime/include/openvino/frontend/paddle/exception.hpp
-- Up-to-date: /home/chaofan/model_benchmark/benchmark/openvino/install/runtime/include/openvino/frontend/paddle/visibility.hpp
-- Up-to-date: /home/chaofan/model_benchmark/benchmark/openvino/install/runtime/include/openvino/frontend/paddle/node_context.hpp
-- Up-to-date: /home/chaofan/model_benchmark/benchmark/openvino/install/runtime/include/openvino/frontend/paddle/frontend.hpp
-- Up-to-date: /home/chaofan/model_benchmark/benchmark/openvino/install/runtime/include/openvino/frontend/paddle/decoder.hpp
-- Up-to-date: /home/chaofan/model_benchmark/benchmark/openvino/install/runtime/lib/intel64/libopenvino_auto_plugin.so
-- Up-to-date: /home/chaofan/model_benchmark/benchmark/openvino/install/runtime/lib/intel64/libopenvino_auto_batch_plugin.so
-- Up-to-date: /home/chaofan/model_benchmark/benchmark/openvino/install/runtime/lib/intel64/libopenvino_hetero_plugin.so
-- Up-to-date: /home/chaofan/model_benchmark/benchmark/openvino/install/runtime/lib/intel64/libopenvino_intel_cpu_plugin.so
-- Up-to-date: /home/chaofan/model_benchmark/benchmark/openvino/install/runtime/lib/intel64/cache.json
-- Installing: /home/chaofan/model_benchmark/benchmark/openvino/install/runtime/lib/intel64/libopenvino_intel_gpu_plugin.so
-- Set non-toolchain portion of runtime path of "/home/chaofan/model_benchmark/benchmark/openvino/install/runtime/lib/intel64/libopenvino_intel_gpu_plugin.so" to ""
-- Up-to-date: /home/chaofan/model_benchmark/benchmark/openvino/install/runtime/lib/intel64/libopenvino_intel_npu_compiler.so
-- Up-to-date: /home/chaofan/model_benchmark/benchmark/openvino/install/runtime/lib/intel64/libopenvino_intel_npu_compiler_loader.so
-- Up-to-date: /home/chaofan/model_benchmark/benchmark/openvino/install/runtime/lib/intel64/libopenvino_intel_npu_vm_runtime.so
-- Up-to-date: /home/chaofan/model_benchmark/benchmark/openvino/install/runtime/lib/intel64/libopenvino_intel_npu_plugin.so
-- Up-to-date: /home/chaofan/model_benchmark/benchmark/openvino/install/tools/compile_tool/compile_tool
-- Up-to-date: /home/chaofan/model_benchmark/benchmark/openvino/install/tools/compile_tool/README.md
-- Up-to-date: /home/chaofan/model_benchmark/benchmark/openvino/install/runtime/include
-- Up-to-date: /home/chaofan/model_benchmark/benchmark/openvino/install/runtime/include/openvino
-- Up-to-date: /home/chaofan/model_benchmark/benchmark/openvino/install/runtime/include/openvino/openvino.hpp
-- Up-to-date: /home/chaofan/model_benchmark/benchmark/openvino/install/runtime/include/openvino/runtime
-- Up-to-date: /home/chaofan/model_benchmark/benchmark/openvino/install/runtime/include/openvino/runtime/intel_cpu
-- Up-to-date: /home/chaofan/model_benchmark/benchmark/openvino/install/runtime/include/openvino/runtime/intel_cpu/properties.hpp
-- Up-to-date: /home/chaofan/model_benchmark/benchmark/openvino/install/runtime/include/openvino/runtime/profiling_info.hpp
-- Up-to-date: /home/chaofan/model_benchmark/benchmark/openvino/install/runtime/include/openvino/runtime/common.hpp
-- Up-to-date: /home/chaofan/model_benchmark/benchmark/openvino/install/runtime/include/openvino/runtime/core.hpp
-- Up-to-date: /home/chaofan/model_benchmark/benchmark/openvino/install/runtime/include/openvino/runtime/exception.hpp
-- Up-to-date: /home/chaofan/model_benchmark/benchmark/openvino/install/runtime/include/openvino/runtime/remote_tensor.hpp
-- Up-to-date: /home/chaofan/model_benchmark/benchmark/openvino/install/runtime/include/openvino/runtime/intel_gpu
-- Up-to-date: /home/chaofan/model_benchmark/benchmark/openvino/install/runtime/include/openvino/runtime/intel_gpu/remote_properties.hpp
-- Up-to-date: /home/chaofan/model_benchmark/benchmark/openvino/install/runtime/include/openvino/runtime/intel_gpu/ocl
-- Up-to-date: /home/chaofan/model_benchmark/benchmark/openvino/install/runtime/include/openvino/runtime/intel_gpu/ocl/dx.hpp
-- Up-to-date: /home/chaofan/model_benchmark/benchmark/openvino/install/runtime/include/openvino/runtime/intel_gpu/ocl/ocl.hpp
-- Up-to-date: /home/chaofan/model_benchmark/benchmark/openvino/install/runtime/include/openvino/runtime/intel_gpu/ocl/ocl_wrapper.hpp
-- Up-to-date: /home/chaofan/model_benchmark/benchmark/openvino/install/runtime/include/openvino/runtime/intel_gpu/ocl/va.hpp
-- Up-to-date: /home/chaofan/model_benchmark/benchmark/openvino/install/runtime/include/openvino/runtime/intel_gpu/properties.hpp
-- Up-to-date: /home/chaofan/model_benchmark/benchmark/openvino/install/runtime/include/openvino/runtime/infer_request.hpp
-- Up-to-date: /home/chaofan/model_benchmark/benchmark/openvino/install/runtime/include/openvino/runtime/variable_state.hpp
-- Up-to-date: /home/chaofan/model_benchmark/benchmark/openvino/install/runtime/include/openvino/runtime/runtime.hpp
-- Up-to-date: /home/chaofan/model_benchmark/benchmark/openvino/install/runtime/include/openvino/runtime/intel_npu
-- Up-to-date: /home/chaofan/model_benchmark/benchmark/openvino/install/runtime/include/openvino/runtime/intel_npu/remote_properties.hpp
-- Up-to-date: /home/chaofan/model_benchmark/benchmark/openvino/install/runtime/include/openvino/runtime/intel_npu/level_zero
-- Up-to-date: /home/chaofan/model_benchmark/benchmark/openvino/install/runtime/include/openvino/runtime/intel_npu/level_zero/level_zero.hpp
-- Up-to-date: /home/chaofan/model_benchmark/benchmark/openvino/install/runtime/include/openvino/runtime/intel_npu/properties.hpp
-- Up-to-date: /home/chaofan/model_benchmark/benchmark/openvino/install/runtime/include/openvino/runtime/compiled_model.hpp
-- Up-to-date: /home/chaofan/model_benchmark/benchmark/openvino/install/runtime/include/openvino/runtime/remote_context.hpp
-- Up-to-date: /home/chaofan/model_benchmark/benchmark/openvino/install/runtime/include/openvino/runtime/properties.hpp
-- Up-to-date: /home/chaofan/model_benchmark/benchmark/openvino/install/runtime/include/openvino/runtime/auto
-- Up-to-date: /home/chaofan/model_benchmark/benchmark/openvino/install/runtime/include/openvino/runtime/auto/properties.hpp
-- Up-to-date: /home/chaofan/model_benchmark/benchmark/openvino/install/runtime/lib/intel64/libopenvino.so.2026.3.0
-- Up-to-date: /home/chaofan/model_benchmark/benchmark/openvino/install/runtime/lib/intel64/libopenvino.so.2630
-- Up-to-date: /home/chaofan/model_benchmark/benchmark/openvino/install/runtime/lib/intel64/libopenvino.so
-- Up-to-date: /home/chaofan/model_benchmark/benchmark/openvino/install/runtime/cmake/OpenVINOTargets.cmake
-- Up-to-date: /home/chaofan/model_benchmark/benchmark/openvino/install/runtime/cmake/OpenVINOTargets-release.cmake
-- Up-to-date: /home/chaofan/model_benchmark/benchmark/openvino/install/runtime/cmake/OpenVINOConfig.cmake
-- Up-to-date: /home/chaofan/model_benchmark/benchmark/openvino/install/runtime/cmake/OpenVINOConfig-version.cmake
-- Up-to-date: /home/chaofan/model_benchmark/benchmark/openvino/install/runtime/lib/intel64/pkgconfig/openvino.pc
-- Up-to-date: /home/chaofan/model_benchmark/benchmark/openvino/install/runtime/lib/intel64/libopenvino_c.so.2026.3.0
-- Up-to-date: /home/chaofan/model_benchmark/benchmark/openvino/install/runtime/lib/intel64/libopenvino_c.so.2630
-- Up-to-date: /home/chaofan/model_benchmark/benchmark/openvino/install/runtime/lib/intel64/libopenvino_c.so
-- Up-to-date: /home/chaofan/model_benchmark/benchmark/openvino/install/runtime/include/openvino
-- Up-to-date: /home/chaofan/model_benchmark/benchmark/openvino/install/runtime/include/openvino/c
-- Up-to-date: /home/chaofan/model_benchmark/benchmark/openvino/install/runtime/include/openvino/c/ov_compiled_model.h
-- Up-to-date: /home/chaofan/model_benchmark/benchmark/openvino/install/runtime/include/openvino/c/ov_common.h
-- Up-to-date: /home/chaofan/model_benchmark/benchmark/openvino/install/runtime/include/openvino/c/ov_util.h
-- Up-to-date: /home/chaofan/model_benchmark/benchmark/openvino/install/runtime/include/openvino/c/ov_property.h
-- Up-to-date: /home/chaofan/model_benchmark/benchmark/openvino/install/runtime/include/openvino/c/ov_core.h
-- Up-to-date: /home/chaofan/model_benchmark/benchmark/openvino/install/runtime/include/openvino/c/ov_prepostprocess.h
-- Up-to-date: /home/chaofan/model_benchmark/benchmark/openvino/install/runtime/include/openvino/c/ov_infer_request.h
-- Up-to-date: /home/chaofan/model_benchmark/benchmark/openvino/install/runtime/include/openvino/c/ov_partial_shape.h
-- Up-to-date: /home/chaofan/model_benchmark/benchmark/openvino/install/runtime/include/openvino/c/ov_shape.h
-- Up-to-date: /home/chaofan/model_benchmark/benchmark/openvino/install/runtime/include/openvino/c/openvino.h
-- Up-to-date: /home/chaofan/model_benchmark/benchmark/openvino/install/runtime/include/openvino/c/ov_tensor.h
-- Up-to-date: /home/chaofan/model_benchmark/benchmark/openvino/install/runtime/include/openvino/c/ov_node.h
-- Up-to-date: /home/chaofan/model_benchmark/benchmark/openvino/install/runtime/include/openvino/c/ov_remote_context.h
-- Up-to-date: /home/chaofan/model_benchmark/benchmark/openvino/install/runtime/include/openvino/c/ov_dimension.h
-- Up-to-date: /home/chaofan/model_benchmark/benchmark/openvino/install/runtime/include/openvino/c/deprecated.h
-- Up-to-date: /home/chaofan/model_benchmark/benchmark/openvino/install/runtime/include/openvino/c/ov_layout.h
-- Up-to-date: /home/chaofan/model_benchmark/benchmark/openvino/install/runtime/include/openvino/c/ov_rank.h
-- Up-to-date: /home/chaofan/model_benchmark/benchmark/openvino/install/runtime/include/openvino/c/ov_model.h
-- Up-to-date: /home/chaofan/model_benchmark/benchmark/openvino/install/runtime/include/openvino/c/gpu
-- Up-to-date: /home/chaofan/model_benchmark/benchmark/openvino/install/runtime/include/openvino/c/gpu/gpu_plugin_properties.h
-- Up-to-date: /home/chaofan/model_benchmark/benchmark/openvino/install/runtime/include/openvino/c/auto
-- Up-to-date: /home/chaofan/model_benchmark/benchmark/openvino/install/runtime/include/openvino/c/auto/properties.h
-- Up-to-date: /home/chaofan/model_benchmark/benchmark/openvino/install/samples/cpp
-- Up-to-date: /home/chaofan/model_benchmark/benchmark/openvino/install/samples/cpp/classification_sample_async
-- Up-to-date: /home/chaofan/model_benchmark/benchmark/openvino/install/samples/cpp/classification_sample_async/classification_sample_async.h
-- Up-to-date: /home/chaofan/model_benchmark/benchmark/openvino/install/samples/cpp/classification_sample_async/main.cpp
-- Up-to-date: /home/chaofan/model_benchmark/benchmark/openvino/install/samples/cpp/classification_sample_async/README.md
-- Up-to-date: /home/chaofan/model_benchmark/benchmark/openvino/install/samples/cpp/classification_sample_async/CMakeLists.txt
-- Up-to-date: /home/chaofan/model_benchmark/benchmark/openvino/install/samples/cpp/hello_classification
-- Up-to-date: /home/chaofan/model_benchmark/benchmark/openvino/install/samples/cpp/hello_classification/main.cpp
-- Up-to-date: /home/chaofan/model_benchmark/benchmark/openvino/install/samples/cpp/hello_classification/README.md
-- Up-to-date: /home/chaofan/model_benchmark/benchmark/openvino/install/samples/cpp/hello_classification/CMakeLists.txt
-- Up-to-date: /home/chaofan/model_benchmark/benchmark/openvino/install/samples/cpp/benchmark_app
-- Up-to-date: /home/chaofan/model_benchmark/benchmark/openvino/install/samples/cpp/benchmark_app/inputs_filling.cpp
-- Up-to-date: /home/chaofan/model_benchmark/benchmark/openvino/install/samples/cpp/benchmark_app/remote_tensors_filling.cpp
-- Up-to-date: /home/chaofan/model_benchmark/benchmark/openvino/install/samples/cpp/benchmark_app/statistics_report.cpp
-- Up-to-date: /home/chaofan/model_benchmark/benchmark/openvino/install/samples/cpp/benchmark_app/utils.hpp
-- Up-to-date: /home/chaofan/model_benchmark/benchmark/openvino/install/samples/cpp/benchmark_app/statistics_report.hpp
-- Up-to-date: /home/chaofan/model_benchmark/benchmark/openvino/install/samples/cpp/benchmark_app/infer_request_wrap.hpp
-- Up-to-date: /home/chaofan/model_benchmark/benchmark/openvino/install/samples/cpp/benchmark_app/main.cpp
-- Up-to-date: /home/chaofan/model_benchmark/benchmark/openvino/install/samples/cpp/benchmark_app/remote_tensors_filling.hpp
-- Up-to-date: /home/chaofan/model_benchmark/benchmark/openvino/install/samples/cpp/benchmark_app/README.md
-- Up-to-date: /home/chaofan/model_benchmark/benchmark/openvino/install/samples/cpp/benchmark_app/inputs_filling.hpp
-- Up-to-date: /home/chaofan/model_benchmark/benchmark/openvino/install/samples/cpp/benchmark_app/utils.cpp
-- Up-to-date: /home/chaofan/model_benchmark/benchmark/openvino/install/samples/cpp/benchmark_app/CMakeLists.txt
-- Up-to-date: /home/chaofan/model_benchmark/benchmark/openvino/install/samples/cpp/benchmark_app/benchmark_app.hpp
-- Up-to-date: /home/chaofan/model_benchmark/benchmark/openvino/install/samples/cpp/hello_nv12_input_classification
-- Up-to-date: /home/chaofan/model_benchmark/benchmark/openvino/install/samples/cpp/hello_nv12_input_classification/main.cpp
-- Up-to-date: /home/chaofan/model_benchmark/benchmark/openvino/install/samples/cpp/hello_nv12_input_classification/README.md
-- Up-to-date: /home/chaofan/model_benchmark/benchmark/openvino/install/samples/cpp/hello_nv12_input_classification/CMakeLists.txt
-- Up-to-date: /home/chaofan/model_benchmark/benchmark/openvino/install/samples/cpp/hello_query_device
-- Up-to-date: /home/chaofan/model_benchmark/benchmark/openvino/install/samples/cpp/hello_query_device/main.cpp
-- Up-to-date: /home/chaofan/model_benchmark/benchmark/openvino/install/samples/cpp/hello_query_device/README.md
-- Up-to-date: /home/chaofan/model_benchmark/benchmark/openvino/install/samples/cpp/hello_query_device/CMakeLists.txt
-- Up-to-date: /home/chaofan/model_benchmark/benchmark/openvino/install/samples/cpp/model_creation_sample
-- Up-to-date: /home/chaofan/model_benchmark/benchmark/openvino/install/samples/cpp/model_creation_sample/lenet.labels
-- Up-to-date: /home/chaofan/model_benchmark/benchmark/openvino/install/samples/cpp/model_creation_sample/lenet.bin
-- Up-to-date: /home/chaofan/model_benchmark/benchmark/openvino/install/samples/cpp/model_creation_sample/main.cpp
-- Up-to-date: /home/chaofan/model_benchmark/benchmark/openvino/install/samples/cpp/model_creation_sample/README.md
-- Up-to-date: /home/chaofan/model_benchmark/benchmark/openvino/install/samples/cpp/model_creation_sample/CMakeLists.txt
-- Up-to-date: /home/chaofan/model_benchmark/benchmark/openvino/install/samples/cpp/model_creation_sample/model_creation_sample.hpp
-- Up-to-date: /home/chaofan/model_benchmark/benchmark/openvino/install/samples/cpp/CMakeLists.txt
-- Up-to-date: /home/chaofan/model_benchmark/benchmark/openvino/install/samples/cpp/common
-- Up-to-date: /home/chaofan/model_benchmark/benchmark/openvino/install/samples/cpp/common/format_reader
-- Up-to-date: /home/chaofan/model_benchmark/benchmark/openvino/install/samples/cpp/common/format_reader/src
-- Up-to-date: /home/chaofan/model_benchmark/benchmark/openvino/install/samples/cpp/common/format_reader/src/register.h
-- Up-to-date: /home/chaofan/model_benchmark/benchmark/openvino/install/samples/cpp/common/format_reader/src/npy.h
-- Up-to-date: /home/chaofan/model_benchmark/benchmark/openvino/install/samples/cpp/common/format_reader/src/opencv_wrapper.cpp
-- Up-to-date: /home/chaofan/model_benchmark/benchmark/openvino/install/samples/cpp/common/format_reader/src/MnistUbyte.cpp
-- Up-to-date: /home/chaofan/model_benchmark/benchmark/openvino/install/samples/cpp/common/format_reader/src/yuv_nv12.h
-- Up-to-date: /home/chaofan/model_benchmark/benchmark/openvino/install/samples/cpp/common/format_reader/src/npy.cpp
-- Up-to-date: /home/chaofan/model_benchmark/benchmark/openvino/install/samples/cpp/common/format_reader/src/bmp.cpp
-- Up-to-date: /home/chaofan/model_benchmark/benchmark/openvino/install/samples/cpp/common/format_reader/src/bmp.h
-- Up-to-date: /home/chaofan/model_benchmark/benchmark/openvino/install/samples/cpp/common/format_reader/src/format_reader.cpp
-- Up-to-date: /home/chaofan/model_benchmark/benchmark/openvino/install/samples/cpp/common/format_reader/src/MnistUbyte.h
-- Up-to-date: /home/chaofan/model_benchmark/benchmark/openvino/install/samples/cpp/common/format_reader/src/opencv_wrapper.h
-- Up-to-date: /home/chaofan/model_benchmark/benchmark/openvino/install/samples/cpp/common/format_reader/src/yuv_nv12.cpp
-- Up-to-date: /home/chaofan/model_benchmark/benchmark/openvino/install/samples/cpp/common/format_reader/CMakeLists.txt
-- Up-to-date: /home/chaofan/model_benchmark/benchmark/openvino/install/samples/cpp/common/format_reader/include
-- Up-to-date: /home/chaofan/model_benchmark/benchmark/openvino/install/samples/cpp/common/format_reader/include/format_reader.h
-- Up-to-date: /home/chaofan/model_benchmark/benchmark/openvino/install/samples/cpp/common/format_reader/include/format_reader_ptr.h
-- Up-to-date: /home/chaofan/model_benchmark/benchmark/openvino/install/samples/cpp/common/utils
-- Up-to-date: /home/chaofan/model_benchmark/benchmark/openvino/install/samples/cpp/common/utils/src
-- Up-to-date: /home/chaofan/model_benchmark/benchmark/openvino/install/samples/cpp/common/utils/src/args_helper.cpp
-- Up-to-date: /home/chaofan/model_benchmark/benchmark/openvino/install/samples/cpp/common/utils/src/slog.cpp
-- Up-to-date: /home/chaofan/model_benchmark/benchmark/openvino/install/samples/cpp/common/utils/src/latency_metrics.cpp
-- Up-to-date: /home/chaofan/model_benchmark/benchmark/openvino/install/samples/cpp/common/utils/CMakeLists.txt
-- Up-to-date: /home/chaofan/model_benchmark/benchmark/openvino/install/samples/cpp/common/utils/include
-- Up-to-date: /home/chaofan/model_benchmark/benchmark/openvino/install/samples/cpp/common/utils/include/samples
-- Up-to-date: /home/chaofan/model_benchmark/benchmark/openvino/install/samples/cpp/common/utils/include/samples/os
-- Up-to-date: /home/chaofan/model_benchmark/benchmark/openvino/install/samples/cpp/common/utils/include/samples/os/windows
-- Up-to-date: /home/chaofan/model_benchmark/benchmark/openvino/install/samples/cpp/common/utils/include/samples/os/windows/w_dirent.h
-- Up-to-date: /home/chaofan/model_benchmark/benchmark/openvino/install/samples/cpp/common/utils/include/samples/common.hpp
-- Up-to-date: /home/chaofan/model_benchmark/benchmark/openvino/install/samples/cpp/common/utils/include/samples/args_helper.hpp
-- Up-to-date: /home/chaofan/model_benchmark/benchmark/openvino/install/samples/cpp/common/utils/include/samples/classification_results.h
-- Up-to-date: /home/chaofan/model_benchmark/benchmark/openvino/install/samples/cpp/common/utils/include/samples/slog.hpp
-- Up-to-date: /home/chaofan/model_benchmark/benchmark/openvino/install/samples/cpp/common/utils/include/samples/console_progress.hpp
-- Up-to-date: /home/chaofan/model_benchmark/benchmark/openvino/install/samples/cpp/common/utils/include/samples/csv_dumper.hpp
-- Up-to-date: /home/chaofan/model_benchmark/benchmark/openvino/install/samples/cpp/common/utils/include/samples/latency_metrics.hpp
-- Up-to-date: /home/chaofan/model_benchmark/benchmark/openvino/install/samples/cpp/common/CMakeLists.txt
-- Up-to-date: /home/chaofan/model_benchmark/benchmark/openvino/install/samples/cpp/hello_reshape_ssd
-- Up-to-date: /home/chaofan/model_benchmark/benchmark/openvino/install/samples/cpp/hello_reshape_ssd/main.cpp
-- Up-to-date: /home/chaofan/model_benchmark/benchmark/openvino/install/samples/cpp/hello_reshape_ssd/README.md
-- Up-to-date: /home/chaofan/model_benchmark/benchmark/openvino/install/samples/cpp/hello_reshape_ssd/CMakeLists.txt
-- Up-to-date: /home/chaofan/model_benchmark/benchmark/openvino/install/samples/cpp/benchmark
-- Up-to-date: /home/chaofan/model_benchmark/benchmark/openvino/install/samples/cpp/benchmark/sync_benchmark
-- Up-to-date: /home/chaofan/model_benchmark/benchmark/openvino/install/samples/cpp/benchmark/sync_benchmark/main.cpp
-- Up-to-date: /home/chaofan/model_benchmark/benchmark/openvino/install/samples/cpp/benchmark/sync_benchmark/README.md
-- Up-to-date: /home/chaofan/model_benchmark/benchmark/openvino/install/samples/cpp/benchmark/sync_benchmark/CMakeLists.txt
-- Up-to-date: /home/chaofan/model_benchmark/benchmark/openvino/install/samples/cpp/benchmark/throughput_benchmark
-- Up-to-date: /home/chaofan/model_benchmark/benchmark/openvino/install/samples/cpp/benchmark/throughput_benchmark/main.cpp
-- Up-to-date: /home/chaofan/model_benchmark/benchmark/openvino/install/samples/cpp/benchmark/throughput_benchmark/README.md
-- Up-to-date: /home/chaofan/model_benchmark/benchmark/openvino/install/samples/cpp/benchmark/throughput_benchmark/CMakeLists.txt
-- Up-to-date: /home/chaofan/model_benchmark/benchmark/openvino/install/samples/cpp/benchmark/CMakeLists.txt
-- Up-to-date: /home/chaofan/model_benchmark/benchmark/openvino/install/samples/cpp/build_samples.sh
-- Up-to-date: /home/chaofan/model_benchmark/benchmark/openvino/install/samples/c/build_samples.sh
-- Up-to-date: /home/chaofan/model_benchmark/benchmark/openvino/install/samples/c
-- Up-to-date: /home/chaofan/model_benchmark/benchmark/openvino/install/samples/c/hello_classification
-- Up-to-date: /home/chaofan/model_benchmark/benchmark/openvino/install/samples/c/hello_classification/infer_result_util.h
-- Up-to-date: /home/chaofan/model_benchmark/benchmark/openvino/install/samples/c/hello_classification/main.c
-- Up-to-date: /home/chaofan/model_benchmark/benchmark/openvino/install/samples/c/hello_classification/infer_result_util.c
-- Up-to-date: /home/chaofan/model_benchmark/benchmark/openvino/install/samples/c/hello_classification/README.md
-- Up-to-date: /home/chaofan/model_benchmark/benchmark/openvino/install/samples/c/hello_classification/CMakeLists.txt
-- Up-to-date: /home/chaofan/model_benchmark/benchmark/openvino/install/samples/c/hello_nv12_input_classification
-- Up-to-date: /home/chaofan/model_benchmark/benchmark/openvino/install/samples/c/hello_nv12_input_classification/main.c
-- Up-to-date: /home/chaofan/model_benchmark/benchmark/openvino/install/samples/c/hello_nv12_input_classification/README.md
-- Up-to-date: /home/chaofan/model_benchmark/benchmark/openvino/install/samples/c/hello_nv12_input_classification/CMakeLists.txt
-- Up-to-date: /home/chaofan/model_benchmark/benchmark/openvino/install/samples/c/common
-- Up-to-date: /home/chaofan/model_benchmark/benchmark/openvino/install/samples/c/common/sample_util
-- Up-to-date: /home/chaofan/model_benchmark/benchmark/openvino/install/samples/c/common/sample_util/src
-- Up-to-date: /home/chaofan/model_benchmark/benchmark/openvino/install/samples/c/common/sample_util/src/path_util.c
-- Up-to-date: /home/chaofan/model_benchmark/benchmark/openvino/install/samples/c/common/sample_util/CMakeLists.txt
-- Up-to-date: /home/chaofan/model_benchmark/benchmark/openvino/install/samples/c/common/sample_util/include
-- Up-to-date: /home/chaofan/model_benchmark/benchmark/openvino/install/samples/c/common/sample_util/include/samples_util
-- Up-to-date: /home/chaofan/model_benchmark/benchmark/openvino/install/samples/c/common/sample_util/include/samples_util/path_util.h
-- Up-to-date: /home/chaofan/model_benchmark/benchmark/openvino/install/samples/c/common/opencv_c_wrapper
-- Up-to-date: /home/chaofan/model_benchmark/benchmark/openvino/install/samples/c/common/opencv_c_wrapper/src
-- Up-to-date: /home/chaofan/model_benchmark/benchmark/openvino/install/samples/c/common/opencv_c_wrapper/src/bmp_reader.c
-- Up-to-date: /home/chaofan/model_benchmark/benchmark/openvino/install/samples/c/common/opencv_c_wrapper/src/opencv_c_wrapper.cpp
-- Up-to-date: /home/chaofan/model_benchmark/benchmark/openvino/install/samples/c/common/opencv_c_wrapper/src/bmp_reader.h
-- Up-to-date: /home/chaofan/model_benchmark/benchmark/openvino/install/samples/c/common/opencv_c_wrapper/CMakeLists.txt
-- Up-to-date: /home/chaofan/model_benchmark/benchmark/openvino/install/samples/c/common/opencv_c_wrapper/include
-- Up-to-date: /home/chaofan/model_benchmark/benchmark/openvino/install/samples/c/common/opencv_c_wrapper/include/opencv_c_wrapper.h
-- Up-to-date: /home/chaofan/model_benchmark/benchmark/openvino/install/samples/c/common/CMakeLists.txt
-- Up-to-date: /home/chaofan/model_benchmark/benchmark/openvino/install/samples/c/CMakeLists.txt
-- Up-to-date: /home/chaofan/model_benchmark/benchmark/openvino/install/samples/python
-- Up-to-date: /home/chaofan/model_benchmark/benchmark/openvino/install/samples/python/classification_sample_async
-- Up-to-date: /home/chaofan/model_benchmark/benchmark/openvino/install/samples/python/classification_sample_async/classification_sample_async.py
-- Up-to-date: /home/chaofan/model_benchmark/benchmark/openvino/install/samples/python/classification_sample_async/requirements.txt
-- Up-to-date: /home/chaofan/model_benchmark/benchmark/openvino/install/samples/python/classification_sample_async/README.md
-- Up-to-date: /home/chaofan/model_benchmark/benchmark/openvino/install/samples/python/hello_classification
-- Up-to-date: /home/chaofan/model_benchmark/benchmark/openvino/install/samples/python/hello_classification/hello_classification.py
-- Up-to-date: /home/chaofan/model_benchmark/benchmark/openvino/install/samples/python/hello_classification/requirements.txt
-- Up-to-date: /home/chaofan/model_benchmark/benchmark/openvino/install/samples/python/hello_classification/README.md
-- Up-to-date: /home/chaofan/model_benchmark/benchmark/openvino/install/samples/python/setup.cfg
-- Up-to-date: /home/chaofan/model_benchmark/benchmark/openvino/install/samples/python/hello_query_device
-- Up-to-date: /home/chaofan/model_benchmark/benchmark/openvino/install/samples/python/hello_query_device/README.md
-- Up-to-date: /home/chaofan/model_benchmark/benchmark/openvino/install/samples/python/hello_query_device/hello_query_device.py
-- Up-to-date: /home/chaofan/model_benchmark/benchmark/openvino/install/samples/python/model_creation_sample
-- Up-to-date: /home/chaofan/model_benchmark/benchmark/openvino/install/samples/python/model_creation_sample/lenet.bin
-- Up-to-date: /home/chaofan/model_benchmark/benchmark/openvino/install/samples/python/model_creation_sample/model_creation_sample.py
-- Up-to-date: /home/chaofan/model_benchmark/benchmark/openvino/install/samples/python/model_creation_sample/data.py
-- Up-to-date: /home/chaofan/model_benchmark/benchmark/openvino/install/samples/python/model_creation_sample/README.md
-- Up-to-date: /home/chaofan/model_benchmark/benchmark/openvino/install/samples/python/hello_reshape_ssd
-- Up-to-date: /home/chaofan/model_benchmark/benchmark/openvino/install/samples/python/hello_reshape_ssd/requirements.txt
-- Up-to-date: /home/chaofan/model_benchmark/benchmark/openvino/install/samples/python/hello_reshape_ssd/README.md
-- Up-to-date: /home/chaofan/model_benchmark/benchmark/openvino/install/samples/python/hello_reshape_ssd/hello_reshape_ssd.py
-- Up-to-date: /home/chaofan/model_benchmark/benchmark/openvino/install/samples/python/benchmark
-- Up-to-date: /home/chaofan/model_benchmark/benchmark/openvino/install/samples/python/benchmark/sync_benchmark
-- Up-to-date: /home/chaofan/model_benchmark/benchmark/openvino/install/samples/python/benchmark/sync_benchmark/README.md
-- Up-to-date: /home/chaofan/model_benchmark/benchmark/openvino/install/samples/python/benchmark/sync_benchmark/sync_benchmark.py
-- Up-to-date: /home/chaofan/model_benchmark/benchmark/openvino/install/samples/python/benchmark/throughput_benchmark
-- Up-to-date: /home/chaofan/model_benchmark/benchmark/openvino/install/samples/python/benchmark/throughput_benchmark/throughput_benchmark.py
-- Up-to-date: /home/chaofan/model_benchmark/benchmark/openvino/install/samples/python/benchmark/throughput_benchmark/README.md
-- Up-to-date: /home/chaofan/model_benchmark/benchmark/openvino/install/samples/python/benchmark/bert_benchmark
-- Up-to-date: /home/chaofan/model_benchmark/benchmark/openvino/install/samples/python/benchmark/bert_benchmark/bert_benchmark.py
-- Up-to-date: /home/chaofan/model_benchmark/benchmark/openvino/install/samples/python/benchmark/bert_benchmark/requirements.txt
-- Up-to-date: /home/chaofan/model_benchmark/benchmark/openvino/install/samples/python/benchmark/bert_benchmark/README.md
-- Up-to-date: /home/chaofan/model_benchmark/benchmark/openvino/install/./setupvars.sh
-- Up-to-date: /home/chaofan/model_benchmark/benchmark/openvino/install/install_dependencies/install_openvino_dependencies.sh
-- Up-to-date: /home/chaofan/model_benchmark/benchmark/openvino/install/licenses
-- Up-to-date: /home/chaofan/model_benchmark/benchmark/openvino/install/licenses/onetbb_third-party-programs.txt
-- Up-to-date: /home/chaofan/model_benchmark/benchmark/openvino/install/licenses/runtime-third-party-programs.txt
-- Up-to-date: /home/chaofan/model_benchmark/benchmark/openvino/install/licenses/onednn_third-party-programs.txt
7f740b012d8b6c9d0bd94d17ad5872c8943a101a21a2551bd2b4cff415d6e778  /home/chaofan/model_benchmark/benchmark/openvino/qwen3.5_patch/results_1k512_highround_rerun_20260824/plugins/pa_opt3_opt4_opt5_opt6_opt7.so
